-- phpMyAdmin SQL Dump
-- version 4.8.5
-- https://www.phpmyadmin.net/
--
-- Host: 127.0.0.1
-- Generation Time: May 30, 2019 at 02:02 AM
-- Server version: 10.1.40-MariaDB
-- PHP Version: 7.3.5

SET SQL_MODE = "NO_AUTO_VALUE_ON_ZERO";
SET AUTOCOMMIT = 0;
START TRANSACTION;
SET time_zone = "+00:00";


/*!40101 SET @OLD_CHARACTER_SET_CLIENT=@@CHARACTER_SET_CLIENT */;
/*!40101 SET @OLD_CHARACTER_SET_RESULTS=@@CHARACTER_SET_RESULTS */;
/*!40101 SET @OLD_COLLATION_CONNECTION=@@COLLATION_CONNECTION */;
/*!40101 SET NAMES utf8mb4 */;

--
-- Database: `concert`
--

-- --------------------------------------------------------

--
-- Table structure for table `admin`
--

CREATE TABLE `admin` (
  `Username` varchar(100) NOT NULL,
  `Password` varchar(100) NOT NULL
) ENGINE=InnoDB DEFAULT CHARSET=utf8;

--
-- Dumping data for table `admin`
--

INSERT INTO `admin` (`Username`, `Password`) VALUES
('as', '1'),
('pleum', '1234');

-- --------------------------------------------------------

--
-- Table structure for table `artist`
--

CREATE TABLE `artist` (
  `Artist_ID` int(10) NOT NULL,
  `Artist_Name` varchar(64) NOT NULL,
  `Artist_Detail` text NOT NULL,
  `Artist_Image` varchar(10000) NOT NULL,
  `Record_Label_ID` int(10) DEFAULT NULL
) ENGINE=InnoDB DEFAULT CHARSET=utf8;

--
-- Dumping data for table `artist`
--

INSERT INTO `artist` (`Artist_ID`, `Artist_Name`, `Artist_Detail`, `Artist_Image`, `Record_Label_ID`) VALUES
(7, 'Ed Sheeran', 'Edward Christopher Sheeran, MBE (/ˈʃɪərən/; born 17 February 1991) is an English singer-songwriter, guitarist, record producer, and actor. He attended the Academy of Contemporary Music in Guildford as an undergraduate from the age of 18 in 2009. In early 2011, Sheeran independently released the extended play, No. 5 Collaborations Project. After signing with Asylum Records, his debut album, + (pronounced \"plus\"), was released in September 2011. It topped the UK and Australian charts, reached number five in the US, and has since been certified seven-times platinum in the UK. ', 'https://upload.wikimedia.org/wikipedia/commons/thumb/5/55/Ed_Sheeran_2013.jpg/800px-Ed_Sheeran_2013.jpg ', 3),
(8, 'The Toys', 'The TOYS (ทอย) Artist at Whattheduck Contacts for work : 089-638-8249', 'https://thestandard.co/wp-content/uploads/2019/02/The-TOYS-1st-Concert-Live-in-Seoul_cover_.jpg ', 7),
(9, 'Blackpink', 'Blackpink (Hangul: 블랙핑크; stylized as BLACKPINK or BLΛƆKPIИK) is a South Korean girl group formed by YG Entertainment, consisting of members Jisoo, Jennie, Rosé and Lisa. The group debuted on August 8, 2016, with their single album Square One, which spawned \"Whistle\", their first number-one song in South Korea, as well as \"Boombayah\", their first number-one hit on the Billboard World Digital Songs chart, which set the record as the most-viewed debut music video by a Korean act.[citation needed] With the group\'s early commercial success, they were hailed as the New Artist of the Year at the 31st Golden Disc Awards and the 26th Seoul Music Awards.', 'https://upload.wikimedia.org/wikipedia/commons/thumb/6/65/20190106_%28NEWSEN%29_%EB%B8%94%EB%9E%99%ED%95%91%ED%81%AC%28BLACKPINK%29%2C_%EC%88%98%EC%A4%8D%EC%9D%80_%EB%A7%8E%EC%9D%80_%EC%86%8C%EB%85%80%EC%A7%80%EB%A7%8C_%EB%8F%8B%EB%B3%B4%EC%9D%B4%EB%8A%94_%EC%95%84%EB%A6%84%EB%8B%A4%EC%9A%B4_%EB%AF%B8%EB%AA%A8_%28Golden_Disc_Awards_2019%29_%282%29.jpg/450px-20190106_%28NEWSEN%29_%EB%B8%94%EB%9E%99%ED%95%91%ED%81%AC%28BLACKPINK%29%2C_%EC%88%98%EC%A4%8D%EC%9D%80_%EB%A7%8E%EC%9D%80_%EC%86%8C%EB%85%80%EC%A7%80%EB%A7%8C_%EB%8F%8B%EB%B3%B4%EC%9D%B4%EB%8A%94_%EC%95%84%EB%A6%84%EB%8B%A4%EC%9A%B4_%EB%AF%B8%EB%AA%A8_%28Golden_Disc_Awards_2019%29_%282%29.jpg', 4),
(10, 'Bodyslam', 'Bodyslam was originally called La - On (Northern Thai: ละอ่อน) which means kids or younger people, inspired by the name of freshman orientations at Suankularb Wittayalai School, the elementary school the band (the initial \"La-on\")\'s members attended. In 1996, the band entered a band competition for high school students called \"Hot Wave Music Awards\" and won the first prize, beating nearly a hundred of other bands. La-on quickly signed a record deal with record company Music Bugs, and released a self-titled pop-rock album in 1997. \"Dai Rue Plao\" (ได้หรือเปล่า) became their most recognized song. The band members portrayed roles of themselves in the lakorn (Thai TV series) Thep Niyai Nai Sano (เทพนิยายนายเสนาะ) and later released the series\' soundtrack in that same year.', 'https://lastfm-img2.akamaized.net/i/u/ar0/3bda1076bee2405fb7c73a1ae46f7e89.jpg', 7),
(11, 'Room 39', 'รูม 39 (ROOM39) เป็นกลุ่มดนตรีในสังกัดเลิฟอีส ประกอบด้วยสมาชิกคือ ทอม-อิศรา กิจนิตย์ชีว์ มน-ชุติมน วิจิตรทฤษฎี และ โอ-โอฬาร ชูใจ รวมตัวกันที่ร้านอาหารชื่อ \"เครื่องเทศ\" ในลอสแอนเจลิส สหรัฐอเมริกา ซึ่งภพธร สุนทรญาณกิจ ได้แสดงดนตรีที่ร้านนี้ด้วยเช่นกัน หลังจากนั้นพวกเขาได้ทดลองนำเพลงผู้อื่นมาร้อง และลงวิดีโอในเว็บไซต์ยูทูบ จนบอย โกสิยพงษ์ นักแต่งเพลงได้เห็นผลงานของพวกเขาผ่านยูทูป จึงได้ติดต่อมาทำอัลบั้มร่วมกัน[2] ชื่อวง รูม 39 มาจากหมายเลขห้องในอพาร์ตเมนต์ที่พวกเขาเริ่มทำงานด้วยกัน', 'http://p1.isanook.com/jo/0/ud/13/67053/20329_002.jpg', 5),
(12, 'Taylor Swift', 'Taylor Alison Swift (born December 13, 1989) is an American singer-songwriter. As one of the world\'s leading contemporary recording artists, she is known for narrative songs about her personal life, which have received widespread media coverage.', 'https://upload.wikimedia.org/wikipedia/commons/thumb/4/49/Taylor_Swift_2_-_2019_by_Glenn_Francis.jpg/220px-Taylor_Swift_2_-_2019_by_Glenn_Francis.jpg', 3),
(13, 'Shawn Mendes', 'Shawn Peter Raul Mendes (/ˈmɛndɛz/; born August 8, 1998) is a Canadian singer, songwriter, and model.[1] He gained a following in 2013, posting song covers on the video-sharing application Vine. The following year, he caught the attention of artist manager Andrew Gertler and Island Records A&R Ziggy Chareton, which led to him signing a deal with the record label. He has since released three studio albums, headlined three world tours, and received several awards.', 'https://upload.wikimedia.org/wikipedia/commons/thumb/b/b4/Shawn_Mendes_at_The_Queen%27s_Birthday_Party_%28cropped_2%29.jpg/330px-Shawn_Mendes_at_The_Queen%27s_Birthday_Party_%28cropped_2%29.jpg', 4),
(14, 'Potato', 'Potato was formed by Peechanit Oan-Aari (Pee), Nantakrai Cham-Jaiharn (Note), Oranuch Tangdechavut (Nuch), and Suwatin Watthanawitukun (Bom). Potato\'s original vocalist was Peechanit Oan-Aari (Pee), but he died on 3 October 2002. This led to the band\'s dissolution, but Potato reunited in 2003. Since 2008, Potato has a new drummer named Kan Uamsupan (Kan) instead of Suwatin Watthanawitukun (Bom), who left the group after recording the \"Sense\" album. He still makes occasional appearances with the band. Potato\'s lineup then included Patchai \"Pup\" Pukdesusook (vocals), Piywawat \"Ohm\" Anukul (bass), and Kan Uamsupan (drums).', 'https://i.ytimg.com/vi/YoeKphOwnjs/maxresdefault.jpg', 7),
(15, 'Bigass', 'Bigass  the band entered a band competition for high school students called \"Hot Wave Music Awards\" and won the first prize, beating nearly a hundred of other bands. La-on quickly signed a record deal with record company Music Bugs, and released a self-titled pop-rock album in 1997. \"Dai Rue Plao\" (ได้หรือเปล่า) became their most recognized song. ', 'https://pbs.twimg.com/profile_images/690467613516898304/OmNfz1bv_400x400.jpg ', 3),
(16, 'Rihanna', 'Robyn Rihanna Fenty (/riˈænə/; born February 20, 1988)[3] is a Barbadian singer, businesswoman and actress. Regarded as a pop icon and one of the most influential contemporary recording artists, Rihanna is known for embracing versatile musical styles and reinventing her image throughout her career.', 'https://upload.wikimedia.org/wikipedia/commons/thumb/c/c2/Rihanna_Fenty_2018.png/330px-Rihanna_Fenty_2018.png', 4),
(17, 'Sek LOSO', 'Sek LOSO South Korean girl group formed by YG Entertainment, consisting of members Jisoo, Jennie, Rosé and Lisa. The group debuted on August 8, 2016, with their single album Square One, which spawned \"Whistle\"', 'https://www.mangozero.com/wp-content/uploads/2018/01/sek-loso-way-11.jpg', 5),
(18, 'One direction', 'One Direction are an English-Irish pop boy band based in London, composed of Niall Horan, Liam Payne, Harry Styles, and Louis Tomlinson; former member Zayn Malik departed from the group in 2015. The group signed with Simon Cowell\'s record label Syco Records after forming and finishing third in the seventh series of the British televised singing competition The X Factor in 2010. Propelled to international success by social media, One Direction\'s five albums, Up All Night (2011), Take Me Home (2012), Midnight Memories (2013), Four (2014), and Made in the A.M. (2015), topped charts in most major markets, and generated hit singles including \"What Makes You Beautiful\", \"Live While We\'re Young\", \"Best Song Ever\", \"Story of My Life\" and \"Drag Me Down\".', 'https://cdn.smehost.net/onedirectionmusiccom-ukprod/assets/gfx/hero-new-square-med.jpg', 3);

-- --------------------------------------------------------

--
-- Table structure for table `booked_seat`
--

CREATE TABLE `booked_seat` (
  `Booking_ID` int(10) NOT NULL,
  `Seat_ID` int(10) NOT NULL,
  `Concert_ShowTime_ID` int(10) NOT NULL,
  `Booked_Seat_ID` int(10) NOT NULL
) ENGINE=InnoDB DEFAULT CHARSET=utf8;

--
-- Dumping data for table `booked_seat`
--

INSERT INTO `booked_seat` (`Booking_ID`, `Seat_ID`, `Concert_ShowTime_ID`, `Booked_Seat_ID`) VALUES
(85, 2910, 29, 91),
(85, 2911, 29, 92),
(85, 2912, 29, 93),
(85, 2913, 29, 94),
(86, 2914, 29, 95),
(86, 2915, 29, 96),
(86, 2916, 29, 97),
(86, 2917, 29, 98),
(87, 11555, 24, 99),
(87, 11556, 24, 100),
(87, 11557, 24, 101),
(87, 11558, 24, 102),
(87, 11563, 24, 103),
(87, 11584, 24, 104),
(87, 11608, 24, 105),
(87, 11635, 24, 106),
(87, 11656, 24, 107),
(87, 11706, 24, 108),
(88, 7174, 25, 109),
(88, 7175, 25, 110),
(89, 4121, 29, 111),
(89, 4122, 29, 112),
(89, 4123, 29, 113),
(89, 4124, 29, 114),
(89, 4125, 29, 115),
(89, 4126, 29, 116),
(89, 4127, 29, 117),
(89, 4128, 29, 118),
(89, 4129, 29, 119),
(89, 4145, 29, 120),
(89, 4146, 29, 121),
(89, 4147, 29, 122),
(89, 4148, 29, 123),
(89, 4149, 29, 124),
(89, 4150, 29, 125),
(89, 4151, 29, 126),
(89, 4152, 29, 127),
(89, 4153, 29, 128),
(89, 4169, 29, 129),
(89, 4170, 29, 130),
(89, 4171, 29, 131),
(89, 4172, 29, 132),
(89, 4173, 29, 133),
(89, 4174, 29, 134),
(89, 4175, 29, 135),
(89, 4176, 29, 136),
(89, 4193, 29, 137),
(89, 4194, 29, 138),
(89, 4195, 29, 139),
(89, 4196, 29, 140),
(89, 4197, 29, 141),
(89, 4198, 29, 142),
(89, 4199, 29, 143),
(90, 9302, 24, 144),
(90, 9303, 24, 145),
(90, 9304, 24, 146),
(90, 9305, 24, 147),
(91, 9306, 24, 148),
(91, 9307, 24, 149),
(91, 9308, 24, 150),
(91, 9309, 24, 151),
(92, 4240, 29, 152),
(92, 4241, 29, 153),
(92, 4242, 29, 154),
(92, 4243, 29, 155),
(92, 4244, 29, 156),
(92, 4264, 29, 157),
(92, 4265, 29, 158),
(92, 4266, 29, 159),
(92, 4267, 29, 160),
(92, 4268, 29, 161),
(93, 8057, 25, 162),
(93, 8058, 25, 163),
(93, 8059, 25, 164),
(93, 8060, 25, 165),
(93, 8061, 25, 166),
(93, 8062, 25, 167),
(93, 8081, 25, 168),
(93, 8082, 25, 169),
(93, 8083, 25, 170),
(93, 8084, 25, 171),
(93, 8085, 25, 172),
(93, 8086, 25, 173),
(94, 4089, 29, 174),
(94, 4113, 29, 175),
(94, 4136, 29, 176),
(94, 4137, 29, 177),
(94, 4157, 29, 178),
(94, 4160, 29, 179),
(94, 4161, 29, 180),
(94, 4184, 29, 181),
(94, 4231, 29, 182),
(95, 9310, 24, 183),
(95, 9311, 24, 184),
(95, 9312, 24, 185),
(95, 9313, 24, 186),
(96, 7176, 25, 187),
(96, 7177, 25, 188),
(96, 7178, 25, 189),
(96, 7179, 25, 190),
(97, 5201, 29, 191),
(97, 5202, 29, 192),
(97, 5203, 29, 193),
(97, 5204, 29, 194),
(97, 5205, 29, 195),
(97, 5225, 29, 196),
(97, 5226, 29, 197),
(97, 5227, 29, 198),
(97, 5228, 29, 199),
(97, 5229, 29, 200),
(97, 5249, 29, 201),
(97, 5250, 29, 202),
(97, 5251, 29, 203),
(98, 9222, 24, 204),
(98, 9223, 24, 205),
(98, 9224, 24, 206),
(98, 9225, 24, 207),
(99, 7180, 25, 208),
(99, 7181, 25, 209);

-- --------------------------------------------------------

--
-- Table structure for table `booking`
--

CREATE TABLE `booking` (
  `Booking_ID` int(10) NOT NULL,
  `Member_Username` varchar(64) NOT NULL,
  `Concert_ShowTime_ID` int(10) NOT NULL,
  `Booking_DateTime` datetime NOT NULL,
  `Booking_Quantity` int(4) NOT NULL,
  `Ticket_Receiving_ID` int(10) NOT NULL,
  `Payment_ID` int(10) NOT NULL,
  `Booking_Total_Price` float NOT NULL,
  `Promotion_ID` int(10) DEFAULT NULL
) ENGINE=InnoDB DEFAULT CHARSET=utf8;

--
-- Dumping data for table `booking`
--

INSERT INTO `booking` (`Booking_ID`, `Member_Username`, `Concert_ShowTime_ID`, `Booking_DateTime`, `Booking_Quantity`, `Ticket_Receiving_ID`, `Payment_ID`, `Booking_Total_Price`, `Promotion_ID`) VALUES
(85, 'Pong', 29, '2019-05-30 03:57:51', 4, 1, 1, 22200, 11),
(86, 'gold', 29, '2019-05-30 05:43:24', 4, 1, 1, 22200, 11),
(87, 'Pong', 24, '2019-05-30 05:45:01', 10, 1, 1, 50600, NULL),
(88, 'Pong', 25, '2019-05-30 05:45:23', 2, 1, 1, 9600, NULL),
(89, 'AS', 29, '2019-05-30 05:46:45', 33, 1, 1, 193650, 11),
(90, 'AS', 24, '2019-05-30 05:47:11', 4, 1, 1, 24600, NULL),
(91, 'AS', 24, '2019-05-30 05:47:11', 4, 1, 1, 24600, NULL),
(92, 'Jui', 29, '2019-05-30 05:48:17', 10, 1, 1, 59100, 11),
(93, 'Jui', 25, '2019-05-30 05:48:35', 12, 1, 1, 54600, NULL),
(94, 'ms', 29, '2019-05-30 05:49:46', 9, 1, 1, 53250, 11),
(95, 'ms', 24, '2019-05-30 05:50:12', 4, 1, 1, 24600, NULL),
(96, 'ms', 25, '2019-05-30 05:50:29', 4, 1, 1, 18600, NULL),
(97, 'pond', 29, '2019-05-30 05:52:30', 13, 1, 1, 76650, 11),
(98, 'pond', 24, '2019-05-30 05:52:52', 4, 1, 1, 24600, NULL),
(99, 'pond', 25, '2019-05-30 05:53:10', 2, 1, 1, 9600, NULL);

-- --------------------------------------------------------

--
-- Table structure for table `concert`
--

CREATE TABLE `concert` (
  `Concert_ID` int(10) NOT NULL,
  `Concert_Name` varchar(128) NOT NULL,
  `Concert_Sales_Date` date NOT NULL,
  `Concert_Sales_Time` time NOT NULL,
  `Concert_Detail` text NOT NULL,
  `Concert_Poster` varchar(1024) NOT NULL,
  `Venue_ID` int(10) NOT NULL
) ENGINE=InnoDB DEFAULT CHARSET=utf8;

--
-- Dumping data for table `concert`
--

INSERT INTO `concert` (`Concert_ID`, `Concert_Name`, `Concert_Sales_Date`, `Concert_Sales_Time`, `Concert_Detail`, `Concert_Poster`, `Venue_ID`) VALUES
(2, 'Tiger World Tour', '2019-05-30', '00:00:00', '', 'https://www.balisafarimarinepark.com/wp-content/uploads/2017/11/19437535_10154869044788931_4755399083724169206_n-671.jpg', 2),
(29, 'Bodyslam live in bkk', '2019-05-29', '06:50:00', 'wonderful concert', 'http://www.genie-records.com/home/wp-content/uploads/2016/04/poster-b13-dvd-concert.jpg', 9),
(30, 'Taylor in BKK', '2019-06-01', '09:54:00', 'Live in BKK', 'http://www.thaiticketmajor.com/concert/images/taylor-swift-singapore-2014/poster.jpg', 8),
(31, 'Sek LOSO world tour', '2019-05-16', '06:57:00', 'Sek LOSO!!!', 'http://www.mangpong.co.th/ProductImage/product/023138.jpg', 17),
(32, 'Rihanna world tour', '2019-06-20', '03:00:00', 'Rihanna world tour!!!', 'https://encrypted-tbn0.gstatic.com/images?q=tbn:ANd9GcT7BHeWMwn1tiXBzkeLUExIQIVTFn7r8TNvLsaRWHzDP17TNFZK', 16),
(33, 'Room 39 in BKK', '2019-05-22', '06:09:00', 'Room 39 in BKK!!!!', 'https://p-u.popcdn.net/attachments/images/000/009/200/large/Room39_2048_2048px-01.jpg?1525428939', 2),
(34, 'Maroon 5 world tour', '2019-05-29', '03:12:00', '', 'https://m.thaiticketmajor.com/img_poster/prefix_1/1604/4604/maroon5-red-pill-blues-world-tour-2019-5c512a8e92962-l.jpg', 9),
(35, 'The Toys in KMUTT', '2019-05-29', '06:14:00', 'The Toys in KMUTT!!!', 'https://mpics.mgronline.com/pics/Images/561000000735901.JPEG', 5),
(36, 'Twice world concert', '2019-06-01', '07:19:00', 'Twice world concert!!!', 'https://pbs.twimg.com/media/D4xCfUiWwAAuqxr.jpg:orig', 3),
(37, 'Ed Sheeran World Tour', '2019-06-05', '07:22:00', 'Ed Sheeran World Tour!!', 'https://is5-ssl.mzstatic.com/image/thumb/Music122/v4/9a/35/95/9a3595c7-c675-fd74-352f-44e3638ac123/190295851286.jpg/600x600bf.png', 2),
(38, 'Shawn World Tour', '2019-06-02', '11:24:00', '', 'https://m.thaiticketmajor.com/img_poster/prefix_1/0841/3841/illuminate-world-tour-2017-5b61871039c96-l.jpg', 14),
(39, 'Blackpink World Tour', '2019-05-29', '06:27:00', 'The long awaited world tour for BLACKPINK is finally happening and so many fans could not wait for the girls to come to their country.\r\n\r\nBy now, everyone would have known who BLACKPINK is and they are a 4 member group from YG Entertainment. Ever since their debut, they have hit tracks such as ‘Boombayah’, ‘Playing With Fire’, ‘DDU-DU DDU-DU’, ‘Forever Young’ and many more.\r\n\r\nMake sure to mark the date down on your calendar when they visit your country!', 'https://m.thaiticketmajor.com/img_poster/prefix_1/1642/4642/blackpink-2019-world-tour-5bfe05ddc500b-l.jpg', 4),
(40, 'Aomsin in bkk', '2019-05-01', '07:47:00', 'sxassx', 'https://image.shutterstock.com/z/stock-vector-hard-rock-world-tour-667929469.jpg', 17),
(41, 'Aomsin in bkk2', '2019-05-10', '06:50:00', 'asas', 'https://m.thaiticketmajor.com/img_poster/prefix_1/1642/4642/blackpink-2019-world-tour-5bfe05ddc500b-l.jpg', 16),
(42, 'Aomsin in bkk3', '2019-05-01', '05:51:00', 'wadwsaw', 'https://m.thaiticketmajor.com/img_poster/prefix_1/1642/4642/blackpink-2019-world-tour-5bfe05ddc500b-l.jpg', 15),
(43, 'Blackpink World Tour0.5', '2019-04-03', '06:52:00', 'xdas', 'https://m.thaiticketmajor.com/img_poster/prefix_1/1642/4642/blackpink-2019-world-tour-5bfe05ddc500b-l.jpg', 8),
(44, 'Aomsin in bkk4', '2019-03-12', '06:54:00', 'sxawdx', 'https://m.thaiticketmajor.com/img_poster/prefix_1/1642/4642/blackpink-2019-world-tour-5bfe05ddc500b-l.jpg', 11),
(45, 'Aomsin in bkk5', '2019-02-11', '06:55:00', 'imp', 'https://m.thaiticketmajor.com/img_poster/prefix_1/1642/4642/blackpink-2019-world-tour-5bfe05ddc500b-l.jpg', 2);

-- --------------------------------------------------------

--
-- Table structure for table `concert_artist`
--

CREATE TABLE `concert_artist` (
  `Concert_Artist_ID` int(10) NOT NULL,
  `Artist_ID` int(10) NOT NULL,
  `Concert_ID` int(10) NOT NULL
) ENGINE=InnoDB DEFAULT CHARSET=utf8;

--
-- Dumping data for table `concert_artist`
--

INSERT INTO `concert_artist` (`Concert_Artist_ID`, `Artist_ID`, `Concert_ID`) VALUES
(2, 2, 2),
(3, 1, 3),
(4, 1, 9),
(5, 2, 9),
(6, 1, 2),
(7, 2, 2),
(8, 2, 16),
(9, 1, 16),
(10, 9, 39),
(11, 10, 29),
(12, 8, 35),
(13, 10, 29),
(16, 10, 35),
(17, 11, 35),
(18, 10, 40),
(19, 11, 40),
(20, 11, 41),
(21, 9, 41),
(22, 17, 41),
(23, 11, 42),
(24, 9, 42),
(25, 11, 43),
(26, 9, 43),
(27, 11, 44),
(28, 17, 44),
(29, 8, 44),
(30, 18, 44),
(31, 11, 45),
(32, 10, 45),
(33, 8, 45);

-- --------------------------------------------------------

--
-- Table structure for table `concert_showtime`
--

CREATE TABLE `concert_showtime` (
  `Concert_ShowTime_ID` int(10) NOT NULL,
  `Concert_ShowDate` date NOT NULL,
  `Concert_ShowTime` time NOT NULL,
  `Concert_ShowTime_Plan` varchar(1024) NOT NULL,
  `Concert_ID` int(10) NOT NULL
) ENGINE=InnoDB DEFAULT CHARSET=utf8;

--
-- Dumping data for table `concert_showtime`
--

INSERT INTO `concert_showtime` (`Concert_ShowTime_ID`, `Concert_ShowDate`, `Concert_ShowTime`, `Concert_ShowTime_Plan`, `Concert_ID`) VALUES
(17, '2019-12-15', '18:32:00', 'http://upic.me/i/ox/snsdseat.jpg', 2),
(18, '2019-06-20', '12:32:00', 'https://macpiepro.com/templated_files-bp/images/event_page/BlackPink/Website-floor-plan_restricted-zone_1601px-x-1601px_3dec.jpg', 28),
(20, '2019-06-30', '17:32:00', 'https://i0.wp.com/selebritionline.com/wp-content/uploads/2014/05/SEAT-PLAN_CNBLUE.jpg?resize=563%2C338', 30),
(21, '2019-12-01', '00:00:18', 'https://encrypted-tbn0.gstatic.com/images?q=tbn:ANd9GcTYRTAGaHTtyLGm3c0gQLZyToNxECboeKOTD39_UE0EkySnlEyv', 31),
(22, '2019-10-20', '15:00:15', 'http://1.bp.blogspot.com/-c6LqfJH7r8E/UFLNiK0newI/AAAAAAAAAmM/5bKF7oQ3e4g/s640/seat_wondergirls.jpg', 32),
(23, '2019-07-01', '00:00:19', 'http://upic.me/i/ox/snsdseat.jpg', 33),
(24, '2019-06-05', '22:00:00', 'http://www.thaiticketmajor.com/concert/images/the-star8/seating.gif', 34),
(25, '2019-06-15', '20:00:00', 'http://upic.me/i/ox/snsdseat.jpg', 35),
(26, '2019-08-01', '00:00:18', 'http://upic.me/i/ox/snsdseat.jpg', 36),
(27, '2019-06-22', '00:00:22', 'http://upic.me/i/ox/snsdseat.jpg', 37),
(28, '2019-07-05', '00:00:16', 'http://upic.me/i/ox/snsdseat.jpg', 38),
(29, '2019-06-10', '18:00:00', 'https://m.thaiticketmajor.com/img_seat/prefix_1/2385/2385/2385-5c00c855bf599-s.gif', 39),
(31, '2019-05-20', '18:00:00', 'http://upic.me/i/ox/snsdseat.jpg', 40),
(32, '2019-05-11', '18:32:00', 'https://macpiepro.com/templated_files-bp/images/event_page/BlackPink/Website-floor-plan_restricted-zone_1601px-x-1601px_3dec.jpg', 41),
(33, '2019-05-12', '17:32:00', 'https://i0.wp.com/selebritionline.com/wp-content/uploads/2014/05/SEAT-PLAN_CNBLUE.jpg?resize=563%2C338', 42),
(34, '2019-05-01', '17:32:00', 'http://upic.me/i/ox/snsdseat.jpg', 43),
(35, '2019-05-13', '18:00:00', 'https://encrypted-tbn0.gstatic.com/images?q=tbn:ANd9GcTYRTAGaHTtyLGm3c0gQLZyToNxECboeKOTD39_UE0EkySnlEyv', 44),
(36, '2019-05-14', '00:00:18', 'https://i0.wp.com/selebritionline.com/wp-content/uploads/2014/05/SEAT-PLAN_CNBLUE.jpg?resize=563%2C338', 45);

-- --------------------------------------------------------

--
-- Table structure for table `member`
--

CREATE TABLE `member` (
  `Member_Username` varchar(64) NOT NULL,
  `Member_Password` varchar(64) NOT NULL,
  `Member_Name` varchar(64) NOT NULL,
  `Member_Gender` char(1) NOT NULL,
  `Member_DOB` date NOT NULL,
  `Member_EmailAddress` varchar(64) NOT NULL,
  `Member_Address` varchar(256) NOT NULL,
  `Member_PhoneNumber` varchar(15) NOT NULL,
  `MemberType_ID` int(10) NOT NULL
) ENGINE=InnoDB DEFAULT CHARSET=utf8;

--
-- Dumping data for table `member`
--

INSERT INTO `member` (`Member_Username`, `Member_Password`, `Member_Name`, `Member_Gender`, `Member_DOB`, `Member_EmailAddress`, `Member_Address`, `Member_PhoneNumber`, `MemberType_ID`) VALUES
('', '', '', 'f', '2019-05-29', '', '', '', 1),
('60070503411', '21313', 'Comcamp30', 't', '0000-00-00', 'male', 'ascsad', '213123', 1),
('AS', '1234', 'Aomsin', 'm', '2009-10-29', 'asd@sd', 'qwqw', '0816523625', 1),
('gold', '12334', 'gold', 'f', '2010-02-16', 'bb@gmail.com', 'qwqwq', '0256221452', 3),
('Jui', '1234', 'Jui', 'm', '2009-07-16', 'Jui@aa', 'wqdwq', '08665165165', 1),
('ms', '1234', 'ms', 'f', '2019-05-15', 'ms@jaaa', 'wdewd', '806451656', 1),
('pond', '1234', 'pond', 'f', '2019-05-26', 'sdf@gy', 'wdwdwqd', '08161516', 1),
('Pong', '1234', 'Comcamp30', 'f', '2019-05-01', '123.123@gmail.com', '123', '123', 1),
('test', 'test', 'test', 'c', '0000-00-00', 'male', 'wqwqr', '123123', 1);

-- --------------------------------------------------------

--
-- Table structure for table `membertype`
--

CREATE TABLE `membertype` (
  `MemberType_ID` int(10) NOT NULL,
  `MemberType_Name` varchar(64) NOT NULL,
  `MemberType_Detail` varchar(256) NOT NULL
) ENGINE=InnoDB DEFAULT CHARSET=utf8;

--
-- Dumping data for table `membertype`
--

INSERT INTO `membertype` (`MemberType_ID`, `MemberType_Name`, `MemberType_Detail`) VALUES
(1, 'Green', 'Demo'),
(2, 'Comcamp30', 'jn'),
(3, 'Gold', '');

-- --------------------------------------------------------

--
-- Table structure for table `member_promotion`
--

CREATE TABLE `member_promotion` (
  `Member_Promotion_ID` int(10) NOT NULL,
  `Promotion_ID` int(10) NOT NULL,
  `MemberType_ID` int(10) NOT NULL
) ENGINE=InnoDB DEFAULT CHARSET=utf8;

--
-- Dumping data for table `member_promotion`
--

INSERT INTO `member_promotion` (`Member_Promotion_ID`, `Promotion_ID`, `MemberType_ID`) VALUES
(4, 10, 1),
(5, 10, 2),
(6, 11, 1),
(8, 13, 3);

-- --------------------------------------------------------

--
-- Table structure for table `payment`
--

CREATE TABLE `payment` (
  `Payment_ID` int(10) NOT NULL,
  `Payment_Name` varchar(64) NOT NULL,
  `Payment_Detail` text NOT NULL,
  `Payment_Fee` int(3) NOT NULL
) ENGINE=InnoDB DEFAULT CHARSET=utf8;

--
-- Dumping data for table `payment`
--

INSERT INTO `payment` (`Payment_ID`, `Payment_Name`, `Payment_Detail`, `Payment_Fee`) VALUES
(1, 'Credit Card', '', 500);

-- --------------------------------------------------------

--
-- Table structure for table `promotion`
--

CREATE TABLE `promotion` (
  `Promotion_ID` int(10) NOT NULL,
  `Promotion_Name` varchar(64) NOT NULL,
  `Promotion_Detail` varchar(512) NOT NULL,
  `Promotion_Discount` int(10) NOT NULL,
  `Promotion_Start` date NOT NULL,
  `Promotion_End` date NOT NULL,
  `Promotion_Image` varchar(10000) NOT NULL,
  `Concert_ID` int(10) NOT NULL
) ENGINE=InnoDB DEFAULT CHARSET=utf8;

--
-- Dumping data for table `promotion`
--

INSERT INTO `promotion` (`Promotion_ID`, `Promotion_Name`, `Promotion_Detail`, `Promotion_Discount`, `Promotion_Start`, `Promotion_End`, `Promotion_Image`, `Concert_ID`) VALUES
(9, 'Comcamp30', 'kjl', 100, '2019-05-17', '2019-06-12', 'https://images.unsplash.com/photo-1556472565-3750fbd10aa2?ixlib=rb-1.2.1&ixid=eyJhcHBfaWQiOjEyMDd9&auto=format&fit=crop&w=966&q=80', 2),
(10, 'Comcamp', '**โปรโมชั่น Early Bird สำหรับสมาชิกสยามพิฆเนศ\r\nระยะเวลา : 1 มี.ค. - 18 มี.ค. 62\r\nลดราคาพิเศษ 25% ทุกที่นั่ง\r\nเฉพาะรอบการแสดงในวันที่ 26 พฤษภาคม, 1 มิถุนายน และ 2 มิถุนายน เท่านั้น\r\n(บัตรสมาชิก 1 ใบ สามารถใช้สิทธิ์ส่วนลดสำหรับซื้อบัตรชมการแสดงได้สูงสุด 4 ใบ)\r\n \r\nสิทธิพิเศษจากบัตรเครดิตและบัตรเดบิตกสิกรไทย\r\nรับส่วนลดสูงสุด 15%* เมื่อซื้อบัตรชมการแสดง ละครเวทีชายกลาง เดอะมิวสิคัล\r\nรับส่วนลด 15% สำหรับผู้ถือบัตรเดอะวิสดอมกสิกรไทย และบัตรเดอะพรีเมียร์กสิกรไทย\r\nรับส่วนลด 10% สำหรับผู้ถือบัตรเครดิตกสิกรไทย Classic', 10, '2019-05-11', '2019-05-25', 'http://4designer.t7yb.net/files/2017093016/Flat-sales-promotion-banner-8485.jpg', 2),
(11, 'Blackpink in KMUTT', 'For blink in KMUTT', 10, '2019-05-01', '2019-06-30', 'https://i0.wp.com/www.korseries.com/wp-content/uploads/2019/03/blackpink-samsung.jpg?fit=1000%2C596', 39),
(13, 'BP for Gold', 'BP for Gold', 50, '2019-05-01', '2019-08-09', 'https://promotions.co.th/wp-content/uploads/2019/05/blackpink-1.jpg', 39);

-- --------------------------------------------------------

--
-- Table structure for table `record_label`
--

CREATE TABLE `record_label` (
  `Record_Label_ID` int(10) NOT NULL,
  `Record_Label_Name` varchar(64) NOT NULL,
  `Record_Label_Address` text NOT NULL,
  `Record_Label_EmailAddress` varchar(128) NOT NULL,
  `Record_Label_PhoneNumber` varchar(15) NOT NULL,
  `Record_Label_Website` varchar(64) NOT NULL
) ENGINE=InnoDB DEFAULT CHARSET=utf8;

--
-- Dumping data for table `record_label`
--

INSERT INTO `record_label` (`Record_Label_ID`, `Record_Label_Name`, `Record_Label_Address`, `Record_Label_EmailAddress`, `Record_Label_PhoneNumber`, `Record_Label_Website`) VALUES
(2, 'Test', '11', '12@saf', '12', '12'),
(3, 'GMM', '126 ถนนประชาอุทิศ แขวงบางมด เขตทุ่งครุ, กรุงเทพมหานคร 10140', 'kmutt@gmail.com', '0813204444', 'https://www.gmm25.com'),
(4, 'YG', 'YG', 'YG@f', '0896552222', 'https://www.gmm25.com'),
(5, 'RS', 'RS', 'RS@f', '0896552222', 'https://www.gmm25.com'),
(6, 'Whattheduck', 'Whattheduck', 'kmutt@gmail.com', '0896552222', 'https://www.gmm25.com'),
(7, 'SM', 'SM', 'SM@f', '08888888', 'https://www.gmm25.com');

-- --------------------------------------------------------

--
-- Table structure for table `seat`
--

CREATE TABLE `seat` (
  `Seat_ID` int(10) NOT NULL,
  `Seat_Number` varchar(5) NOT NULL,
  `Zone_ID` int(10) NOT NULL
) ENGINE=InnoDB DEFAULT CHARSET=utf8;

--
-- Dumping data for table `seat`
--

INSERT INTO `seat` (`Seat_ID`, `Seat_Number`, `Zone_ID`) VALUES
(179, 'A0', 4),
(180, 'A1', 4),
(181, 'A2', 4),
(182, 'A3', 4),
(183, 'A4', 4),
(184, 'A5', 4),
(185, 'A6', 4),
(186, 'A7', 4),
(187, 'A8', 4),
(188, 'A9', 4),
(189, 'A10', 4),
(190, 'A11', 4),
(191, 'A12', 4),
(192, 'A13', 4),
(193, 'A14', 4),
(194, 'A15', 4),
(195, 'A16', 4),
(196, 'A17', 4),
(197, 'A18', 4),
(198, 'A19', 4),
(199, 'A20', 4),
(200, 'A21', 4),
(201, 'A22', 4),
(202, 'A23', 4),
(203, 'A24', 4),
(204, 'A25', 4),
(205, 'A26', 4),
(206, 'A27', 4),
(207, 'A28', 4),
(208, 'A29', 4),
(209, 'A30', 4),
(210, 'A31', 4),
(211, 'A32', 4),
(212, 'A33', 4),
(213, 'A34', 4),
(214, 'A35', 4),
(215, 'A36', 4),
(216, 'A37', 4),
(217, 'A38', 4),
(218, 'A39', 4),
(219, 'A40', 4),
(220, 'A41', 4),
(221, 'A42', 4),
(222, 'A43', 4),
(223, 'A44', 4),
(224, 'A45', 4),
(225, 'A46', 4),
(226, 'A47', 4),
(227, 'A48', 4),
(228, 'A49', 4),
(229, 'A50', 4),
(230, 'A51', 4),
(231, 'A52', 4),
(232, 'A53', 4),
(233, 'A54', 4),
(234, 'A55', 4),
(235, 'A56', 4),
(236, 'A57', 4),
(237, 'A58', 4),
(238, 'A59', 4),
(239, 'A60', 4),
(240, 'A61', 4),
(241, 'A62', 4),
(242, 'A63', 4),
(243, 'A64', 4),
(244, 'A65', 4),
(245, 'A66', 4),
(246, 'A67', 4),
(247, 'A68', 4),
(248, 'A69', 4),
(249, 'A70', 4),
(250, 'A71', 4),
(251, 'A72', 4),
(252, 'A73', 4),
(253, 'A74', 4),
(254, 'A75', 4),
(255, 'A76', 4),
(256, 'A77', 4),
(257, 'A78', 4),
(258, 'A79', 4),
(259, 'A80', 4),
(260, 'A81', 4),
(261, 'A82', 4),
(262, 'A83', 4),
(263, 'A84', 4),
(264, 'A85', 4),
(265, 'A86', 4),
(266, 'A87', 4),
(267, 'A88', 4),
(268, 'A89', 4),
(269, 'A90', 4),
(270, 'A91', 4),
(271, 'A92', 4),
(272, 'A93', 4),
(273, 'A94', 4),
(274, 'A95', 4),
(275, 'A96', 4),
(276, 'A97', 4),
(277, 'A98', 4),
(278, 'A99', 4),
(281, '19U', 5),
(282, '20U', 5),
(283, '21U', 5),
(284, '22U', 5),
(285, '23U', 5),
(286, '24U', 5),
(287, '19V', 5),
(288, '20V', 5),
(289, '21V', 5),
(290, '22V', 5),
(291, '23V', 5),
(292, '24V', 5),
(293, '19W', 5),
(294, '20W', 5),
(295, '21W', 5),
(296, '22W', 5),
(297, '23W', 5),
(298, '24W', 5),
(299, '18Q', 6),
(300, '19Q', 6),
(301, '20Q', 6),
(302, '21Q', 6),
(303, '22Q', 6),
(304, '23Q', 6),
(305, '24Q', 6),
(306, '1A', 7),
(307, '2A', 7),
(308, '3A', 7),
(309, '4A', 7),
(310, '5A', 7),
(311, '6A', 7),
(312, '7A', 7),
(313, '8A', 7),
(314, '9A', 7),
(315, '10A', 7),
(316, '11A', 7),
(317, '12A', 7),
(318, '13A', 7),
(319, '14A', 7),
(320, '15A', 7),
(321, '16A', 7),
(322, '17A', 7),
(323, '18A', 7),
(324, '19A', 7),
(325, '20A', 7),
(326, '21A', 7),
(327, '22A', 7),
(328, '23A', 7),
(329, '24A', 7),
(330, '1B', 7),
(331, '2B', 7),
(332, '3B', 7),
(333, '4B', 7),
(334, '5B', 7),
(335, '6B', 7),
(336, '7B', 7),
(337, '8B', 7),
(338, '9B', 7),
(339, '10B', 7),
(340, '11B', 7),
(341, '12B', 7),
(342, '13B', 7),
(343, '14B', 7),
(344, '15B', 7),
(345, '16B', 7),
(346, '17B', 7),
(347, '18B', 7),
(348, '19B', 7),
(349, '20B', 7),
(350, '21B', 7),
(351, '22B', 7),
(352, '23B', 7),
(353, '24B', 7),
(354, '1C', 7),
(355, '2C', 7),
(356, '3C', 7),
(357, '4C', 7),
(358, '5C', 7),
(359, '6C', 7),
(360, '7C', 7),
(361, '8C', 7),
(362, '9C', 7),
(363, '10C', 7),
(364, '11C', 7),
(365, '12C', 7),
(366, '13C', 7),
(367, '14C', 7),
(368, '15C', 7),
(369, '16C', 7),
(370, '17C', 7),
(371, '18C', 7),
(372, '19C', 7),
(373, '20C', 7),
(374, '21C', 7),
(375, '22C', 7),
(376, '23C', 7),
(377, '24C', 7),
(378, '1D', 7),
(379, '2D', 7),
(380, '3D', 7),
(381, '4D', 7),
(382, '5D', 7),
(383, '6D', 7),
(384, '7D', 7),
(385, '8D', 7),
(386, '9D', 7),
(387, '10D', 7),
(388, '11D', 7),
(389, '12D', 7),
(390, '13D', 7),
(391, '14D', 7),
(392, '15D', 7),
(393, '16D', 7),
(394, '17D', 7),
(395, '18D', 7),
(396, '19D', 7),
(397, '20D', 7),
(398, '21D', 7),
(399, '22D', 7),
(400, '23D', 7),
(401, '24D', 7),
(402, '1E', 7),
(403, '2E', 7),
(404, '3E', 7),
(405, '4E', 7),
(406, '5E', 7),
(407, '6E', 7),
(408, '7E', 7),
(409, '8E', 7),
(410, '9E', 7),
(411, '10E', 7),
(412, '11E', 7),
(413, '12E', 7),
(414, '13E', 7),
(415, '14E', 7),
(416, '15E', 7),
(417, '16E', 7),
(418, '17E', 7),
(419, '18E', 7),
(420, '19E', 7),
(421, '20E', 7),
(422, '21E', 7),
(423, '22E', 7),
(424, '23E', 7),
(425, '24E', 7),
(426, '1F', 7),
(427, '2F', 7),
(428, '3F', 7),
(429, '4F', 7),
(430, '5F', 7),
(431, '6F', 7),
(432, '7F', 7),
(433, '8F', 7),
(434, '9F', 7),
(435, '10F', 7),
(436, '11F', 7),
(437, '12F', 7),
(438, '13F', 7),
(439, '14F', 7),
(440, '15F', 7),
(441, '16F', 7),
(442, '17F', 7),
(443, '18F', 7),
(444, '19F', 7),
(445, '20F', 7),
(446, '21F', 7),
(447, '22F', 7),
(448, '23F', 7),
(449, '24F', 7),
(450, '1G', 7),
(451, '2G', 7),
(452, '3G', 7),
(453, '4G', 7),
(454, '5G', 7),
(455, '6G', 7),
(456, '7G', 7),
(457, '8G', 7),
(458, '9G', 7),
(459, '10G', 7),
(460, '11G', 7),
(461, '12G', 7),
(462, '13G', 7),
(463, '14G', 7),
(464, '15G', 7),
(465, '16G', 7),
(466, '17G', 7),
(467, '18G', 7),
(468, '19G', 7),
(469, '20G', 7),
(470, '21G', 7),
(471, '22G', 7),
(472, '23G', 7),
(473, '24G', 7),
(474, '1H', 7),
(475, '2H', 7),
(476, '3H', 7),
(477, '4H', 7),
(478, '5H', 7),
(479, '6H', 7),
(480, '7H', 7),
(481, '8H', 7),
(482, '9H', 7),
(483, '10H', 7),
(484, '11H', 7),
(485, '12H', 7),
(486, '13H', 7),
(487, '14H', 7),
(488, '15H', 7),
(489, '16H', 7),
(490, '17H', 7),
(491, '18H', 7),
(492, '19H', 7),
(493, '20H', 7),
(494, '21H', 7),
(495, '22H', 7),
(496, '23H', 7),
(497, '24H', 7),
(498, '1I', 7),
(499, '2I', 7),
(500, '3I', 7),
(501, '4I', 7),
(502, '5I', 7),
(503, '6I', 7),
(504, '7I', 7),
(505, '8I', 7),
(506, '9I', 7),
(507, '10I', 7),
(508, '11I', 7),
(509, '12I', 7),
(510, '13I', 7),
(511, '14I', 7),
(512, '15I', 7),
(513, '16I', 7),
(514, '17I', 7),
(515, '18I', 7),
(516, '19I', 7),
(517, '20I', 7),
(518, '21I', 7),
(519, '22I', 7),
(520, '23I', 7),
(521, '24I', 7),
(522, '1J', 7),
(523, '2J', 7),
(524, '3J', 7),
(525, '4J', 7),
(526, '5J', 7),
(527, '6J', 7),
(528, '7J', 7),
(529, '8J', 7),
(530, '9J', 7),
(531, '10J', 7),
(532, '11J', 7),
(533, '12J', 7),
(534, '13J', 7),
(535, '14J', 7),
(536, '15J', 7),
(537, '16J', 7),
(538, '17J', 7),
(539, '18J', 7),
(540, '19J', 7),
(541, '20J', 7),
(542, '21J', 7),
(543, '22J', 7),
(544, '23J', 7),
(545, '24J', 7),
(546, '1K', 7),
(547, '2K', 7),
(548, '3K', 7),
(549, '4K', 7),
(550, '5K', 7),
(551, '6K', 7),
(552, '7K', 7),
(553, '8K', 7),
(554, '9K', 7),
(555, '10K', 7),
(556, '11K', 7),
(557, '12K', 7),
(558, '13K', 7),
(559, '14K', 7),
(560, '15K', 7),
(561, '16K', 7),
(562, '17K', 7),
(563, '18K', 7),
(564, '19K', 7),
(565, '20K', 7),
(566, '21K', 7),
(567, '22K', 7),
(568, '23K', 7),
(569, '24K', 7),
(570, '1L', 7),
(571, '2L', 7),
(572, '3L', 7),
(573, '4L', 7),
(574, '5L', 7),
(575, '6L', 7),
(576, '7L', 7),
(577, '8L', 7),
(578, '9L', 7),
(579, '10L', 7),
(580, '11L', 7),
(581, '12L', 7),
(582, '13L', 7),
(583, '14L', 7),
(584, '15L', 7),
(585, '16L', 7),
(586, '17L', 7),
(587, '18L', 7),
(588, '19L', 7),
(589, '20L', 7),
(590, '21L', 7),
(591, '22L', 7),
(592, '23L', 7),
(593, '24L', 7),
(594, '1M', 7),
(595, '2M', 7),
(596, '3M', 7),
(597, '4M', 7),
(598, '5M', 7),
(599, '6M', 7),
(600, '7M', 7),
(601, '8M', 7),
(602, '9M', 7),
(603, '10M', 7),
(604, '11M', 7),
(605, '12M', 7),
(606, '13M', 7),
(607, '14M', 7),
(608, '15M', 7),
(609, '16M', 7),
(610, '17M', 7),
(611, '18M', 7),
(612, '19M', 7),
(613, '20M', 7),
(614, '21M', 7),
(615, '22M', 7),
(616, '23M', 7),
(617, '24M', 7),
(618, '1N', 7),
(619, '2N', 7),
(620, '3N', 7),
(621, '4N', 7),
(622, '5N', 7),
(623, '6N', 7),
(624, '7N', 7),
(625, '8N', 7),
(626, '9N', 7),
(627, '10N', 7),
(628, '11N', 7),
(629, '12N', 7),
(630, '13N', 7),
(631, '14N', 7),
(632, '15N', 7),
(633, '16N', 7),
(634, '17N', 7),
(635, '18N', 7),
(636, '19N', 7),
(637, '20N', 7),
(638, '21N', 7),
(639, '22N', 7),
(640, '23N', 7),
(641, '24N', 7),
(642, '1O', 7),
(643, '2O', 7),
(644, '3O', 7),
(645, '4O', 7),
(646, '5O', 7),
(647, '6O', 7),
(648, '7O', 7),
(649, '8O', 7),
(650, '9O', 7),
(651, '10O', 7),
(652, '11O', 7),
(653, '12O', 7),
(654, '13O', 7),
(655, '14O', 7),
(656, '15O', 7),
(657, '16O', 7),
(658, '17O', 7),
(659, '18O', 7),
(660, '19O', 7),
(661, '20O', 7),
(662, '21O', 7),
(663, '22O', 7),
(664, '23O', 7),
(665, '24O', 7),
(666, '1P', 7),
(667, '2P', 7),
(668, '3P', 7),
(669, '4P', 7),
(670, '5P', 7),
(671, '6P', 7),
(672, '7P', 7),
(673, '8P', 7),
(674, '9P', 7),
(675, '10P', 7),
(676, '11P', 7),
(677, '12P', 7),
(678, '13P', 7),
(679, '14P', 7),
(680, '15P', 7),
(681, '16P', 7),
(682, '17P', 7),
(683, '18P', 7),
(684, '19P', 7),
(685, '20P', 7),
(686, '21P', 7),
(687, '22P', 7),
(688, '23P', 7),
(689, '24P', 7),
(690, '1Q', 7),
(691, '2Q', 7),
(692, '3Q', 7),
(693, '4Q', 7),
(694, '5Q', 7),
(695, '6Q', 7),
(696, '7Q', 7),
(697, '8Q', 7),
(698, '9Q', 7),
(699, '10Q', 7),
(700, '11Q', 7),
(701, '12Q', 7),
(702, '13Q', 7),
(703, '14Q', 7),
(704, '15Q', 7),
(705, '16Q', 7),
(706, '17Q', 7),
(707, '18Q', 7),
(708, '19Q', 7),
(709, '20Q', 7),
(710, '21Q', 7),
(711, '22Q', 7),
(712, '23Q', 7),
(713, '24Q', 7),
(714, '1R', 7),
(715, '2R', 7),
(716, '3R', 7),
(717, '4R', 7),
(718, '5R', 7),
(719, '6R', 7),
(720, '7R', 7),
(721, '8R', 7),
(722, '9R', 7),
(723, '10R', 7),
(724, '11R', 7),
(725, '12R', 7),
(726, '13R', 7),
(727, '14R', 7),
(728, '15R', 7),
(729, '16R', 7),
(730, '17R', 7),
(731, '18R', 7),
(732, '19R', 7),
(733, '20R', 7),
(734, '21R', 7),
(735, '22R', 7),
(736, '23R', 7),
(737, '24R', 7),
(738, '1S', 7),
(739, '2S', 7),
(740, '3S', 7),
(741, '4S', 7),
(742, '5S', 7),
(743, '6S', 7),
(744, '7S', 7),
(745, '8S', 7),
(746, '9S', 7),
(747, '10S', 7),
(748, '11S', 7),
(749, '12S', 7),
(750, '13S', 7),
(751, '14S', 7),
(752, '15S', 7),
(753, '16S', 7),
(754, '17S', 7),
(755, '18S', 7),
(756, '19S', 7),
(757, '20S', 7),
(758, '21S', 7),
(759, '22S', 7),
(760, '23S', 7),
(761, '24S', 7),
(762, '1T', 7),
(763, '2T', 7),
(764, '3T', 7),
(765, '4T', 7),
(766, '5T', 7),
(767, '6T', 7),
(768, '7T', 7),
(769, '8T', 7),
(770, '9T', 7),
(771, '10T', 7),
(772, '11T', 7),
(773, '12T', 7),
(774, '13T', 7),
(775, '14T', 7),
(776, '15T', 7),
(777, '16T', 7),
(778, '17T', 7),
(779, '18T', 7),
(780, '19T', 7),
(781, '20T', 7),
(782, '21T', 7),
(783, '22T', 7),
(784, '23T', 7),
(785, '24T', 7),
(786, '1U', 7),
(787, '2U', 7),
(788, '3U', 7),
(789, '4U', 7),
(790, '5U', 7),
(791, '6U', 7),
(792, '7U', 7),
(793, '8U', 7),
(794, '9U', 7),
(795, '10U', 7),
(796, '11U', 7),
(797, '12U', 7),
(798, '13U', 7),
(799, '14U', 7),
(800, '15U', 7),
(801, '16U', 7),
(802, '17U', 7),
(803, '18U', 7),
(804, '19U', 7),
(805, '20U', 7),
(806, '21U', 7),
(807, '22U', 7),
(808, '23U', 7),
(809, '24U', 7),
(810, '1V', 7),
(811, '2V', 7),
(812, '3V', 7),
(813, '4V', 7),
(814, '5V', 7),
(815, '6V', 7),
(816, '7V', 7),
(817, '8V', 7),
(818, '9V', 7),
(819, '10V', 7),
(820, '11V', 7),
(821, '12V', 7),
(822, '13V', 7),
(823, '14V', 7),
(824, '15V', 7),
(825, '16V', 7),
(826, '17V', 7),
(827, '18V', 7),
(828, '19V', 7),
(829, '20V', 7),
(830, '21V', 7),
(831, '22V', 7),
(832, '23V', 7),
(833, '24V', 7),
(834, '1W', 7),
(835, '2W', 7),
(836, '3W', 7),
(837, '4W', 7),
(838, '5W', 7),
(839, '6W', 7),
(840, '7W', 7),
(841, '8W', 7),
(842, '9W', 7),
(843, '10W', 7),
(844, '11W', 7),
(845, '12W', 7),
(846, '13W', 7),
(847, '14W', 7),
(848, '15W', 7),
(849, '16W', 7),
(850, '17W', 7),
(851, '18W', 7),
(852, '19W', 7),
(853, '20W', 7),
(854, '21W', 7),
(855, '22W', 7),
(856, '23W', 7),
(857, '24W', 7),
(858, '1X', 7),
(859, '2X', 7),
(860, '3X', 7),
(861, '4X', 7),
(862, '5X', 7),
(863, '6X', 7),
(864, '7X', 7),
(865, '8X', 7),
(866, '9X', 7),
(867, '10X', 7),
(868, '11X', 7),
(869, '12X', 7),
(870, '13X', 7),
(871, '14X', 7),
(872, '15X', 7),
(873, '16X', 7),
(874, '17X', 7),
(875, '18X', 7),
(876, '19X', 7),
(877, '20X', 7),
(878, '21X', 7),
(879, '22X', 7),
(880, '23X', 7),
(881, '24X', 7),
(882, '1A', 8),
(883, '2A', 8),
(884, '3A', 8),
(885, '4A', 8),
(886, '5A', 8),
(887, '6A', 8),
(888, '7A', 8),
(889, '8A', 8),
(890, '9A', 8),
(891, '10A', 8),
(892, '11A', 8),
(893, '12A', 8),
(894, '13A', 8),
(895, '14A', 8),
(896, '15A', 8),
(897, '16A', 8),
(898, '17A', 8),
(899, '18A', 8),
(900, '19A', 8),
(901, '20A', 8),
(902, '21A', 8),
(903, '22A', 8),
(904, '23A', 8),
(905, '24A', 8),
(906, '1B', 8),
(907, '2B', 8),
(908, '3B', 8),
(909, '4B', 8),
(910, '5B', 8),
(911, '6B', 8),
(912, '7B', 8),
(913, '8B', 8),
(914, '9B', 8),
(915, '10B', 8),
(916, '11B', 8),
(917, '12B', 8),
(918, '13B', 8),
(919, '14B', 8),
(920, '15B', 8),
(921, '16B', 8),
(922, '17B', 8),
(923, '18B', 8),
(924, '19B', 8),
(925, '20B', 8),
(926, '21B', 8),
(927, '22B', 8),
(928, '23B', 8),
(929, '24B', 8),
(930, '1C', 8),
(931, '2C', 8),
(932, '3C', 8),
(933, '4C', 8),
(934, '5C', 8),
(935, '6C', 8),
(936, '7C', 8),
(937, '8C', 8),
(938, '9C', 8),
(939, '10C', 8),
(940, '11C', 8),
(941, '12C', 8),
(942, '13C', 8),
(943, '14C', 8),
(944, '15C', 8),
(945, '16C', 8),
(946, '17C', 8),
(947, '18C', 8),
(948, '19C', 8),
(949, '20C', 8),
(950, '21C', 8),
(951, '22C', 8),
(952, '23C', 8),
(953, '24C', 8),
(954, '1D', 8),
(955, '2D', 8),
(956, '3D', 8),
(957, '4D', 8),
(958, '5D', 8),
(959, '6D', 8),
(960, '7D', 8),
(961, '8D', 8),
(962, '9D', 8),
(963, '10D', 8),
(964, '11D', 8),
(965, '12D', 8),
(966, '13D', 8),
(967, '14D', 8),
(968, '15D', 8),
(969, '16D', 8),
(970, '17D', 8),
(971, '18D', 8),
(972, '19D', 8),
(973, '20D', 8),
(974, '21D', 8),
(975, '22D', 8),
(976, '23D', 8),
(977, '24D', 8),
(978, '1E', 8),
(979, '2E', 8),
(980, '3E', 8),
(981, '4E', 8),
(982, '5E', 8),
(983, '6E', 8),
(984, '7E', 8),
(985, '8E', 8),
(986, '9E', 8),
(987, '10E', 8),
(988, '11E', 8),
(989, '12E', 8),
(990, '13E', 8),
(991, '14E', 8),
(992, '15E', 8),
(993, '16E', 8),
(994, '17E', 8),
(995, '18E', 8),
(996, '19E', 8),
(997, '20E', 8),
(998, '21E', 8),
(999, '22E', 8),
(1000, '23E', 8),
(1001, '24E', 8),
(1002, '1F', 8),
(1003, '2F', 8),
(1004, '3F', 8),
(1005, '4F', 8),
(1006, '5F', 8),
(1007, '6F', 8),
(1008, '7F', 8),
(1009, '8F', 8),
(1010, '9F', 8),
(1011, '10F', 8),
(1012, '11F', 8),
(1013, '12F', 8),
(1014, '13F', 8),
(1015, '14F', 8),
(1016, '15F', 8),
(1017, '16F', 8),
(1018, '17F', 8),
(1019, '18F', 8),
(1020, '19F', 8),
(1021, '20F', 8),
(1022, '21F', 8),
(1023, '22F', 8),
(1024, '23F', 8),
(1025, '24F', 8),
(1026, '1G', 8),
(1027, '2G', 8),
(1028, '3G', 8),
(1029, '4G', 8),
(1030, '5G', 8),
(1031, '6G', 8),
(1032, '7G', 8),
(1033, '8G', 8),
(1034, '9G', 8),
(1035, '10G', 8),
(1036, '11G', 8),
(1037, '12G', 8),
(1038, '13G', 8),
(1039, '14G', 8),
(1040, '15G', 8),
(1041, '16G', 8),
(1042, '17G', 8),
(1043, '18G', 8),
(1044, '19G', 8),
(1045, '20G', 8),
(1046, '21G', 8),
(1047, '22G', 8),
(1048, '23G', 8),
(1049, '24G', 8),
(1050, '1H', 8),
(1051, '2H', 8),
(1052, '3H', 8),
(1053, '4H', 8),
(1054, '5H', 8),
(1055, '6H', 8),
(1056, '7H', 8),
(1057, '8H', 8),
(1058, '9H', 8),
(1059, '10H', 8),
(1060, '11H', 8),
(1061, '12H', 8),
(1062, '13H', 8),
(1063, '14H', 8),
(1064, '15H', 8),
(1065, '16H', 8),
(1066, '17H', 8),
(1067, '18H', 8),
(1068, '19H', 8),
(1069, '20H', 8),
(1070, '21H', 8),
(1071, '22H', 8),
(1072, '23H', 8),
(1073, '24H', 8),
(1074, '1I', 8),
(1075, '2I', 8),
(1076, '3I', 8),
(1077, '4I', 8),
(1078, '5I', 8),
(1079, '6I', 8),
(1080, '7I', 8),
(1081, '8I', 8),
(1082, '9I', 8),
(1083, '10I', 8),
(1084, '11I', 8),
(1085, '12I', 8),
(1086, '13I', 8),
(1087, '14I', 8),
(1088, '15I', 8),
(1089, '16I', 8),
(1090, '17I', 8),
(1091, '18I', 8),
(1092, '19I', 8),
(1093, '20I', 8),
(1094, '21I', 8),
(1095, '22I', 8),
(1096, '23I', 8),
(1097, '24I', 8),
(1098, '1J', 8),
(1099, '2J', 8),
(1100, '3J', 8),
(1101, '4J', 8),
(1102, '5J', 8),
(1103, '6J', 8),
(1104, '7J', 8),
(1105, '8J', 8),
(1106, '9J', 8),
(1107, '10J', 8),
(1108, '11J', 8),
(1109, '12J', 8),
(1110, '13J', 8),
(1111, '14J', 8),
(1112, '15J', 8),
(1113, '16J', 8),
(1114, '17J', 8),
(1115, '18J', 8),
(1116, '19J', 8),
(1117, '20J', 8),
(1118, '21J', 8),
(1119, '22J', 8),
(1120, '23J', 8),
(1121, '24J', 8),
(1122, '1K', 8),
(1123, '2K', 8),
(1124, '3K', 8),
(1125, '4K', 8),
(1126, '5K', 8),
(1127, '6K', 8),
(1128, '7K', 8),
(1129, '8K', 8),
(1130, '9K', 8),
(1131, '10K', 8),
(1132, '11K', 8),
(1133, '12K', 8),
(1134, '13K', 8),
(1135, '14K', 8),
(1136, '15K', 8),
(1137, '16K', 8),
(1138, '17K', 8),
(1139, '18K', 8),
(1140, '19K', 8),
(1141, '20K', 8),
(1142, '21K', 8),
(1143, '22K', 8),
(1144, '23K', 8),
(1145, '24K', 8),
(1146, '1L', 8),
(1147, '2L', 8),
(1148, '3L', 8),
(1149, '4L', 8),
(1150, '5L', 8),
(1151, '6L', 8),
(1152, '7L', 8),
(1153, '8L', 8),
(1154, '9L', 8),
(1155, '10L', 8),
(1156, '11L', 8),
(1157, '12L', 8),
(1158, '13L', 8),
(1159, '14L', 8),
(1160, '15L', 8),
(1161, '16L', 8),
(1162, '17L', 8),
(1163, '18L', 8),
(1164, '19L', 8),
(1165, '20L', 8),
(1166, '21L', 8),
(1167, '22L', 8),
(1168, '23L', 8),
(1169, '24L', 8),
(1170, '1M', 8),
(1171, '2M', 8),
(1172, '3M', 8),
(1173, '4M', 8),
(1174, '5M', 8),
(1175, '6M', 8),
(1176, '7M', 8),
(1177, '8M', 8),
(1178, '9M', 8),
(1179, '10M', 8),
(1180, '11M', 8),
(1181, '12M', 8),
(1182, '13M', 8),
(1183, '14M', 8),
(1184, '15M', 8),
(1185, '16M', 8),
(1186, '17M', 8),
(1187, '18M', 8),
(1188, '19M', 8),
(1189, '20M', 8),
(1190, '21M', 8),
(1191, '22M', 8),
(1192, '23M', 8),
(1193, '24M', 8),
(1194, '1N', 8),
(1195, '2N', 8),
(1196, '3N', 8),
(1197, '4N', 8),
(1198, '5N', 8),
(1199, '6N', 8),
(1200, '7N', 8),
(1201, '8N', 8),
(1202, '9N', 8),
(1203, '10N', 8),
(1204, '11N', 8),
(1205, '12N', 8),
(1206, '13N', 8),
(1207, '14N', 8),
(1208, '15N', 8),
(1209, '16N', 8),
(1210, '17N', 8),
(1211, '18N', 8),
(1212, '19N', 8),
(1213, '20N', 8),
(1214, '21N', 8),
(1215, '22N', 8),
(1216, '23N', 8),
(1217, '24N', 8),
(1218, '1O', 8),
(1219, '2O', 8),
(1220, '3O', 8),
(1221, '4O', 8),
(1222, '5O', 8),
(1223, '6O', 8),
(1224, '7O', 8),
(1225, '8O', 8),
(1226, '9O', 8),
(1227, '10O', 8),
(1228, '11O', 8),
(1229, '12O', 8),
(1230, '13O', 8),
(1231, '14O', 8),
(1232, '15O', 8),
(1233, '16O', 8),
(1234, '17O', 8),
(1235, '18O', 8),
(1236, '19O', 8),
(1237, '20O', 8),
(1238, '21O', 8),
(1239, '22O', 8),
(1240, '23O', 8),
(1241, '24O', 8),
(1242, '1P', 8),
(1243, '2P', 8),
(1244, '3P', 8),
(1245, '4P', 8),
(1246, '5P', 8),
(1247, '6P', 8),
(1248, '7P', 8),
(1249, '8P', 8),
(1250, '9P', 8),
(1251, '10P', 8),
(1252, '11P', 8),
(1253, '12P', 8),
(1254, '13P', 8),
(1255, '14P', 8),
(1256, '15P', 8),
(1257, '16P', 8),
(1258, '17P', 8),
(1259, '18P', 8),
(1260, '19P', 8),
(1261, '20P', 8),
(1262, '21P', 8),
(1263, '22P', 8),
(1264, '23P', 8),
(1265, '24P', 8),
(1266, '1Q', 8),
(1267, '2Q', 8),
(1268, '3Q', 8),
(1269, '4Q', 8),
(1270, '5Q', 8),
(1271, '6Q', 8),
(1272, '7Q', 8),
(1273, '8Q', 8),
(1274, '9Q', 8),
(1275, '10Q', 8),
(1276, '11Q', 8),
(1277, '12Q', 8),
(1278, '13Q', 8),
(1279, '14Q', 8),
(1280, '15Q', 8),
(1281, '16Q', 8),
(1282, '17Q', 8),
(1283, '18Q', 8),
(1284, '19Q', 8),
(1285, '20Q', 8),
(1286, '21Q', 8),
(1287, '22Q', 8),
(1288, '23Q', 8),
(1289, '24Q', 8),
(1290, '1R', 8),
(1291, '2R', 8),
(1292, '3R', 8),
(1293, '4R', 8),
(1294, '5R', 8),
(1295, '6R', 8),
(1296, '7R', 8),
(1297, '8R', 8),
(1298, '9R', 8),
(1299, '10R', 8),
(1300, '11R', 8),
(1301, '12R', 8),
(1302, '13R', 8),
(1303, '14R', 8),
(1304, '15R', 8),
(1305, '16R', 8),
(1306, '17R', 8),
(1307, '18R', 8),
(1308, '19R', 8),
(1309, '20R', 8),
(1310, '21R', 8),
(1311, '22R', 8),
(1312, '23R', 8),
(1313, '24R', 8),
(1314, '1S', 8),
(1315, '2S', 8),
(1316, '3S', 8),
(1317, '4S', 8),
(1318, '5S', 8),
(1319, '6S', 8),
(1320, '7S', 8),
(1321, '8S', 8),
(1322, '9S', 8),
(1323, '10S', 8),
(1324, '11S', 8),
(1325, '12S', 8),
(1326, '13S', 8),
(1327, '14S', 8),
(1328, '15S', 8),
(1329, '16S', 8),
(1330, '17S', 8),
(1331, '18S', 8),
(1332, '19S', 8),
(1333, '20S', 8),
(1334, '21S', 8),
(1335, '22S', 8),
(1336, '23S', 8),
(1337, '24S', 8),
(1338, '1T', 8),
(1339, '2T', 8),
(1340, '3T', 8),
(1341, '4T', 8),
(1342, '5T', 8),
(1343, '6T', 8),
(1344, '7T', 8),
(1345, '8T', 8),
(1346, '9T', 8),
(1347, '10T', 8),
(1348, '11T', 8),
(1349, '12T', 8),
(1350, '13T', 8),
(1351, '14T', 8),
(1352, '15T', 8),
(1353, '16T', 8),
(1354, '17T', 8),
(1355, '18T', 8),
(1356, '19T', 8),
(1357, '20T', 8),
(1358, '21T', 8),
(1359, '22T', 8),
(1360, '23T', 8),
(1361, '24T', 8),
(1362, '1U', 8),
(1363, '2U', 8),
(1364, '3U', 8),
(1365, '4U', 8),
(1366, '5U', 8),
(1367, '6U', 8),
(1368, '7U', 8),
(1369, '8U', 8),
(1370, '9U', 8),
(1371, '10U', 8),
(1372, '11U', 8),
(1373, '12U', 8),
(1374, '13U', 8),
(1375, '14U', 8),
(1376, '15U', 8),
(1377, '16U', 8),
(1378, '17U', 8),
(1379, '18U', 8),
(1380, '19U', 8),
(1381, '20U', 8),
(1382, '21U', 8),
(1383, '22U', 8),
(1384, '23U', 8),
(1385, '24U', 8),
(1386, '1V', 8),
(1387, '2V', 8),
(1388, '3V', 8),
(1389, '4V', 8),
(1390, '5V', 8),
(1391, '6V', 8),
(1392, '7V', 8),
(1393, '8V', 8),
(1394, '9V', 8),
(1395, '10V', 8),
(1396, '11V', 8),
(1397, '12V', 8),
(1398, '13V', 8),
(1399, '14V', 8),
(1400, '15V', 8),
(1401, '16V', 8),
(1402, '17V', 8),
(1403, '18V', 8),
(1404, '19V', 8),
(1405, '20V', 8),
(1406, '21V', 8),
(1407, '22V', 8),
(1408, '23V', 8),
(1409, '24V', 8),
(1410, '1W', 8),
(1411, '2W', 8),
(1412, '3W', 8),
(1413, '4W', 8),
(1414, '5W', 8),
(1415, '6W', 8),
(1416, '7W', 8),
(1417, '8W', 8),
(1418, '9W', 8),
(1419, '10W', 8),
(1420, '11W', 8),
(1421, '12W', 8),
(1422, '13W', 8),
(1423, '14W', 8),
(1424, '15W', 8),
(1425, '16W', 8),
(1426, '17W', 8),
(1427, '18W', 8),
(1428, '19W', 8),
(1429, '20W', 8),
(1430, '21W', 8),
(1431, '22W', 8),
(1432, '23W', 8),
(1433, '24W', 8),
(1434, '1X', 8),
(1435, '2X', 8),
(1436, '3X', 8),
(1437, '4X', 8),
(1438, '5X', 8),
(1439, '6X', 8),
(1440, '7X', 8),
(1441, '8X', 8),
(1442, '9X', 8),
(1443, '10X', 8),
(1444, '11X', 8),
(1445, '12X', 8),
(1446, '13X', 8),
(1447, '14X', 8),
(1448, '15X', 8),
(1449, '16X', 8),
(1450, '17X', 8),
(1451, '18X', 8),
(1452, '19X', 8),
(1453, '20X', 8),
(1454, '21X', 8),
(1455, '22X', 8),
(1456, '23X', 8),
(1457, '24X', 8),
(1458, '1A', 9),
(1459, '2A', 9),
(1460, '3A', 9),
(1461, '4A', 9),
(1462, '5A', 9),
(1463, '6A', 9),
(1464, '7A', 9),
(1465, '8A', 9),
(1466, '9A', 9),
(1467, '10A', 9),
(1468, '11A', 9),
(1469, '12A', 9),
(1470, '13A', 9),
(1471, '14A', 9),
(1472, '15A', 9),
(1473, '16A', 9),
(1474, '17A', 9),
(1475, '18A', 9),
(1476, '19A', 9),
(1477, '20A', 9),
(1478, '21A', 9),
(1479, '22A', 9),
(1480, '23A', 9),
(1481, '24A', 9),
(1482, '1B', 9),
(1483, '2B', 9),
(1484, '3B', 9),
(1485, '4B', 9),
(1486, '5B', 9),
(1487, '6B', 9),
(1488, '7B', 9),
(1489, '8B', 9),
(1490, '9B', 9),
(1491, '10B', 9),
(1492, '11B', 9),
(1493, '12B', 9),
(1494, '13B', 9),
(1495, '14B', 9),
(1496, '15B', 9),
(1497, '16B', 9),
(1498, '17B', 9),
(1499, '18B', 9),
(1500, '19B', 9),
(1501, '20B', 9),
(1502, '21B', 9),
(1503, '22B', 9),
(1504, '23B', 9),
(1505, '24B', 9),
(1506, '1C', 9),
(1507, '2C', 9),
(1508, '3C', 9),
(1509, '4C', 9),
(1510, '5C', 9),
(1511, '6C', 9),
(1512, '7C', 9),
(1513, '8C', 9),
(1514, '9C', 9),
(1515, '10C', 9),
(1516, '11C', 9),
(1517, '12C', 9),
(1518, '13C', 9),
(1519, '14C', 9),
(1520, '15C', 9),
(1521, '16C', 9),
(1522, '17C', 9),
(1523, '18C', 9),
(1524, '19C', 9),
(1525, '20C', 9),
(1526, '21C', 9),
(1527, '22C', 9),
(1528, '23C', 9),
(1529, '24C', 9),
(1530, '1D', 9),
(1531, '2D', 9),
(1532, '3D', 9),
(1533, '4D', 9),
(1534, '5D', 9),
(1535, '6D', 9),
(1536, '7D', 9),
(1537, '8D', 9),
(1538, '9D', 9),
(1539, '10D', 9),
(1540, '11D', 9),
(1541, '12D', 9),
(1542, '13D', 9),
(1543, '14D', 9),
(1544, '15D', 9),
(1545, '16D', 9),
(1546, '17D', 9),
(1547, '18D', 9),
(1548, '19D', 9),
(1549, '20D', 9),
(1550, '21D', 9),
(1551, '22D', 9),
(1552, '23D', 9),
(1553, '24D', 9),
(1554, '1E', 9),
(1555, '2E', 9),
(1556, '3E', 9),
(1557, '4E', 9),
(1558, '5E', 9),
(1559, '6E', 9),
(1560, '7E', 9),
(1561, '8E', 9),
(1562, '9E', 9),
(1563, '10E', 9),
(1564, '11E', 9),
(1565, '12E', 9),
(1566, '13E', 9),
(1567, '14E', 9),
(1568, '15E', 9),
(1569, '16E', 9),
(1570, '17E', 9),
(1571, '18E', 9),
(1572, '19E', 9),
(1573, '20E', 9),
(1574, '21E', 9),
(1575, '22E', 9),
(1576, '23E', 9),
(1577, '24E', 9),
(1578, '1F', 9),
(1579, '2F', 9),
(1580, '3F', 9),
(1581, '4F', 9),
(1582, '5F', 9),
(1583, '6F', 9),
(1584, '7F', 9),
(1585, '8F', 9),
(1586, '9F', 9),
(1587, '10F', 9),
(1588, '11F', 9),
(1589, '12F', 9),
(1590, '13F', 9),
(1591, '14F', 9),
(1592, '15F', 9),
(1593, '16F', 9),
(1594, '17F', 9),
(1595, '18F', 9),
(1596, '19F', 9),
(1597, '20F', 9),
(1598, '21F', 9),
(1599, '22F', 9),
(1600, '23F', 9),
(1601, '24F', 9),
(1602, '1G', 9),
(1603, '2G', 9),
(1604, '3G', 9),
(1605, '4G', 9),
(1606, '5G', 9),
(1607, '6G', 9),
(1608, '7G', 9),
(1609, '8G', 9),
(1610, '9G', 9),
(1611, '10G', 9),
(1612, '11G', 9),
(1613, '12G', 9),
(1614, '13G', 9),
(1615, '14G', 9),
(1616, '15G', 9),
(1617, '16G', 9),
(1618, '17G', 9),
(1619, '18G', 9),
(1620, '19G', 9),
(1621, '20G', 9),
(1622, '21G', 9),
(1623, '22G', 9),
(1624, '23G', 9),
(1625, '24G', 9),
(1626, '1H', 9),
(1627, '2H', 9),
(1628, '3H', 9),
(1629, '4H', 9),
(1630, '5H', 9),
(1631, '6H', 9),
(1632, '7H', 9),
(1633, '8H', 9),
(1634, '9H', 9),
(1635, '10H', 9),
(1636, '11H', 9),
(1637, '12H', 9),
(1638, '13H', 9),
(1639, '14H', 9),
(1640, '15H', 9),
(1641, '16H', 9),
(1642, '17H', 9),
(1643, '18H', 9),
(1644, '19H', 9),
(1645, '20H', 9),
(1646, '21H', 9),
(1647, '22H', 9),
(1648, '23H', 9),
(1649, '24H', 9),
(1650, '1I', 9),
(1651, '2I', 9),
(1652, '3I', 9),
(1653, '4I', 9),
(1654, '5I', 9),
(1655, '6I', 9),
(1656, '7I', 9),
(1657, '8I', 9),
(1658, '9I', 9),
(1659, '10I', 9),
(1660, '11I', 9),
(1661, '12I', 9),
(1662, '13I', 9),
(1663, '14I', 9),
(1664, '15I', 9),
(1665, '16I', 9),
(1666, '17I', 9),
(1667, '18I', 9),
(1668, '19I', 9),
(1669, '20I', 9),
(1670, '21I', 9),
(1671, '22I', 9),
(1672, '23I', 9),
(1673, '24I', 9),
(1674, '1J', 9),
(1675, '2J', 9),
(1676, '3J', 9),
(1677, '4J', 9),
(1678, '5J', 9),
(1679, '6J', 9),
(1680, '7J', 9),
(1681, '8J', 9),
(1682, '9J', 9),
(1683, '10J', 9),
(1684, '11J', 9),
(1685, '12J', 9),
(1686, '13J', 9),
(1687, '14J', 9),
(1688, '15J', 9),
(1689, '16J', 9),
(1690, '17J', 9),
(1691, '18J', 9),
(1692, '19J', 9),
(1693, '20J', 9),
(1694, '21J', 9),
(1695, '22J', 9),
(1696, '23J', 9),
(1697, '24J', 9),
(1698, '1K', 9),
(1699, '2K', 9),
(1700, '3K', 9),
(1701, '4K', 9),
(1702, '5K', 9),
(1703, '6K', 9),
(1704, '7K', 9),
(1705, '8K', 9),
(1706, '9K', 9),
(1707, '10K', 9),
(1708, '11K', 9),
(1709, '12K', 9),
(1710, '13K', 9),
(1711, '14K', 9),
(1712, '15K', 9),
(1713, '16K', 9),
(1714, '17K', 9),
(1715, '18K', 9),
(1716, '19K', 9),
(1717, '20K', 9),
(1718, '21K', 9),
(1719, '22K', 9),
(1720, '23K', 9),
(1721, '24K', 9),
(1722, '1L', 9),
(1723, '2L', 9),
(1724, '3L', 9),
(1725, '4L', 9),
(1726, '5L', 9),
(1727, '6L', 9),
(1728, '7L', 9),
(1729, '8L', 9),
(1730, '9L', 9),
(1731, '10L', 9),
(1732, '11L', 9),
(1733, '12L', 9),
(1734, '13L', 9),
(1735, '14L', 9),
(1736, '15L', 9),
(1737, '16L', 9),
(1738, '17L', 9),
(1739, '18L', 9),
(1740, '19L', 9),
(1741, '20L', 9),
(1742, '21L', 9),
(1743, '22L', 9),
(1744, '23L', 9),
(1745, '24L', 9),
(1746, '1M', 9),
(1747, '2M', 9),
(1748, '3M', 9),
(1749, '4M', 9),
(1750, '5M', 9),
(1751, '6M', 9),
(1752, '7M', 9),
(1753, '8M', 9),
(1754, '9M', 9),
(1755, '10M', 9),
(1756, '11M', 9),
(1757, '12M', 9),
(1758, '13M', 9),
(1759, '14M', 9),
(1760, '15M', 9),
(1761, '16M', 9),
(1762, '17M', 9),
(1763, '18M', 9),
(1764, '19M', 9),
(1765, '20M', 9),
(1766, '21M', 9),
(1767, '22M', 9),
(1768, '23M', 9),
(1769, '24M', 9),
(1770, '1N', 9),
(1771, '2N', 9),
(1772, '3N', 9),
(1773, '4N', 9),
(1774, '5N', 9),
(1775, '6N', 9),
(1776, '7N', 9),
(1777, '8N', 9),
(1778, '9N', 9),
(1779, '10N', 9),
(1780, '11N', 9),
(1781, '12N', 9),
(1782, '13N', 9),
(1783, '14N', 9),
(1784, '15N', 9),
(1785, '16N', 9),
(1786, '17N', 9),
(1787, '18N', 9),
(1788, '19N', 9),
(1789, '20N', 9),
(1790, '21N', 9),
(1791, '22N', 9),
(1792, '23N', 9),
(1793, '24N', 9),
(1794, '1O', 9),
(1795, '2O', 9),
(1796, '3O', 9),
(1797, '4O', 9),
(1798, '5O', 9),
(1799, '6O', 9),
(1800, '7O', 9),
(1801, '8O', 9),
(1802, '9O', 9),
(1803, '10O', 9),
(1804, '11O', 9),
(1805, '12O', 9),
(1806, '13O', 9),
(1807, '14O', 9),
(1808, '15O', 9),
(1809, '16O', 9),
(1810, '17O', 9),
(1811, '18O', 9),
(1812, '19O', 9),
(1813, '20O', 9),
(1814, '21O', 9),
(1815, '22O', 9),
(1816, '23O', 9),
(1817, '24O', 9),
(1818, '1P', 9),
(1819, '2P', 9),
(1820, '3P', 9),
(1821, '4P', 9),
(1822, '5P', 9),
(1823, '6P', 9),
(1824, '7P', 9),
(1825, '8P', 9),
(1826, '9P', 9),
(1827, '10P', 9),
(1828, '11P', 9),
(1829, '12P', 9),
(1830, '13P', 9),
(1831, '14P', 9),
(1832, '15P', 9),
(1833, '16P', 9),
(1834, '17P', 9),
(1835, '18P', 9),
(1836, '19P', 9),
(1837, '20P', 9),
(1838, '21P', 9),
(1839, '22P', 9),
(1840, '23P', 9),
(1841, '24P', 9),
(1842, '1Q', 9),
(1843, '2Q', 9),
(1844, '3Q', 9),
(1845, '4Q', 9),
(1846, '5Q', 9),
(1847, '6Q', 9),
(1848, '7Q', 9),
(1849, '8Q', 9),
(1850, '9Q', 9),
(1851, '10Q', 9),
(1852, '11Q', 9),
(1853, '12Q', 9),
(1854, '13Q', 9),
(1855, '14Q', 9),
(1856, '15Q', 9),
(1857, '16Q', 9),
(1858, '17Q', 9),
(1859, '18Q', 9),
(1860, '19Q', 9),
(1861, '20Q', 9),
(1862, '21Q', 9),
(1863, '22Q', 9),
(1864, '23Q', 9),
(1865, '24Q', 9),
(1866, '1R', 9),
(1867, '2R', 9),
(1868, '3R', 9),
(1869, '4R', 9),
(1870, '5R', 9),
(1871, '6R', 9),
(1872, '7R', 9),
(1873, '8R', 9),
(1874, '9R', 9),
(1875, '10R', 9),
(1876, '11R', 9),
(1877, '12R', 9),
(1878, '13R', 9),
(1879, '14R', 9),
(1880, '15R', 9),
(1881, '16R', 9),
(1882, '17R', 9),
(1883, '18R', 9),
(1884, '19R', 9),
(1885, '20R', 9),
(1886, '21R', 9),
(1887, '22R', 9),
(1888, '23R', 9),
(1889, '24R', 9),
(1890, '1S', 9),
(1891, '2S', 9),
(1892, '3S', 9),
(1893, '4S', 9),
(1894, '5S', 9),
(1895, '6S', 9),
(1896, '7S', 9),
(1897, '8S', 9),
(1898, '9S', 9),
(1899, '10S', 9),
(1900, '11S', 9),
(1901, '12S', 9),
(1902, '13S', 9),
(1903, '14S', 9),
(1904, '15S', 9),
(1905, '16S', 9),
(1906, '17S', 9),
(1907, '18S', 9),
(1908, '19S', 9),
(1909, '20S', 9),
(1910, '21S', 9),
(1911, '22S', 9),
(1912, '23S', 9),
(1913, '24S', 9),
(1914, '1T', 9),
(1915, '2T', 9),
(1916, '3T', 9),
(1917, '4T', 9),
(1918, '5T', 9),
(1919, '6T', 9),
(1920, '7T', 9),
(1921, '8T', 9),
(1922, '9T', 9),
(1923, '10T', 9),
(1924, '11T', 9),
(1925, '12T', 9),
(1926, '13T', 9),
(1927, '14T', 9),
(1928, '15T', 9),
(1929, '16T', 9),
(1930, '17T', 9),
(1931, '18T', 9),
(1932, '19T', 9),
(1933, '20T', 9),
(1934, '21T', 9),
(1935, '22T', 9),
(1936, '23T', 9),
(1937, '24T', 9),
(1938, '1U', 9),
(1939, '2U', 9),
(1940, '3U', 9),
(1941, '4U', 9),
(1942, '5U', 9),
(1943, '6U', 9),
(1944, '7U', 9),
(1945, '8U', 9),
(1946, '9U', 9),
(1947, '10U', 9),
(1948, '11U', 9),
(1949, '12U', 9),
(1950, '13U', 9),
(1951, '14U', 9),
(1952, '15U', 9),
(1953, '16U', 9),
(1954, '17U', 9),
(1955, '18U', 9),
(1956, '19U', 9),
(1957, '20U', 9),
(1958, '21U', 9),
(1959, '22U', 9),
(1960, '23U', 9),
(1961, '24U', 9),
(1962, '1V', 9),
(1963, '2V', 9),
(1964, '3V', 9),
(1965, '4V', 9),
(1966, '5V', 9),
(1967, '6V', 9),
(1968, '7V', 9),
(1969, '8V', 9),
(1970, '9V', 9),
(1971, '10V', 9),
(1972, '11V', 9),
(1973, '12V', 9),
(1974, '13V', 9),
(1975, '14V', 9),
(1976, '15V', 9),
(1977, '16V', 9),
(1978, '17V', 9),
(1979, '18V', 9),
(1980, '19V', 9),
(1981, '20V', 9),
(1982, '21V', 9),
(1983, '22V', 9),
(1984, '23V', 9),
(1985, '24V', 9),
(1986, '1W', 9),
(1987, '2W', 9),
(1988, '3W', 9),
(1989, '4W', 9),
(1990, '5W', 9),
(1991, '6W', 9),
(1992, '7W', 9),
(1993, '8W', 9),
(1994, '9W', 9),
(1995, '10W', 9),
(1996, '11W', 9),
(1997, '12W', 9),
(1998, '13W', 9),
(1999, '14W', 9),
(2000, '15W', 9),
(2001, '16W', 9),
(2002, '17W', 9),
(2003, '18W', 9),
(2004, '19W', 9),
(2005, '20W', 9),
(2006, '21W', 9),
(2007, '22W', 9),
(2008, '23W', 9),
(2009, '24W', 9),
(2010, '1X', 9),
(2011, '2X', 9),
(2012, '3X', 9),
(2013, '4X', 9),
(2014, '5X', 9),
(2015, '6X', 9),
(2016, '7X', 9),
(2017, '8X', 9),
(2018, '9X', 9),
(2019, '10X', 9),
(2020, '11X', 9),
(2021, '12X', 9),
(2022, '13X', 9),
(2023, '14X', 9),
(2024, '15X', 9),
(2025, '16X', 9),
(2026, '17X', 9),
(2027, '18X', 9),
(2028, '19X', 9),
(2029, '20X', 9),
(2030, '21X', 9),
(2031, '22X', 9),
(2032, '23X', 9),
(2033, '24X', 9),
(2034, '1A', 10),
(2035, '2A', 10),
(2036, '3A', 10),
(2037, '4A', 10),
(2038, '5A', 10),
(2039, '6A', 10),
(2040, '7A', 10),
(2041, '8A', 10),
(2042, '9A', 10),
(2043, '10A', 10),
(2044, '11A', 10),
(2045, '12A', 10),
(2046, '13A', 10),
(2047, '14A', 10),
(2048, '15A', 10),
(2049, '16A', 10),
(2050, '17A', 10),
(2051, '18A', 10),
(2052, '19A', 10),
(2053, '20A', 10),
(2054, '21A', 10),
(2055, '22A', 10),
(2056, '23A', 10),
(2057, '24A', 10),
(2058, '1B', 10),
(2059, '2B', 10),
(2060, '3B', 10),
(2061, '4B', 10),
(2062, '5B', 10),
(2063, '6B', 10),
(2064, '7B', 10),
(2065, '8B', 10),
(2066, '9B', 10),
(2067, '10B', 10),
(2068, '11B', 10),
(2069, '12B', 10),
(2070, '13B', 10),
(2071, '14B', 10),
(2072, '15B', 10),
(2073, '16B', 10),
(2074, '17B', 10),
(2075, '18B', 10),
(2076, '19B', 10),
(2077, '20B', 10),
(2078, '21B', 10),
(2079, '22B', 10),
(2080, '23B', 10),
(2081, '24B', 10),
(2082, '1C', 10),
(2083, '2C', 10),
(2084, '3C', 10),
(2085, '4C', 10),
(2086, '5C', 10),
(2087, '6C', 10),
(2088, '7C', 10),
(2089, '8C', 10),
(2090, '9C', 10),
(2091, '10C', 10),
(2092, '11C', 10),
(2093, '12C', 10),
(2094, '13C', 10),
(2095, '14C', 10),
(2096, '15C', 10),
(2097, '16C', 10),
(2098, '17C', 10),
(2099, '18C', 10),
(2100, '19C', 10),
(2101, '20C', 10),
(2102, '21C', 10),
(2103, '22C', 10),
(2104, '23C', 10),
(2105, '24C', 10),
(2106, '1D', 10),
(2107, '2D', 10),
(2108, '3D', 10),
(2109, '4D', 10),
(2110, '5D', 10),
(2111, '6D', 10),
(2112, '7D', 10),
(2113, '8D', 10),
(2114, '9D', 10),
(2115, '10D', 10),
(2116, '11D', 10),
(2117, '12D', 10),
(2118, '13D', 10),
(2119, '14D', 10),
(2120, '15D', 10),
(2121, '16D', 10),
(2122, '17D', 10),
(2123, '18D', 10),
(2124, '19D', 10),
(2125, '20D', 10),
(2126, '21D', 10),
(2127, '22D', 10),
(2128, '23D', 10),
(2129, '24D', 10),
(2130, '1E', 10),
(2131, '2E', 10),
(2132, '3E', 10),
(2133, '4E', 10),
(2134, '5E', 10),
(2135, '6E', 10),
(2136, '7E', 10),
(2137, '8E', 10),
(2138, '9E', 10),
(2139, '10E', 10),
(2140, '11E', 10),
(2141, '12E', 10),
(2142, '13E', 10),
(2143, '14E', 10),
(2144, '15E', 10),
(2145, '16E', 10),
(2146, '17E', 10),
(2147, '18E', 10),
(2148, '19E', 10),
(2149, '20E', 10),
(2150, '21E', 10),
(2151, '22E', 10),
(2152, '23E', 10),
(2153, '24E', 10),
(2154, '1F', 10),
(2155, '2F', 10),
(2156, '3F', 10),
(2157, '4F', 10),
(2158, '5F', 10),
(2159, '6F', 10),
(2160, '7F', 10),
(2161, '8F', 10),
(2162, '9F', 10),
(2163, '10F', 10),
(2164, '11F', 10),
(2165, '12F', 10),
(2166, '13F', 10),
(2167, '14F', 10),
(2168, '15F', 10),
(2169, '16F', 10),
(2170, '17F', 10),
(2171, '18F', 10),
(2172, '19F', 10),
(2173, '20F', 10),
(2174, '21F', 10),
(2175, '22F', 10),
(2176, '23F', 10),
(2177, '24F', 10),
(2178, '1G', 10),
(2179, '2G', 10),
(2180, '3G', 10),
(2181, '4G', 10),
(2182, '5G', 10),
(2183, '6G', 10),
(2184, '7G', 10),
(2185, '8G', 10),
(2186, '9G', 10),
(2187, '10G', 10),
(2188, '11G', 10),
(2189, '12G', 10),
(2190, '13G', 10),
(2191, '14G', 10),
(2192, '15G', 10),
(2193, '16G', 10),
(2194, '17G', 10),
(2195, '18G', 10),
(2196, '19G', 10),
(2197, '20G', 10),
(2198, '21G', 10),
(2199, '22G', 10),
(2200, '23G', 10),
(2201, '24G', 10),
(2202, '1H', 10),
(2203, '2H', 10),
(2204, '3H', 10),
(2205, '4H', 10),
(2206, '5H', 10),
(2207, '6H', 10),
(2208, '7H', 10),
(2209, '8H', 10),
(2210, '9H', 10),
(2211, '10H', 10),
(2212, '11H', 10),
(2213, '12H', 10),
(2214, '13H', 10),
(2215, '14H', 10),
(2216, '15H', 10),
(2217, '16H', 10),
(2218, '17H', 10),
(2219, '18H', 10),
(2220, '19H', 10),
(2221, '20H', 10),
(2222, '21H', 10),
(2223, '22H', 10),
(2224, '23H', 10),
(2225, '24H', 10),
(2226, '1I', 10),
(2227, '2I', 10),
(2228, '3I', 10),
(2229, '4I', 10),
(2230, '5I', 10),
(2231, '6I', 10),
(2232, '7I', 10),
(2233, '8I', 10),
(2234, '9I', 10),
(2235, '10I', 10),
(2236, '11I', 10),
(2237, '12I', 10),
(2238, '13I', 10),
(2239, '14I', 10),
(2240, '15I', 10),
(2241, '16I', 10),
(2242, '17I', 10),
(2243, '18I', 10),
(2244, '19I', 10),
(2245, '20I', 10),
(2246, '21I', 10),
(2247, '22I', 10),
(2248, '23I', 10),
(2249, '24I', 10),
(2250, '1J', 10),
(2251, '2J', 10),
(2252, '3J', 10),
(2253, '4J', 10),
(2254, '5J', 10),
(2255, '6J', 10),
(2256, '7J', 10),
(2257, '8J', 10),
(2258, '9J', 10),
(2259, '10J', 10),
(2260, '11J', 10),
(2261, '12J', 10),
(2262, '13J', 10),
(2263, '14J', 10),
(2264, '15J', 10),
(2265, '16J', 10),
(2266, '17J', 10),
(2267, '18J', 10),
(2268, '19J', 10),
(2269, '20J', 10),
(2270, '21J', 10),
(2271, '22J', 10),
(2272, '23J', 10),
(2273, '24J', 10),
(2274, '1K', 10),
(2275, '2K', 10),
(2276, '3K', 10),
(2277, '4K', 10),
(2278, '5K', 10),
(2279, '6K', 10),
(2280, '7K', 10),
(2281, '8K', 10),
(2282, '9K', 10),
(2283, '10K', 10),
(2284, '11K', 10),
(2285, '12K', 10),
(2286, '13K', 10),
(2287, '14K', 10),
(2288, '15K', 10),
(2289, '16K', 10),
(2290, '17K', 10),
(2291, '18K', 10),
(2292, '19K', 10),
(2293, '20K', 10),
(2294, '21K', 10),
(2295, '22K', 10),
(2296, '23K', 10),
(2297, '24K', 10),
(2298, '1L', 10),
(2299, '2L', 10),
(2300, '3L', 10),
(2301, '4L', 10),
(2302, '5L', 10),
(2303, '6L', 10),
(2304, '7L', 10),
(2305, '8L', 10),
(2306, '9L', 10),
(2307, '10L', 10),
(2308, '11L', 10),
(2309, '12L', 10),
(2310, '13L', 10),
(2311, '14L', 10),
(2312, '15L', 10),
(2313, '16L', 10),
(2314, '17L', 10),
(2315, '18L', 10),
(2316, '19L', 10),
(2317, '20L', 10),
(2318, '21L', 10),
(2319, '22L', 10),
(2320, '23L', 10),
(2321, '24L', 10),
(2322, '1M', 10),
(2323, '2M', 10),
(2324, '3M', 10),
(2325, '4M', 10),
(2326, '5M', 10),
(2327, '6M', 10),
(2328, '7M', 10),
(2329, '8M', 10),
(2330, '9M', 10),
(2331, '10M', 10),
(2332, '11M', 10),
(2333, '12M', 10),
(2334, '13M', 10),
(2335, '14M', 10),
(2336, '15M', 10),
(2337, '16M', 10),
(2338, '17M', 10),
(2339, '18M', 10),
(2340, '19M', 10),
(2341, '20M', 10),
(2342, '21M', 10),
(2343, '22M', 10),
(2344, '23M', 10),
(2345, '24M', 10),
(2346, '1N', 10),
(2347, '2N', 10),
(2348, '3N', 10),
(2349, '4N', 10),
(2350, '5N', 10),
(2351, '6N', 10),
(2352, '7N', 10),
(2353, '8N', 10),
(2354, '9N', 10),
(2355, '10N', 10),
(2356, '11N', 10),
(2357, '12N', 10),
(2358, '13N', 10),
(2359, '14N', 10),
(2360, '15N', 10),
(2361, '16N', 10),
(2362, '17N', 10),
(2363, '18N', 10),
(2364, '19N', 10),
(2365, '20N', 10),
(2366, '21N', 10),
(2367, '22N', 10),
(2368, '23N', 10),
(2369, '24N', 10),
(2370, '1O', 10),
(2371, '2O', 10),
(2372, '3O', 10),
(2373, '4O', 10),
(2374, '5O', 10),
(2375, '6O', 10),
(2376, '7O', 10),
(2377, '8O', 10),
(2378, '9O', 10),
(2379, '10O', 10),
(2380, '11O', 10),
(2381, '12O', 10),
(2382, '13O', 10),
(2383, '14O', 10),
(2384, '15O', 10),
(2385, '16O', 10),
(2386, '17O', 10),
(2387, '18O', 10),
(2388, '19O', 10),
(2389, '20O', 10),
(2390, '21O', 10),
(2391, '22O', 10),
(2392, '23O', 10),
(2393, '24O', 10),
(2394, '1P', 10),
(2395, '2P', 10),
(2396, '3P', 10),
(2397, '4P', 10),
(2398, '5P', 10),
(2399, '6P', 10),
(2400, '7P', 10),
(2401, '8P', 10),
(2402, '9P', 10),
(2403, '10P', 10),
(2404, '11P', 10),
(2405, '12P', 10),
(2406, '13P', 10),
(2407, '14P', 10),
(2408, '15P', 10),
(2409, '16P', 10),
(2410, '17P', 10),
(2411, '18P', 10),
(2412, '19P', 10),
(2413, '20P', 10),
(2414, '21P', 10),
(2415, '22P', 10),
(2416, '23P', 10),
(2417, '24P', 10),
(2418, '1Q', 10),
(2419, '2Q', 10),
(2420, '3Q', 10),
(2421, '4Q', 10),
(2422, '5Q', 10),
(2423, '6Q', 10),
(2424, '7Q', 10),
(2425, '8Q', 10),
(2426, '9Q', 10),
(2427, '10Q', 10),
(2428, '11Q', 10),
(2429, '12Q', 10),
(2430, '13Q', 10),
(2431, '14Q', 10),
(2432, '15Q', 10),
(2433, '16Q', 10),
(2434, '17Q', 10),
(2435, '18Q', 10),
(2436, '19Q', 10),
(2437, '20Q', 10),
(2438, '21Q', 10),
(2439, '22Q', 10),
(2440, '23Q', 10),
(2441, '24Q', 10),
(2442, '1R', 10),
(2443, '2R', 10),
(2444, '3R', 10),
(2445, '4R', 10),
(2446, '5R', 10),
(2447, '6R', 10),
(2448, '7R', 10),
(2449, '8R', 10),
(2450, '9R', 10),
(2451, '10R', 10),
(2452, '11R', 10),
(2453, '12R', 10),
(2454, '13R', 10),
(2455, '14R', 10),
(2456, '15R', 10),
(2457, '16R', 10),
(2458, '17R', 10),
(2459, '18R', 10),
(2460, '19R', 10),
(2461, '20R', 10),
(2462, '21R', 10),
(2463, '22R', 10),
(2464, '23R', 10),
(2465, '24R', 10),
(2466, '1S', 10),
(2467, '2S', 10),
(2468, '3S', 10),
(2469, '4S', 10),
(2470, '5S', 10),
(2471, '6S', 10),
(2472, '7S', 10),
(2473, '8S', 10),
(2474, '9S', 10),
(2475, '10S', 10),
(2476, '11S', 10),
(2477, '12S', 10),
(2478, '13S', 10),
(2479, '14S', 10),
(2480, '15S', 10),
(2481, '16S', 10),
(2482, '17S', 10),
(2483, '18S', 10),
(2484, '19S', 10),
(2485, '20S', 10),
(2486, '21S', 10),
(2487, '22S', 10),
(2488, '23S', 10),
(2489, '24S', 10),
(2490, '1T', 10),
(2491, '2T', 10),
(2492, '3T', 10),
(2493, '4T', 10),
(2494, '5T', 10),
(2495, '6T', 10),
(2496, '7T', 10),
(2497, '8T', 10),
(2498, '9T', 10),
(2499, '10T', 10),
(2500, '11T', 10),
(2501, '12T', 10),
(2502, '13T', 10),
(2503, '14T', 10),
(2504, '15T', 10),
(2505, '16T', 10),
(2506, '17T', 10),
(2507, '18T', 10),
(2508, '19T', 10),
(2509, '20T', 10),
(2510, '21T', 10),
(2511, '22T', 10),
(2512, '23T', 10),
(2513, '24T', 10),
(2514, '1U', 10),
(2515, '2U', 10),
(2516, '3U', 10),
(2517, '4U', 10),
(2518, '5U', 10),
(2519, '6U', 10),
(2520, '7U', 10),
(2521, '8U', 10),
(2522, '9U', 10),
(2523, '10U', 10),
(2524, '11U', 10),
(2525, '12U', 10),
(2526, '13U', 10),
(2527, '14U', 10),
(2528, '15U', 10),
(2529, '16U', 10),
(2530, '17U', 10),
(2531, '18U', 10),
(2532, '19U', 10),
(2533, '20U', 10),
(2534, '21U', 10),
(2535, '22U', 10),
(2536, '23U', 10),
(2537, '24U', 10),
(2538, '1V', 10),
(2539, '2V', 10),
(2540, '3V', 10),
(2541, '4V', 10),
(2542, '5V', 10),
(2543, '6V', 10),
(2544, '7V', 10),
(2545, '8V', 10),
(2546, '9V', 10),
(2547, '10V', 10),
(2548, '11V', 10),
(2549, '12V', 10),
(2550, '13V', 10),
(2551, '14V', 10),
(2552, '15V', 10),
(2553, '16V', 10),
(2554, '17V', 10),
(2555, '18V', 10),
(2556, '19V', 10),
(2557, '20V', 10),
(2558, '21V', 10),
(2559, '22V', 10),
(2560, '23V', 10),
(2561, '24V', 10),
(2562, '1W', 10),
(2563, '2W', 10),
(2564, '3W', 10),
(2565, '4W', 10),
(2566, '5W', 10),
(2567, '6W', 10),
(2568, '7W', 10),
(2569, '8W', 10),
(2570, '9W', 10),
(2571, '10W', 10),
(2572, '11W', 10),
(2573, '12W', 10),
(2574, '13W', 10),
(2575, '14W', 10),
(2576, '15W', 10),
(2577, '16W', 10),
(2578, '17W', 10),
(2579, '18W', 10),
(2580, '19W', 10),
(2581, '20W', 10),
(2582, '21W', 10),
(2583, '22W', 10),
(2584, '23W', 10),
(2585, '24W', 10),
(2586, '1X', 10),
(2587, '2X', 10),
(2588, '3X', 10),
(2589, '4X', 10),
(2590, '5X', 10),
(2591, '6X', 10),
(2592, '7X', 10),
(2593, '8X', 10),
(2594, '9X', 10),
(2595, '10X', 10),
(2596, '11X', 10),
(2597, '12X', 10),
(2598, '13X', 10),
(2599, '14X', 10),
(2600, '15X', 10),
(2601, '16X', 10),
(2602, '17X', 10),
(2603, '18X', 10),
(2604, '19X', 10),
(2605, '20X', 10),
(2606, '21X', 10),
(2607, '22X', 10),
(2608, '23X', 10),
(2609, '24X', 10),
(2810, 'AL200', 11),
(2811, 'AL201', 11),
(2812, 'AL202', 11),
(2813, 'AL203', 11),
(2814, 'AL204', 11),
(2815, 'AL205', 11),
(2816, 'AL206', 11),
(2817, 'AL207', 11),
(2818, 'AL208', 11),
(2819, 'AL209', 11),
(2820, 'AL210', 11),
(2821, 'AL211', 11),
(2822, 'AL212', 11),
(2823, 'AL213', 11),
(2824, 'AL214', 11),
(2825, 'AL215', 11),
(2826, 'AL216', 11),
(2827, 'AL217', 11),
(2828, 'AL218', 11),
(2829, 'AL219', 11),
(2830, 'AL220', 11),
(2831, 'AL221', 11),
(2832, 'AL222', 11),
(2833, 'AL223', 11),
(2834, 'AL224', 11),
(2835, 'AL225', 11),
(2836, 'AL226', 11),
(2837, 'AL227', 11),
(2838, 'AL228', 11),
(2839, 'AL229', 11),
(2840, 'AL230', 11),
(2841, 'AL231', 11),
(2842, 'AL232', 11),
(2843, 'AL233', 11),
(2844, 'AL234', 11),
(2845, 'AL235', 11),
(2846, 'AL236', 11),
(2847, 'AL237', 11),
(2848, 'AL238', 11),
(2849, 'AL239', 11),
(2850, 'AL240', 11),
(2851, 'AL241', 11),
(2852, 'AL242', 11),
(2853, 'AL243', 11),
(2854, 'AL244', 11),
(2855, 'AL245', 11),
(2856, 'AL246', 11),
(2857, 'AL247', 11),
(2858, 'AL248', 11),
(2859, 'AL249', 11),
(2860, 'AL250', 11),
(2861, 'AL251', 11),
(2862, 'AL252', 11),
(2863, 'AL253', 11),
(2864, 'AL254', 11),
(2865, 'AL255', 11),
(2866, 'AL256', 11),
(2867, 'AL257', 11),
(2868, 'AL258', 11),
(2869, 'AL259', 11),
(2870, 'AL260', 11),
(2871, 'AL261', 11),
(2872, 'AL262', 11),
(2873, 'AL263', 11),
(2874, 'AL264', 11),
(2875, 'AL265', 11),
(2876, 'AL266', 11),
(2877, 'AL267', 11),
(2878, 'AL268', 11),
(2879, 'AL269', 11),
(2880, 'AL270', 11),
(2881, 'AL271', 11),
(2882, 'AL272', 11),
(2883, 'AL273', 11),
(2884, 'AL274', 11),
(2885, 'AL275', 11),
(2886, 'AL276', 11),
(2887, 'AL277', 11),
(2888, 'AL278', 11),
(2889, 'AL279', 11),
(2890, 'AL280', 11),
(2891, 'AL281', 11),
(2892, 'AL282', 11),
(2893, 'AL283', 11),
(2894, 'AL284', 11),
(2895, 'AL285', 11),
(2896, 'AL286', 11),
(2897, 'AL287', 11),
(2898, 'AL288', 11),
(2899, 'AL289', 11),
(2900, 'AL290', 11),
(2901, 'AL291', 11),
(2902, 'AL292', 11),
(2903, 'AL293', 11),
(2904, 'AL294', 11),
(2905, 'AL295', 11),
(2906, 'AL296', 11),
(2907, 'AL297', 11),
(2908, 'AL298', 11),
(2909, 'AL299', 11),
(2910, 'AR0', 12),
(2911, 'AR1', 12),
(2912, 'AR2', 12),
(2913, 'AR3', 12),
(2914, 'AR4', 12),
(2915, 'AR5', 12),
(2916, 'AR6', 12),
(2917, 'AR7', 12),
(2918, 'AR8', 12),
(2919, 'AR9', 12),
(2920, 'AR10', 12),
(2921, 'AR11', 12),
(2922, 'AR12', 12),
(2923, 'AR13', 12),
(2924, 'AR14', 12),
(2925, 'AR15', 12),
(2926, 'AR16', 12),
(2927, 'AR17', 12),
(2928, 'AR18', 12),
(2929, 'AR19', 12),
(2930, 'AR20', 12),
(2931, 'AR21', 12),
(2932, 'AR22', 12),
(2933, 'AR23', 12),
(2934, 'AR24', 12),
(2935, 'AR25', 12),
(2936, 'AR26', 12),
(2937, 'AR27', 12),
(2938, 'AR28', 12),
(2939, 'AR29', 12),
(2940, 'AR30', 12),
(2941, 'AR31', 12),
(2942, 'AR32', 12),
(2943, 'AR33', 12),
(2944, 'AR34', 12),
(2945, 'AR35', 12),
(2946, 'AR36', 12),
(2947, 'AR37', 12),
(2948, 'AR38', 12),
(2949, 'AR39', 12),
(2950, 'AR40', 12),
(2951, 'AR41', 12),
(2952, 'AR42', 12),
(2953, 'AR43', 12),
(2954, 'AR44', 12),
(2955, 'AR45', 12),
(2956, 'AR46', 12),
(2957, 'AR47', 12),
(2958, 'AR48', 12),
(2959, 'AR49', 12),
(2960, 'AR50', 12),
(2961, 'AR51', 12),
(2962, 'AR52', 12),
(2963, 'AR53', 12),
(2964, 'AR54', 12),
(2965, 'AR55', 12),
(2966, 'AR56', 12),
(2967, 'AR57', 12),
(2968, 'AR58', 12),
(2969, 'AR59', 12),
(2970, 'AR60', 12),
(2971, 'AR61', 12),
(2972, 'AR62', 12),
(2973, 'AR63', 12),
(2974, 'AR64', 12),
(2975, 'AR65', 12),
(2976, 'AR66', 12),
(2977, 'AR67', 12),
(2978, 'AR68', 12),
(2979, 'AR69', 12),
(2980, 'AR70', 12),
(2981, 'AR71', 12),
(2982, 'AR72', 12),
(2983, 'AR73', 12),
(2984, 'AR74', 12),
(2985, 'AR75', 12),
(2986, 'AR76', 12),
(2987, 'AR77', 12),
(2988, 'AR78', 12),
(2989, 'AR79', 12),
(2990, 'AR80', 12),
(2991, 'AR81', 12),
(2992, 'AR82', 12),
(2993, 'AR83', 12),
(2994, 'AR84', 12),
(2995, 'AR85', 12),
(2996, 'AR86', 12),
(2997, 'AR87', 12),
(2998, 'AR88', 12),
(2999, 'AR89', 12),
(3000, 'AR90', 12),
(3001, 'AR91', 12),
(3002, 'AR92', 12),
(3003, 'AR93', 12),
(3004, 'AR94', 12),
(3005, 'AR95', 12),
(3006, 'AR96', 12),
(3007, 'AR97', 12),
(3008, 'AR98', 12),
(3009, 'AR99', 12),
(3010, '13A', 13),
(3011, '14A', 13),
(3012, '15A', 13),
(3013, '16A', 13),
(3014, '17A', 13),
(3015, '18A', 13),
(3016, '19A', 13),
(3017, '20A', 13),
(3018, '21A', 13),
(3019, '22A', 13),
(3020, '23A', 13),
(3021, '24A', 13),
(3022, '13B', 13),
(3023, '14B', 13),
(3024, '15B', 13),
(3025, '16B', 13),
(3026, '17B', 13),
(3027, '18B', 13),
(3028, '19B', 13),
(3029, '20B', 13),
(3030, '21B', 13),
(3031, '22B', 13),
(3032, '23B', 13),
(3033, '24B', 13),
(3034, '13C', 13),
(3035, '14C', 13),
(3036, '15C', 13),
(3037, '16C', 13),
(3038, '17C', 13),
(3039, '18C', 13),
(3040, '19C', 13),
(3041, '20C', 13),
(3042, '21C', 13),
(3043, '22C', 13),
(3044, '23C', 13),
(3045, '24C', 13),
(3046, '13D', 13),
(3047, '14D', 13),
(3048, '15D', 13),
(3049, '16D', 13),
(3050, '17D', 13),
(3051, '18D', 13),
(3052, '19D', 13),
(3053, '20D', 13),
(3054, '21D', 13),
(3055, '22D', 13),
(3056, '23D', 13),
(3057, '24D', 13),
(3058, '1E', 13),
(3059, '2E', 13),
(3060, '3E', 13),
(3061, '4E', 13),
(3062, '5E', 13),
(3063, '6E', 13),
(3064, '7E', 13),
(3065, '8E', 13),
(3066, '9E', 13),
(3067, '10E', 13),
(3068, '11E', 13),
(3069, '12E', 13),
(3070, '13E', 13),
(3071, '14E', 13),
(3072, '15E', 13),
(3073, '16E', 13),
(3074, '17E', 13),
(3075, '18E', 13),
(3076, '19E', 13),
(3077, '20E', 13),
(3078, '21E', 13),
(3079, '22E', 13),
(3080, '23E', 13),
(3081, '24E', 13),
(3082, '1F', 13),
(3083, '2F', 13),
(3084, '3F', 13),
(3085, '4F', 13),
(3086, '5F', 13),
(3087, '6F', 13),
(3088, '7F', 13),
(3089, '8F', 13),
(3090, '9F', 13),
(3091, '10F', 13),
(3092, '11F', 13),
(3093, '12F', 13),
(3094, '13F', 13),
(3095, '14F', 13),
(3096, '15F', 13),
(3097, '16F', 13),
(3098, '17F', 13),
(3099, '18F', 13),
(3100, '19F', 13),
(3101, '20F', 13),
(3102, '21F', 13),
(3103, '22F', 13),
(3104, '23F', 13),
(3105, '24F', 13),
(3106, '1G', 13),
(3107, '2G', 13),
(3108, '3G', 13),
(3109, '4G', 13),
(3110, '5G', 13),
(3111, '6G', 13),
(3112, '7G', 13),
(3113, '8G', 13),
(3114, '9G', 13),
(3115, '10G', 13),
(3116, '11G', 13),
(3117, '12G', 13),
(3118, '13G', 13),
(3119, '14G', 13),
(3120, '15G', 13),
(3121, '16G', 13),
(3122, '17G', 13),
(3123, '18G', 13),
(3124, '19G', 13),
(3125, '20G', 13),
(3126, '21G', 13),
(3127, '22G', 13),
(3128, '23G', 13),
(3129, '24G', 13),
(3130, '1H', 13),
(3131, '2H', 13),
(3132, '3H', 13),
(3133, '4H', 13),
(3134, '5H', 13),
(3135, '6H', 13),
(3136, '7H', 13),
(3137, '8H', 13),
(3138, '9H', 13),
(3139, '10H', 13),
(3140, '11H', 13),
(3141, '12H', 13),
(3142, '13H', 13),
(3143, '14H', 13),
(3144, '15H', 13),
(3145, '16H', 13),
(3146, '17H', 13),
(3147, '18H', 13),
(3148, '19H', 13),
(3149, '20H', 13),
(3150, '21H', 13),
(3151, '22H', 13),
(3152, '23H', 13),
(3153, '24H', 13),
(3154, '1I', 13),
(3155, '2I', 13),
(3156, '3I', 13),
(3157, '4I', 13),
(3158, '5I', 13),
(3159, '6I', 13),
(3160, '7I', 13),
(3161, '8I', 13),
(3162, '9I', 13),
(3163, '10I', 13),
(3164, '11I', 13),
(3165, '12I', 13),
(3166, '13I', 13),
(3167, '14I', 13),
(3168, '15I', 13),
(3169, '16I', 13),
(3170, '17I', 13),
(3171, '18I', 13),
(3172, '19I', 13),
(3173, '20I', 13),
(3174, '21I', 13),
(3175, '22I', 13),
(3176, '23I', 13),
(3177, '24I', 13),
(3178, '1J', 13),
(3179, '2J', 13),
(3180, '3J', 13),
(3181, '4J', 13),
(3182, '5J', 13),
(3183, '6J', 13),
(3184, '7J', 13),
(3185, '8J', 13),
(3186, '9J', 13),
(3187, '10J', 13),
(3188, '11J', 13),
(3189, '12J', 13),
(3190, '13J', 13),
(3191, '14J', 13),
(3192, '15J', 13),
(3193, '16J', 13),
(3194, '17J', 13),
(3195, '18J', 13),
(3196, '19J', 13),
(3197, '20J', 13),
(3198, '21J', 13),
(3199, '22J', 13),
(3200, '23J', 13),
(3201, '24J', 13),
(3202, '1K', 13),
(3203, '2K', 13),
(3204, '3K', 13),
(3205, '4K', 13),
(3206, '5K', 13),
(3207, '6K', 13),
(3208, '7K', 13),
(3209, '8K', 13),
(3210, '9K', 13),
(3211, '10K', 13),
(3212, '11K', 13),
(3213, '12K', 13),
(3214, '13K', 13),
(3215, '14K', 13),
(3216, '15K', 13),
(3217, '16K', 13),
(3218, '17K', 13),
(3219, '18K', 13),
(3220, '19K', 13),
(3221, '20K', 13),
(3222, '21K', 13),
(3223, '22K', 13),
(3224, '23K', 13),
(3225, '24K', 13),
(3226, '1L', 13),
(3227, '2L', 13),
(3228, '3L', 13),
(3229, '4L', 13),
(3230, '5L', 13),
(3231, '6L', 13),
(3232, '7L', 13),
(3233, '8L', 13),
(3234, '9L', 13),
(3235, '10L', 13),
(3236, '11L', 13),
(3237, '12L', 13),
(3238, '13L', 13),
(3239, '14L', 13),
(3240, '15L', 13),
(3241, '16L', 13),
(3242, '17L', 13),
(3243, '18L', 13),
(3244, '19L', 13),
(3245, '20L', 13),
(3246, '21L', 13),
(3247, '22L', 13),
(3248, '23L', 13),
(3249, '24L', 13),
(3250, '1M', 13),
(3251, '2M', 13),
(3252, '3M', 13),
(3253, '4M', 13),
(3254, '5M', 13),
(3255, '6M', 13),
(3256, '7M', 13),
(3257, '8M', 13),
(3258, '9M', 13),
(3259, '10M', 13),
(3260, '11M', 13),
(3261, '12M', 13),
(3262, '13M', 13),
(3263, '14M', 13),
(3264, '15M', 13),
(3265, '16M', 13),
(3266, '17M', 13),
(3267, '18M', 13),
(3268, '19M', 13),
(3269, '20M', 13),
(3270, '21M', 13),
(3271, '22M', 13),
(3272, '23M', 13),
(3273, '24M', 13),
(3274, '1N', 13),
(3275, '2N', 13),
(3276, '3N', 13),
(3277, '4N', 13),
(3278, '5N', 13),
(3279, '6N', 13),
(3280, '7N', 13),
(3281, '8N', 13),
(3282, '9N', 13),
(3283, '10N', 13),
(3284, '11N', 13),
(3285, '12N', 13),
(3286, '13N', 13),
(3287, '14N', 13),
(3288, '15N', 13),
(3289, '16N', 13),
(3290, '17N', 13),
(3291, '18N', 13),
(3292, '19N', 13),
(3293, '20N', 13),
(3294, '21N', 13),
(3295, '22N', 13),
(3296, '23N', 13),
(3297, '24N', 13),
(3298, '1O', 13),
(3299, '2O', 13),
(3300, '3O', 13),
(3301, '4O', 13),
(3302, '5O', 13),
(3303, '6O', 13),
(3304, '7O', 13),
(3305, '8O', 13),
(3306, '9O', 13),
(3307, '10O', 13),
(3308, '11O', 13),
(3309, '12O', 13),
(3310, '13O', 13),
(3311, '14O', 13),
(3312, '15O', 13),
(3313, '16O', 13),
(3314, '17O', 13),
(3315, '18O', 13),
(3316, '19O', 13),
(3317, '20O', 13),
(3318, '21O', 13),
(3319, '22O', 13),
(3320, '23O', 13),
(3321, '24O', 13),
(3322, '1P', 13),
(3323, '2P', 13),
(3324, '3P', 13),
(3325, '4P', 13),
(3326, '5P', 13),
(3327, '6P', 13),
(3328, '7P', 13),
(3329, '8P', 13),
(3330, '9P', 13),
(3331, '10P', 13),
(3332, '11P', 13),
(3333, '12P', 13),
(3334, '13P', 13),
(3335, '14P', 13),
(3336, '15P', 13),
(3337, '16P', 13),
(3338, '17P', 13),
(3339, '18P', 13),
(3340, '19P', 13),
(3341, '20P', 13),
(3342, '21P', 13),
(3343, '22P', 13),
(3344, '23P', 13),
(3345, '24P', 13),
(3346, '1Q', 13),
(3347, '2Q', 13),
(3348, '3Q', 13),
(3349, '4Q', 13),
(3350, '5Q', 13),
(3351, '6Q', 13),
(3352, '7Q', 13),
(3353, '8Q', 13),
(3354, '9Q', 13),
(3355, '10Q', 13),
(3356, '11Q', 13),
(3357, '12Q', 13),
(3358, '13Q', 13),
(3359, '14Q', 13),
(3360, '15Q', 13),
(3361, '16Q', 13),
(3362, '17Q', 13),
(3363, '18Q', 13),
(3364, '19Q', 13),
(3365, '20Q', 13),
(3366, '21Q', 13),
(3367, '22Q', 13),
(3368, '23Q', 13),
(3369, '24Q', 13),
(3370, '1R', 13),
(3371, '2R', 13),
(3372, '3R', 13),
(3373, '4R', 13),
(3374, '5R', 13),
(3375, '6R', 13),
(3376, '7R', 13),
(3377, '8R', 13),
(3378, '9R', 13),
(3379, '10R', 13),
(3380, '11R', 13),
(3381, '12R', 13),
(3382, '13R', 13),
(3383, '14R', 13),
(3384, '15R', 13),
(3385, '16R', 13),
(3386, '17R', 13),
(3387, '18R', 13),
(3388, '19R', 13),
(3389, '20R', 13),
(3390, '21R', 13),
(3391, '22R', 13),
(3392, '23R', 13),
(3393, '24R', 13),
(3394, '1S', 13),
(3395, '2S', 13),
(3396, '3S', 13),
(3397, '4S', 13),
(3398, '5S', 13),
(3399, '6S', 13),
(3400, '7S', 13),
(3401, '8S', 13),
(3402, '9S', 13),
(3403, '10S', 13),
(3404, '11S', 13),
(3405, '12S', 13),
(3406, '13S', 13),
(3407, '14S', 13),
(3408, '15S', 13),
(3409, '16S', 13),
(3410, '17S', 13),
(3411, '18S', 13),
(3412, '19S', 13),
(3413, '20S', 13),
(3414, '21S', 13),
(3415, '22S', 13),
(3416, '23S', 13),
(3417, '24S', 13),
(3418, '1T', 13),
(3419, '2T', 13),
(3420, '3T', 13),
(3421, '4T', 13),
(3422, '5T', 13),
(3423, '6T', 13),
(3424, '7T', 13),
(3425, '8T', 13),
(3426, '9T', 13),
(3427, '10T', 13),
(3428, '11T', 13),
(3429, '12T', 13),
(3430, '13T', 13),
(3431, '14T', 13),
(3432, '15T', 13),
(3433, '16T', 13),
(3434, '17T', 13),
(3435, '18T', 13),
(3436, '19T', 13),
(3437, '20T', 13),
(3438, '21T', 13),
(3439, '22T', 13),
(3440, '23T', 13),
(3441, '24T', 13),
(3442, '1U', 13),
(3443, '2U', 13),
(3444, '3U', 13),
(3445, '4U', 13),
(3446, '5U', 13),
(3447, '6U', 13),
(3448, '7U', 13),
(3449, '8U', 13),
(3450, '9U', 13),
(3451, '10U', 13),
(3452, '11U', 13),
(3453, '12U', 13),
(3454, '13U', 13),
(3455, '14U', 13),
(3456, '15U', 13),
(3457, '16U', 13),
(3458, '17U', 13),
(3459, '18U', 13),
(3460, '19U', 13),
(3461, '20U', 13),
(3462, '21U', 13),
(3463, '22U', 13),
(3464, '23U', 13),
(3465, '24U', 13),
(3466, '1V', 13),
(3467, '2V', 13),
(3468, '3V', 13),
(3469, '4V', 13),
(3470, '5V', 13),
(3471, '6V', 13),
(3472, '7V', 13),
(3473, '8V', 13),
(3474, '9V', 13),
(3475, '10V', 13),
(3476, '11V', 13),
(3477, '12V', 13),
(3478, '13V', 13),
(3479, '14V', 13),
(3480, '15V', 13),
(3481, '16V', 13),
(3482, '17V', 13),
(3483, '18V', 13),
(3484, '19V', 13),
(3485, '20V', 13),
(3486, '21V', 13),
(3487, '22V', 13),
(3488, '23V', 13),
(3489, '24V', 13),
(3490, '1W', 13),
(3491, '2W', 13),
(3492, '3W', 13),
(3493, '4W', 13),
(3494, '5W', 13),
(3495, '6W', 13),
(3496, '7W', 13),
(3497, '8W', 13),
(3498, '9W', 13),
(3499, '10W', 13),
(3500, '11W', 13),
(3501, '12W', 13),
(3502, '13W', 13),
(3503, '14W', 13),
(3504, '15W', 13),
(3505, '16W', 13),
(3506, '17W', 13),
(3507, '18W', 13),
(3508, '19W', 13),
(3509, '20W', 13),
(3510, '21W', 13),
(3511, '22W', 13),
(3512, '23W', 13),
(3513, '24W', 13),
(3514, '1X', 13),
(3515, '2X', 13),
(3516, '3X', 13),
(3517, '4X', 13),
(3518, '5X', 13),
(3519, '6X', 13);
INSERT INTO `seat` (`Seat_ID`, `Seat_Number`, `Zone_ID`) VALUES
(3520, '7X', 13),
(3521, '8X', 13),
(3522, '9X', 13),
(3523, '10X', 13),
(3524, '11X', 13),
(3525, '12X', 13),
(3526, '13X', 13),
(3527, '14X', 13),
(3528, '15X', 13),
(3529, '16X', 13),
(3530, '17X', 13),
(3531, '18X', 13),
(3532, '19X', 13),
(3533, '20X', 13),
(3534, '21X', 13),
(3535, '22X', 13),
(3536, '23X', 13),
(3537, '24X', 13),
(3538, '1A', 14),
(3539, '2A', 14),
(3540, '3A', 14),
(3541, '4A', 14),
(3542, '5A', 14),
(3543, '6A', 14),
(3544, '7A', 14),
(3545, '8A', 14),
(3546, '9A', 14),
(3547, '10A', 14),
(3548, '11A', 14),
(3549, '12A', 14),
(3550, '1B', 14),
(3551, '2B', 14),
(3552, '3B', 14),
(3553, '4B', 14),
(3554, '5B', 14),
(3555, '6B', 14),
(3556, '7B', 14),
(3557, '8B', 14),
(3558, '9B', 14),
(3559, '10B', 14),
(3560, '11B', 14),
(3561, '12B', 14),
(3562, '1C', 14),
(3563, '2C', 14),
(3564, '3C', 14),
(3565, '4C', 14),
(3566, '5C', 14),
(3567, '6C', 14),
(3568, '7C', 14),
(3569, '8C', 14),
(3570, '9C', 14),
(3571, '10C', 14),
(3572, '11C', 14),
(3573, '12C', 14),
(3574, '1D', 14),
(3575, '2D', 14),
(3576, '3D', 14),
(3577, '4D', 14),
(3578, '5D', 14),
(3579, '6D', 14),
(3580, '7D', 14),
(3581, '8D', 14),
(3582, '9D', 14),
(3583, '10D', 14),
(3584, '11D', 14),
(3585, '12D', 14),
(3586, '1E', 14),
(3587, '2E', 14),
(3588, '3E', 14),
(3589, '4E', 14),
(3590, '5E', 14),
(3591, '6E', 14),
(3592, '7E', 14),
(3593, '8E', 14),
(3594, '9E', 14),
(3595, '10E', 14),
(3596, '11E', 14),
(3597, '12E', 14),
(3598, '13E', 14),
(3599, '14E', 14),
(3600, '15E', 14),
(3601, '16E', 14),
(3602, '17E', 14),
(3603, '18E', 14),
(3604, '19E', 14),
(3605, '20E', 14),
(3606, '21E', 14),
(3607, '22E', 14),
(3608, '23E', 14),
(3609, '24E', 14),
(3610, '1F', 14),
(3611, '2F', 14),
(3612, '3F', 14),
(3613, '4F', 14),
(3614, '5F', 14),
(3615, '6F', 14),
(3616, '7F', 14),
(3617, '8F', 14),
(3618, '9F', 14),
(3619, '10F', 14),
(3620, '11F', 14),
(3621, '12F', 14),
(3622, '13F', 14),
(3623, '14F', 14),
(3624, '15F', 14),
(3625, '16F', 14),
(3626, '17F', 14),
(3627, '18F', 14),
(3628, '19F', 14),
(3629, '20F', 14),
(3630, '21F', 14),
(3631, '22F', 14),
(3632, '23F', 14),
(3633, '24F', 14),
(3634, '1G', 14),
(3635, '2G', 14),
(3636, '3G', 14),
(3637, '4G', 14),
(3638, '5G', 14),
(3639, '6G', 14),
(3640, '7G', 14),
(3641, '8G', 14),
(3642, '9G', 14),
(3643, '10G', 14),
(3644, '11G', 14),
(3645, '12G', 14),
(3646, '13G', 14),
(3647, '14G', 14),
(3648, '15G', 14),
(3649, '16G', 14),
(3650, '17G', 14),
(3651, '18G', 14),
(3652, '19G', 14),
(3653, '20G', 14),
(3654, '21G', 14),
(3655, '22G', 14),
(3656, '23G', 14),
(3657, '24G', 14),
(3658, '1H', 14),
(3659, '2H', 14),
(3660, '3H', 14),
(3661, '4H', 14),
(3662, '5H', 14),
(3663, '6H', 14),
(3664, '7H', 14),
(3665, '8H', 14),
(3666, '9H', 14),
(3667, '10H', 14),
(3668, '11H', 14),
(3669, '12H', 14),
(3670, '13H', 14),
(3671, '14H', 14),
(3672, '15H', 14),
(3673, '16H', 14),
(3674, '17H', 14),
(3675, '18H', 14),
(3676, '19H', 14),
(3677, '20H', 14),
(3678, '21H', 14),
(3679, '22H', 14),
(3680, '23H', 14),
(3681, '24H', 14),
(3682, '1I', 14),
(3683, '2I', 14),
(3684, '3I', 14),
(3685, '4I', 14),
(3686, '5I', 14),
(3687, '6I', 14),
(3688, '7I', 14),
(3689, '8I', 14),
(3690, '9I', 14),
(3691, '10I', 14),
(3692, '11I', 14),
(3693, '12I', 14),
(3694, '13I', 14),
(3695, '14I', 14),
(3696, '15I', 14),
(3697, '16I', 14),
(3698, '17I', 14),
(3699, '18I', 14),
(3700, '19I', 14),
(3701, '20I', 14),
(3702, '21I', 14),
(3703, '22I', 14),
(3704, '23I', 14),
(3705, '24I', 14),
(3706, '1J', 14),
(3707, '2J', 14),
(3708, '3J', 14),
(3709, '4J', 14),
(3710, '5J', 14),
(3711, '6J', 14),
(3712, '7J', 14),
(3713, '8J', 14),
(3714, '9J', 14),
(3715, '10J', 14),
(3716, '11J', 14),
(3717, '12J', 14),
(3718, '13J', 14),
(3719, '14J', 14),
(3720, '15J', 14),
(3721, '16J', 14),
(3722, '17J', 14),
(3723, '18J', 14),
(3724, '19J', 14),
(3725, '20J', 14),
(3726, '21J', 14),
(3727, '22J', 14),
(3728, '23J', 14),
(3729, '24J', 14),
(3730, '1K', 14),
(3731, '2K', 14),
(3732, '3K', 14),
(3733, '4K', 14),
(3734, '5K', 14),
(3735, '6K', 14),
(3736, '7K', 14),
(3737, '8K', 14),
(3738, '9K', 14),
(3739, '10K', 14),
(3740, '11K', 14),
(3741, '12K', 14),
(3742, '13K', 14),
(3743, '14K', 14),
(3744, '15K', 14),
(3745, '16K', 14),
(3746, '17K', 14),
(3747, '18K', 14),
(3748, '19K', 14),
(3749, '20K', 14),
(3750, '21K', 14),
(3751, '22K', 14),
(3752, '23K', 14),
(3753, '24K', 14),
(3754, '1L', 14),
(3755, '2L', 14),
(3756, '3L', 14),
(3757, '4L', 14),
(3758, '5L', 14),
(3759, '6L', 14),
(3760, '7L', 14),
(3761, '8L', 14),
(3762, '9L', 14),
(3763, '10L', 14),
(3764, '11L', 14),
(3765, '12L', 14),
(3766, '13L', 14),
(3767, '14L', 14),
(3768, '15L', 14),
(3769, '16L', 14),
(3770, '17L', 14),
(3771, '18L', 14),
(3772, '19L', 14),
(3773, '20L', 14),
(3774, '21L', 14),
(3775, '22L', 14),
(3776, '23L', 14),
(3777, '24L', 14),
(3778, '1M', 14),
(3779, '2M', 14),
(3780, '3M', 14),
(3781, '4M', 14),
(3782, '5M', 14),
(3783, '6M', 14),
(3784, '7M', 14),
(3785, '8M', 14),
(3786, '9M', 14),
(3787, '10M', 14),
(3788, '11M', 14),
(3789, '12M', 14),
(3790, '13M', 14),
(3791, '14M', 14),
(3792, '15M', 14),
(3793, '16M', 14),
(3794, '17M', 14),
(3795, '18M', 14),
(3796, '19M', 14),
(3797, '20M', 14),
(3798, '21M', 14),
(3799, '22M', 14),
(3800, '23M', 14),
(3801, '24M', 14),
(3802, '1N', 14),
(3803, '2N', 14),
(3804, '3N', 14),
(3805, '4N', 14),
(3806, '5N', 14),
(3807, '6N', 14),
(3808, '7N', 14),
(3809, '8N', 14),
(3810, '9N', 14),
(3811, '10N', 14),
(3812, '11N', 14),
(3813, '12N', 14),
(3814, '13N', 14),
(3815, '14N', 14),
(3816, '15N', 14),
(3817, '16N', 14),
(3818, '17N', 14),
(3819, '18N', 14),
(3820, '19N', 14),
(3821, '20N', 14),
(3822, '21N', 14),
(3823, '22N', 14),
(3824, '23N', 14),
(3825, '24N', 14),
(3826, '1O', 14),
(3827, '2O', 14),
(3828, '3O', 14),
(3829, '4O', 14),
(3830, '5O', 14),
(3831, '6O', 14),
(3832, '7O', 14),
(3833, '8O', 14),
(3834, '9O', 14),
(3835, '10O', 14),
(3836, '11O', 14),
(3837, '12O', 14),
(3838, '13O', 14),
(3839, '14O', 14),
(3840, '15O', 14),
(3841, '16O', 14),
(3842, '17O', 14),
(3843, '18O', 14),
(3844, '19O', 14),
(3845, '20O', 14),
(3846, '21O', 14),
(3847, '22O', 14),
(3848, '23O', 14),
(3849, '24O', 14),
(3850, '1P', 14),
(3851, '2P', 14),
(3852, '3P', 14),
(3853, '4P', 14),
(3854, '5P', 14),
(3855, '6P', 14),
(3856, '7P', 14),
(3857, '8P', 14),
(3858, '9P', 14),
(3859, '10P', 14),
(3860, '11P', 14),
(3861, '12P', 14),
(3862, '13P', 14),
(3863, '14P', 14),
(3864, '15P', 14),
(3865, '16P', 14),
(3866, '17P', 14),
(3867, '18P', 14),
(3868, '19P', 14),
(3869, '20P', 14),
(3870, '21P', 14),
(3871, '22P', 14),
(3872, '23P', 14),
(3873, '24P', 14),
(3874, '1Q', 14),
(3875, '2Q', 14),
(3876, '3Q', 14),
(3877, '4Q', 14),
(3878, '5Q', 14),
(3879, '6Q', 14),
(3880, '7Q', 14),
(3881, '8Q', 14),
(3882, '9Q', 14),
(3883, '10Q', 14),
(3884, '11Q', 14),
(3885, '12Q', 14),
(3886, '13Q', 14),
(3887, '14Q', 14),
(3888, '15Q', 14),
(3889, '16Q', 14),
(3890, '17Q', 14),
(3891, '18Q', 14),
(3892, '19Q', 14),
(3893, '20Q', 14),
(3894, '21Q', 14),
(3895, '22Q', 14),
(3896, '23Q', 14),
(3897, '24Q', 14),
(3898, '1R', 14),
(3899, '2R', 14),
(3900, '3R', 14),
(3901, '4R', 14),
(3902, '5R', 14),
(3903, '6R', 14),
(3904, '7R', 14),
(3905, '8R', 14),
(3906, '9R', 14),
(3907, '10R', 14),
(3908, '11R', 14),
(3909, '12R', 14),
(3910, '13R', 14),
(3911, '14R', 14),
(3912, '15R', 14),
(3913, '16R', 14),
(3914, '17R', 14),
(3915, '18R', 14),
(3916, '19R', 14),
(3917, '20R', 14),
(3918, '21R', 14),
(3919, '22R', 14),
(3920, '23R', 14),
(3921, '24R', 14),
(3922, '1S', 14),
(3923, '2S', 14),
(3924, '3S', 14),
(3925, '4S', 14),
(3926, '5S', 14),
(3927, '6S', 14),
(3928, '7S', 14),
(3929, '8S', 14),
(3930, '9S', 14),
(3931, '10S', 14),
(3932, '11S', 14),
(3933, '12S', 14),
(3934, '13S', 14),
(3935, '14S', 14),
(3936, '15S', 14),
(3937, '16S', 14),
(3938, '17S', 14),
(3939, '18S', 14),
(3940, '19S', 14),
(3941, '20S', 14),
(3942, '21S', 14),
(3943, '22S', 14),
(3944, '23S', 14),
(3945, '24S', 14),
(3946, '1T', 14),
(3947, '2T', 14),
(3948, '3T', 14),
(3949, '4T', 14),
(3950, '5T', 14),
(3951, '6T', 14),
(3952, '7T', 14),
(3953, '8T', 14),
(3954, '9T', 14),
(3955, '10T', 14),
(3956, '11T', 14),
(3957, '12T', 14),
(3958, '13T', 14),
(3959, '14T', 14),
(3960, '15T', 14),
(3961, '16T', 14),
(3962, '17T', 14),
(3963, '18T', 14),
(3964, '19T', 14),
(3965, '20T', 14),
(3966, '21T', 14),
(3967, '22T', 14),
(3968, '23T', 14),
(3969, '24T', 14),
(3970, '1U', 14),
(3971, '2U', 14),
(3972, '3U', 14),
(3973, '4U', 14),
(3974, '5U', 14),
(3975, '6U', 14),
(3976, '7U', 14),
(3977, '8U', 14),
(3978, '9U', 14),
(3979, '10U', 14),
(3980, '11U', 14),
(3981, '12U', 14),
(3982, '13U', 14),
(3983, '14U', 14),
(3984, '15U', 14),
(3985, '16U', 14),
(3986, '17U', 14),
(3987, '18U', 14),
(3988, '19U', 14),
(3989, '20U', 14),
(3990, '21U', 14),
(3991, '22U', 14),
(3992, '23U', 14),
(3993, '24U', 14),
(3994, '1V', 14),
(3995, '2V', 14),
(3996, '3V', 14),
(3997, '4V', 14),
(3998, '5V', 14),
(3999, '6V', 14),
(4000, '7V', 14),
(4001, '8V', 14),
(4002, '9V', 14),
(4003, '10V', 14),
(4004, '11V', 14),
(4005, '12V', 14),
(4006, '13V', 14),
(4007, '14V', 14),
(4008, '15V', 14),
(4009, '16V', 14),
(4010, '17V', 14),
(4011, '18V', 14),
(4012, '19V', 14),
(4013, '20V', 14),
(4014, '21V', 14),
(4015, '22V', 14),
(4016, '23V', 14),
(4017, '24V', 14),
(4018, '1W', 14),
(4019, '2W', 14),
(4020, '3W', 14),
(4021, '4W', 14),
(4022, '5W', 14),
(4023, '6W', 14),
(4024, '7W', 14),
(4025, '8W', 14),
(4026, '9W', 14),
(4027, '10W', 14),
(4028, '11W', 14),
(4029, '12W', 14),
(4030, '13W', 14),
(4031, '14W', 14),
(4032, '15W', 14),
(4033, '16W', 14),
(4034, '17W', 14),
(4035, '18W', 14),
(4036, '19W', 14),
(4037, '20W', 14),
(4038, '21W', 14),
(4039, '22W', 14),
(4040, '23W', 14),
(4041, '24W', 14),
(4042, '1X', 14),
(4043, '2X', 14),
(4044, '3X', 14),
(4045, '4X', 14),
(4046, '5X', 14),
(4047, '6X', 14),
(4048, '7X', 14),
(4049, '8X', 14),
(4050, '9X', 14),
(4051, '10X', 14),
(4052, '11X', 14),
(4053, '12X', 14),
(4054, '13X', 14),
(4055, '14X', 14),
(4056, '15X', 14),
(4057, '16X', 14),
(4058, '17X', 14),
(4059, '18X', 14),
(4060, '19X', 14),
(4061, '20X', 14),
(4062, '21X', 14),
(4063, '22X', 14),
(4064, '23X', 14),
(4065, '24X', 14),
(4066, '1A', 15),
(4067, '2A', 15),
(4068, '3A', 15),
(4069, '4A', 15),
(4070, '5A', 15),
(4071, '6A', 15),
(4072, '7A', 15),
(4073, '8A', 15),
(4074, '9A', 15),
(4075, '10A', 15),
(4076, '11A', 15),
(4077, '12A', 15),
(4078, '13A', 15),
(4079, '14A', 15),
(4080, '15A', 15),
(4081, '16A', 15),
(4082, '17A', 15),
(4083, '18A', 15),
(4084, '19A', 15),
(4085, '20A', 15),
(4086, '21A', 15),
(4087, '22A', 15),
(4088, '23A', 15),
(4089, '24A', 15),
(4090, '1B', 15),
(4091, '2B', 15),
(4092, '3B', 15),
(4093, '4B', 15),
(4094, '5B', 15),
(4095, '6B', 15),
(4096, '7B', 15),
(4097, '8B', 15),
(4098, '9B', 15),
(4099, '10B', 15),
(4100, '11B', 15),
(4101, '12B', 15),
(4102, '13B', 15),
(4103, '14B', 15),
(4104, '15B', 15),
(4105, '16B', 15),
(4106, '17B', 15),
(4107, '18B', 15),
(4108, '19B', 15),
(4109, '20B', 15),
(4110, '21B', 15),
(4111, '22B', 15),
(4112, '23B', 15),
(4113, '24B', 15),
(4114, '1C', 15),
(4115, '2C', 15),
(4116, '3C', 15),
(4117, '4C', 15),
(4118, '5C', 15),
(4119, '6C', 15),
(4120, '7C', 15),
(4121, '8C', 15),
(4122, '9C', 15),
(4123, '10C', 15),
(4124, '11C', 15),
(4125, '12C', 15),
(4126, '13C', 15),
(4127, '14C', 15),
(4128, '15C', 15),
(4129, '16C', 15),
(4130, '17C', 15),
(4131, '18C', 15),
(4132, '19C', 15),
(4133, '20C', 15),
(4134, '21C', 15),
(4135, '22C', 15),
(4136, '23C', 15),
(4137, '24C', 15),
(4138, '1D', 15),
(4139, '2D', 15),
(4140, '3D', 15),
(4141, '4D', 15),
(4142, '5D', 15),
(4143, '6D', 15),
(4144, '7D', 15),
(4145, '8D', 15),
(4146, '9D', 15),
(4147, '10D', 15),
(4148, '11D', 15),
(4149, '12D', 15),
(4150, '13D', 15),
(4151, '14D', 15),
(4152, '15D', 15),
(4153, '16D', 15),
(4154, '17D', 15),
(4155, '18D', 15),
(4156, '19D', 15),
(4157, '20D', 15),
(4158, '21D', 15),
(4159, '22D', 15),
(4160, '23D', 15),
(4161, '24D', 15),
(4162, '1E', 15),
(4163, '2E', 15),
(4164, '3E', 15),
(4165, '4E', 15),
(4166, '5E', 15),
(4167, '6E', 15),
(4168, '7E', 15),
(4169, '8E', 15),
(4170, '9E', 15),
(4171, '10E', 15),
(4172, '11E', 15),
(4173, '12E', 15),
(4174, '13E', 15),
(4175, '14E', 15),
(4176, '15E', 15),
(4177, '16E', 15),
(4178, '17E', 15),
(4179, '18E', 15),
(4180, '19E', 15),
(4181, '20E', 15),
(4182, '21E', 15),
(4183, '22E', 15),
(4184, '23E', 15),
(4185, '24E', 15),
(4186, '1F', 15),
(4187, '2F', 15),
(4188, '3F', 15),
(4189, '4F', 15),
(4190, '5F', 15),
(4191, '6F', 15),
(4192, '7F', 15),
(4193, '8F', 15),
(4194, '9F', 15),
(4195, '10F', 15),
(4196, '11F', 15),
(4197, '12F', 15),
(4198, '13F', 15),
(4199, '14F', 15),
(4200, '15F', 15),
(4201, '16F', 15),
(4202, '17F', 15),
(4203, '18F', 15),
(4204, '19F', 15),
(4205, '20F', 15),
(4206, '21F', 15),
(4207, '22F', 15),
(4208, '23F', 15),
(4209, '24F', 15),
(4210, '1G', 15),
(4211, '2G', 15),
(4212, '3G', 15),
(4213, '4G', 15),
(4214, '5G', 15),
(4215, '6G', 15),
(4216, '7G', 15),
(4217, '8G', 15),
(4218, '9G', 15),
(4219, '10G', 15),
(4220, '11G', 15),
(4221, '12G', 15),
(4222, '13G', 15),
(4223, '14G', 15),
(4224, '15G', 15),
(4225, '16G', 15),
(4226, '17G', 15),
(4227, '18G', 15),
(4228, '19G', 15),
(4229, '20G', 15),
(4230, '21G', 15),
(4231, '22G', 15),
(4232, '23G', 15),
(4233, '24G', 15),
(4234, '1H', 15),
(4235, '2H', 15),
(4236, '3H', 15),
(4237, '4H', 15),
(4238, '5H', 15),
(4239, '6H', 15),
(4240, '7H', 15),
(4241, '8H', 15),
(4242, '9H', 15),
(4243, '10H', 15),
(4244, '11H', 15),
(4245, '12H', 15),
(4246, '13H', 15),
(4247, '14H', 15),
(4248, '15H', 15),
(4249, '16H', 15),
(4250, '17H', 15),
(4251, '18H', 15),
(4252, '19H', 15),
(4253, '20H', 15),
(4254, '21H', 15),
(4255, '22H', 15),
(4256, '23H', 15),
(4257, '24H', 15),
(4258, '1I', 15),
(4259, '2I', 15),
(4260, '3I', 15),
(4261, '4I', 15),
(4262, '5I', 15),
(4263, '6I', 15),
(4264, '7I', 15),
(4265, '8I', 15),
(4266, '9I', 15),
(4267, '10I', 15),
(4268, '11I', 15),
(4269, '12I', 15),
(4270, '13I', 15),
(4271, '14I', 15),
(4272, '15I', 15),
(4273, '16I', 15),
(4274, '17I', 15),
(4275, '18I', 15),
(4276, '19I', 15),
(4277, '20I', 15),
(4278, '21I', 15),
(4279, '22I', 15),
(4280, '23I', 15),
(4281, '24I', 15),
(4282, '1J', 15),
(4283, '2J', 15),
(4284, '3J', 15),
(4285, '4J', 15),
(4286, '5J', 15),
(4287, '6J', 15),
(4288, '7J', 15),
(4289, '8J', 15),
(4290, '9J', 15),
(4291, '10J', 15),
(4292, '11J', 15),
(4293, '12J', 15),
(4294, '13J', 15),
(4295, '14J', 15),
(4296, '15J', 15),
(4297, '16J', 15),
(4298, '17J', 15),
(4299, '18J', 15),
(4300, '19J', 15),
(4301, '20J', 15),
(4302, '21J', 15),
(4303, '22J', 15),
(4304, '23J', 15),
(4305, '24J', 15),
(4306, '1K', 15),
(4307, '2K', 15),
(4308, '3K', 15),
(4309, '4K', 15),
(4310, '5K', 15),
(4311, '6K', 15),
(4312, '7K', 15),
(4313, '8K', 15),
(4314, '9K', 15),
(4315, '10K', 15),
(4316, '11K', 15),
(4317, '12K', 15),
(4318, '13K', 15),
(4319, '14K', 15),
(4320, '15K', 15),
(4321, '16K', 15),
(4322, '17K', 15),
(4323, '18K', 15),
(4324, '19K', 15),
(4325, '20K', 15),
(4326, '21K', 15),
(4327, '22K', 15),
(4328, '23K', 15),
(4329, '24K', 15),
(4330, '1L', 15),
(4331, '2L', 15),
(4332, '3L', 15),
(4333, '4L', 15),
(4334, '5L', 15),
(4335, '6L', 15),
(4336, '7L', 15),
(4337, '8L', 15),
(4338, '9L', 15),
(4339, '10L', 15),
(4340, '11L', 15),
(4341, '12L', 15),
(4342, '13L', 15),
(4343, '14L', 15),
(4344, '15L', 15),
(4345, '16L', 15),
(4346, '17L', 15),
(4347, '18L', 15),
(4348, '19L', 15),
(4349, '20L', 15),
(4350, '21L', 15),
(4351, '22L', 15),
(4352, '23L', 15),
(4353, '24L', 15),
(4354, '1M', 15),
(4355, '2M', 15),
(4356, '3M', 15),
(4357, '4M', 15),
(4358, '5M', 15),
(4359, '6M', 15),
(4360, '7M', 15),
(4361, '8M', 15),
(4362, '9M', 15),
(4363, '10M', 15),
(4364, '11M', 15),
(4365, '12M', 15),
(4366, '13M', 15),
(4367, '14M', 15),
(4368, '15M', 15),
(4369, '16M', 15),
(4370, '17M', 15),
(4371, '18M', 15),
(4372, '19M', 15),
(4373, '20M', 15),
(4374, '21M', 15),
(4375, '22M', 15),
(4376, '23M', 15),
(4377, '24M', 15),
(4378, '1N', 15),
(4379, '2N', 15),
(4380, '3N', 15),
(4381, '4N', 15),
(4382, '5N', 15),
(4383, '6N', 15),
(4384, '7N', 15),
(4385, '8N', 15),
(4386, '9N', 15),
(4387, '10N', 15),
(4388, '11N', 15),
(4389, '12N', 15),
(4390, '13N', 15),
(4391, '14N', 15),
(4392, '15N', 15),
(4393, '16N', 15),
(4394, '17N', 15),
(4395, '18N', 15),
(4396, '19N', 15),
(4397, '20N', 15),
(4398, '21N', 15),
(4399, '22N', 15),
(4400, '23N', 15),
(4401, '24N', 15),
(4402, '1O', 15),
(4403, '2O', 15),
(4404, '3O', 15),
(4405, '4O', 15),
(4406, '5O', 15),
(4407, '6O', 15),
(4408, '7O', 15),
(4409, '8O', 15),
(4410, '9O', 15),
(4411, '10O', 15),
(4412, '11O', 15),
(4413, '12O', 15),
(4414, '13O', 15),
(4415, '14O', 15),
(4416, '15O', 15),
(4417, '16O', 15),
(4418, '17O', 15),
(4419, '18O', 15),
(4420, '19O', 15),
(4421, '20O', 15),
(4422, '21O', 15),
(4423, '22O', 15),
(4424, '23O', 15),
(4425, '24O', 15),
(4426, '1P', 15),
(4427, '2P', 15),
(4428, '3P', 15),
(4429, '4P', 15),
(4430, '5P', 15),
(4431, '6P', 15),
(4432, '7P', 15),
(4433, '8P', 15),
(4434, '9P', 15),
(4435, '10P', 15),
(4436, '11P', 15),
(4437, '12P', 15),
(4438, '13P', 15),
(4439, '14P', 15),
(4440, '15P', 15),
(4441, '16P', 15),
(4442, '17P', 15),
(4443, '18P', 15),
(4444, '19P', 15),
(4445, '20P', 15),
(4446, '21P', 15),
(4447, '22P', 15),
(4448, '23P', 15),
(4449, '24P', 15),
(4450, '1Q', 15),
(4451, '2Q', 15),
(4452, '3Q', 15),
(4453, '4Q', 15),
(4454, '5Q', 15),
(4455, '6Q', 15),
(4456, '7Q', 15),
(4457, '8Q', 15),
(4458, '9Q', 15),
(4459, '10Q', 15),
(4460, '11Q', 15),
(4461, '12Q', 15),
(4462, '13Q', 15),
(4463, '14Q', 15),
(4464, '15Q', 15),
(4465, '16Q', 15),
(4466, '17Q', 15),
(4467, '18Q', 15),
(4468, '19Q', 15),
(4469, '20Q', 15),
(4470, '21Q', 15),
(4471, '22Q', 15),
(4472, '23Q', 15),
(4473, '24Q', 15),
(4474, '1R', 15),
(4475, '2R', 15),
(4476, '3R', 15),
(4477, '4R', 15),
(4478, '5R', 15),
(4479, '6R', 15),
(4480, '7R', 15),
(4481, '8R', 15),
(4482, '9R', 15),
(4483, '10R', 15),
(4484, '11R', 15),
(4485, '12R', 15),
(4486, '13R', 15),
(4487, '14R', 15),
(4488, '15R', 15),
(4489, '16R', 15),
(4490, '17R', 15),
(4491, '18R', 15),
(4492, '19R', 15),
(4493, '20R', 15),
(4494, '21R', 15),
(4495, '22R', 15),
(4496, '23R', 15),
(4497, '24R', 15),
(4498, '1S', 15),
(4499, '2S', 15),
(4500, '3S', 15),
(4501, '4S', 15),
(4502, '5S', 15),
(4503, '6S', 15),
(4504, '7S', 15),
(4505, '8S', 15),
(4506, '9S', 15),
(4507, '10S', 15),
(4508, '11S', 15),
(4509, '12S', 15),
(4510, '13S', 15),
(4511, '14S', 15),
(4512, '15S', 15),
(4513, '16S', 15),
(4514, '17S', 15),
(4515, '18S', 15),
(4516, '19S', 15),
(4517, '20S', 15),
(4518, '21S', 15),
(4519, '22S', 15),
(4520, '23S', 15),
(4521, '24S', 15),
(4522, '1T', 15),
(4523, '2T', 15),
(4524, '3T', 15),
(4525, '4T', 15),
(4526, '5T', 15),
(4527, '6T', 15),
(4528, '7T', 15),
(4529, '8T', 15),
(4530, '9T', 15),
(4531, '10T', 15),
(4532, '11T', 15),
(4533, '12T', 15),
(4534, '13T', 15),
(4535, '14T', 15),
(4536, '15T', 15),
(4537, '16T', 15),
(4538, '17T', 15),
(4539, '18T', 15),
(4540, '19T', 15),
(4541, '20T', 15),
(4542, '21T', 15),
(4543, '22T', 15),
(4544, '23T', 15),
(4545, '24T', 15),
(4546, '1U', 15),
(4547, '2U', 15),
(4548, '3U', 15),
(4549, '4U', 15),
(4550, '5U', 15),
(4551, '6U', 15),
(4552, '7U', 15),
(4553, '8U', 15),
(4554, '9U', 15),
(4555, '10U', 15),
(4556, '11U', 15),
(4557, '12U', 15),
(4558, '13U', 15),
(4559, '14U', 15),
(4560, '15U', 15),
(4561, '16U', 15),
(4562, '17U', 15),
(4563, '18U', 15),
(4564, '19U', 15),
(4565, '20U', 15),
(4566, '21U', 15),
(4567, '22U', 15),
(4568, '23U', 15),
(4569, '24U', 15),
(4570, '1V', 15),
(4571, '2V', 15),
(4572, '3V', 15),
(4573, '4V', 15),
(4574, '5V', 15),
(4575, '6V', 15),
(4576, '7V', 15),
(4577, '8V', 15),
(4578, '9V', 15),
(4579, '10V', 15),
(4580, '11V', 15),
(4581, '12V', 15),
(4582, '13V', 15),
(4583, '14V', 15),
(4584, '15V', 15),
(4585, '16V', 15),
(4586, '17V', 15),
(4587, '18V', 15),
(4588, '19V', 15),
(4589, '20V', 15),
(4590, '21V', 15),
(4591, '22V', 15),
(4592, '23V', 15),
(4593, '24V', 15),
(4594, '1A', 16),
(4595, '2A', 16),
(4596, '3A', 16),
(4597, '4A', 16),
(4598, '5A', 16),
(4599, '6A', 16),
(4600, '7A', 16),
(4601, '8A', 16),
(4602, '9A', 16),
(4603, '10A', 16),
(4604, '11A', 16),
(4605, '12A', 16),
(4606, '13A', 16),
(4607, '14A', 16),
(4608, '15A', 16),
(4609, '16A', 16),
(4610, '17A', 16),
(4611, '18A', 16),
(4612, '19A', 16),
(4613, '20A', 16),
(4614, '21A', 16),
(4615, '22A', 16),
(4616, '23A', 16),
(4617, '24A', 16),
(4618, '1B', 16),
(4619, '2B', 16),
(4620, '3B', 16),
(4621, '4B', 16),
(4622, '5B', 16),
(4623, '6B', 16),
(4624, '7B', 16),
(4625, '8B', 16),
(4626, '9B', 16),
(4627, '10B', 16),
(4628, '11B', 16),
(4629, '12B', 16),
(4630, '13B', 16),
(4631, '14B', 16),
(4632, '15B', 16),
(4633, '16B', 16),
(4634, '17B', 16),
(4635, '18B', 16),
(4636, '19B', 16),
(4637, '20B', 16),
(4638, '21B', 16),
(4639, '22B', 16),
(4640, '23B', 16),
(4641, '24B', 16),
(4642, '1C', 16),
(4643, '2C', 16),
(4644, '3C', 16),
(4645, '4C', 16),
(4646, '5C', 16),
(4647, '6C', 16),
(4648, '7C', 16),
(4649, '8C', 16),
(4650, '9C', 16),
(4651, '10C', 16),
(4652, '11C', 16),
(4653, '12C', 16),
(4654, '13C', 16),
(4655, '14C', 16),
(4656, '15C', 16),
(4657, '16C', 16),
(4658, '17C', 16),
(4659, '18C', 16),
(4660, '19C', 16),
(4661, '20C', 16),
(4662, '21C', 16),
(4663, '22C', 16),
(4664, '23C', 16),
(4665, '24C', 16),
(4666, '1D', 16),
(4667, '2D', 16),
(4668, '3D', 16),
(4669, '4D', 16),
(4670, '5D', 16),
(4671, '6D', 16),
(4672, '7D', 16),
(4673, '8D', 16),
(4674, '9D', 16),
(4675, '10D', 16),
(4676, '11D', 16),
(4677, '12D', 16),
(4678, '13D', 16),
(4679, '14D', 16),
(4680, '15D', 16),
(4681, '16D', 16),
(4682, '17D', 16),
(4683, '18D', 16),
(4684, '19D', 16),
(4685, '20D', 16),
(4686, '21D', 16),
(4687, '22D', 16),
(4688, '23D', 16),
(4689, '24D', 16),
(4690, '1E', 16),
(4691, '2E', 16),
(4692, '3E', 16),
(4693, '4E', 16),
(4694, '5E', 16),
(4695, '6E', 16),
(4696, '7E', 16),
(4697, '8E', 16),
(4698, '9E', 16),
(4699, '10E', 16),
(4700, '11E', 16),
(4701, '12E', 16),
(4702, '13E', 16),
(4703, '14E', 16),
(4704, '15E', 16),
(4705, '16E', 16),
(4706, '17E', 16),
(4707, '18E', 16),
(4708, '19E', 16),
(4709, '20E', 16),
(4710, '21E', 16),
(4711, '22E', 16),
(4712, '23E', 16),
(4713, '24E', 16),
(4714, '1F', 16),
(4715, '2F', 16),
(4716, '3F', 16),
(4717, '4F', 16),
(4718, '5F', 16),
(4719, '6F', 16),
(4720, '7F', 16),
(4721, '8F', 16),
(4722, '9F', 16),
(4723, '10F', 16),
(4724, '11F', 16),
(4725, '12F', 16),
(4726, '13F', 16),
(4727, '14F', 16),
(4728, '15F', 16),
(4729, '16F', 16),
(4730, '17F', 16),
(4731, '18F', 16),
(4732, '19F', 16),
(4733, '20F', 16),
(4734, '21F', 16),
(4735, '22F', 16),
(4736, '23F', 16),
(4737, '24F', 16),
(4738, '1G', 16),
(4739, '2G', 16),
(4740, '3G', 16),
(4741, '4G', 16),
(4742, '5G', 16),
(4743, '6G', 16),
(4744, '7G', 16),
(4745, '8G', 16),
(4746, '9G', 16),
(4747, '10G', 16),
(4748, '11G', 16),
(4749, '12G', 16),
(4750, '13G', 16),
(4751, '14G', 16),
(4752, '15G', 16),
(4753, '16G', 16),
(4754, '17G', 16),
(4755, '18G', 16),
(4756, '19G', 16),
(4757, '20G', 16),
(4758, '21G', 16),
(4759, '22G', 16),
(4760, '23G', 16),
(4761, '24G', 16),
(4762, '1H', 16),
(4763, '2H', 16),
(4764, '3H', 16),
(4765, '4H', 16),
(4766, '5H', 16),
(4767, '6H', 16),
(4768, '7H', 16),
(4769, '8H', 16),
(4770, '9H', 16),
(4771, '10H', 16),
(4772, '11H', 16),
(4773, '12H', 16),
(4774, '13H', 16),
(4775, '14H', 16),
(4776, '15H', 16),
(4777, '16H', 16),
(4778, '17H', 16),
(4779, '18H', 16),
(4780, '19H', 16),
(4781, '20H', 16),
(4782, '21H', 16),
(4783, '22H', 16),
(4784, '23H', 16),
(4785, '24H', 16),
(4786, '1I', 16),
(4787, '2I', 16),
(4788, '3I', 16),
(4789, '4I', 16),
(4790, '5I', 16),
(4791, '6I', 16),
(4792, '7I', 16),
(4793, '8I', 16),
(4794, '9I', 16),
(4795, '10I', 16),
(4796, '11I', 16),
(4797, '12I', 16),
(4798, '13I', 16),
(4799, '14I', 16),
(4800, '15I', 16),
(4801, '16I', 16),
(4802, '17I', 16),
(4803, '18I', 16),
(4804, '19I', 16),
(4805, '20I', 16),
(4806, '21I', 16),
(4807, '22I', 16),
(4808, '23I', 16),
(4809, '24I', 16),
(4810, '1J', 16),
(4811, '2J', 16),
(4812, '3J', 16),
(4813, '4J', 16),
(4814, '5J', 16),
(4815, '6J', 16),
(4816, '7J', 16),
(4817, '8J', 16),
(4818, '9J', 16),
(4819, '10J', 16),
(4820, '11J', 16),
(4821, '12J', 16),
(4822, '13J', 16),
(4823, '14J', 16),
(4824, '15J', 16),
(4825, '16J', 16),
(4826, '17J', 16),
(4827, '18J', 16),
(4828, '19J', 16),
(4829, '20J', 16),
(4830, '21J', 16),
(4831, '22J', 16),
(4832, '23J', 16),
(4833, '24J', 16),
(4834, '1K', 16),
(4835, '2K', 16),
(4836, '3K', 16),
(4837, '4K', 16),
(4838, '5K', 16),
(4839, '6K', 16),
(4840, '7K', 16),
(4841, '8K', 16),
(4842, '9K', 16),
(4843, '10K', 16),
(4844, '11K', 16),
(4845, '12K', 16),
(4846, '13K', 16),
(4847, '14K', 16),
(4848, '15K', 16),
(4849, '16K', 16),
(4850, '17K', 16),
(4851, '18K', 16),
(4852, '19K', 16),
(4853, '20K', 16),
(4854, '21K', 16),
(4855, '22K', 16),
(4856, '23K', 16),
(4857, '24K', 16),
(4858, '1L', 16),
(4859, '2L', 16),
(4860, '3L', 16),
(4861, '4L', 16),
(4862, '5L', 16),
(4863, '6L', 16),
(4864, '7L', 16),
(4865, '8L', 16),
(4866, '9L', 16),
(4867, '10L', 16),
(4868, '11L', 16),
(4869, '12L', 16),
(4870, '13L', 16),
(4871, '14L', 16),
(4872, '15L', 16),
(4873, '16L', 16),
(4874, '17L', 16),
(4875, '18L', 16),
(4876, '19L', 16),
(4877, '20L', 16),
(4878, '21L', 16),
(4879, '22L', 16),
(4880, '23L', 16),
(4881, '24L', 16),
(4882, '1M', 16),
(4883, '2M', 16),
(4884, '3M', 16),
(4885, '4M', 16),
(4886, '5M', 16),
(4887, '6M', 16),
(4888, '7M', 16),
(4889, '8M', 16),
(4890, '9M', 16),
(4891, '10M', 16),
(4892, '11M', 16),
(4893, '12M', 16),
(4894, '13M', 16),
(4895, '14M', 16),
(4896, '15M', 16),
(4897, '16M', 16),
(4898, '17M', 16),
(4899, '18M', 16),
(4900, '19M', 16),
(4901, '20M', 16),
(4902, '21M', 16),
(4903, '22M', 16),
(4904, '23M', 16),
(4905, '24M', 16),
(4906, '1N', 16),
(4907, '2N', 16),
(4908, '3N', 16),
(4909, '4N', 16),
(4910, '5N', 16),
(4911, '6N', 16),
(4912, '7N', 16),
(4913, '8N', 16),
(4914, '9N', 16),
(4915, '10N', 16),
(4916, '11N', 16),
(4917, '12N', 16),
(4918, '13N', 16),
(4919, '14N', 16),
(4920, '15N', 16),
(4921, '16N', 16),
(4922, '17N', 16),
(4923, '18N', 16),
(4924, '19N', 16),
(4925, '20N', 16),
(4926, '21N', 16),
(4927, '22N', 16),
(4928, '23N', 16),
(4929, '24N', 16),
(4930, '1O', 16),
(4931, '2O', 16),
(4932, '3O', 16),
(4933, '4O', 16),
(4934, '5O', 16),
(4935, '6O', 16),
(4936, '7O', 16),
(4937, '8O', 16),
(4938, '9O', 16),
(4939, '10O', 16),
(4940, '11O', 16),
(4941, '12O', 16),
(4942, '13O', 16),
(4943, '14O', 16),
(4944, '15O', 16),
(4945, '16O', 16),
(4946, '17O', 16),
(4947, '18O', 16),
(4948, '19O', 16),
(4949, '20O', 16),
(4950, '21O', 16),
(4951, '22O', 16),
(4952, '23O', 16),
(4953, '24O', 16),
(4954, '1P', 16),
(4955, '2P', 16),
(4956, '3P', 16),
(4957, '4P', 16),
(4958, '5P', 16),
(4959, '6P', 16),
(4960, '7P', 16),
(4961, '8P', 16),
(4962, '9P', 16),
(4963, '10P', 16),
(4964, '11P', 16),
(4965, '12P', 16),
(4966, '13P', 16),
(4967, '14P', 16),
(4968, '15P', 16),
(4969, '16P', 16),
(4970, '17P', 16),
(4971, '18P', 16),
(4972, '19P', 16),
(4973, '20P', 16),
(4974, '21P', 16),
(4975, '22P', 16),
(4976, '23P', 16),
(4977, '24P', 16),
(4978, '1Q', 16),
(4979, '2Q', 16),
(4980, '3Q', 16),
(4981, '4Q', 16),
(4982, '5Q', 16),
(4983, '6Q', 16),
(4984, '7Q', 16),
(4985, '8Q', 16),
(4986, '9Q', 16),
(4987, '10Q', 16),
(4988, '11Q', 16),
(4989, '12Q', 16),
(4990, '13Q', 16),
(4991, '14Q', 16),
(4992, '15Q', 16),
(4993, '16Q', 16),
(4994, '17Q', 16),
(4995, '18Q', 16),
(4996, '19Q', 16),
(4997, '20Q', 16),
(4998, '21Q', 16),
(4999, '22Q', 16),
(5000, '23Q', 16),
(5001, '24Q', 16),
(5002, '1R', 16),
(5003, '2R', 16),
(5004, '3R', 16),
(5005, '4R', 16),
(5006, '5R', 16),
(5007, '6R', 16),
(5008, '7R', 16),
(5009, '8R', 16),
(5010, '9R', 16),
(5011, '10R', 16),
(5012, '11R', 16),
(5013, '12R', 16),
(5014, '13R', 16),
(5015, '14R', 16),
(5016, '15R', 16),
(5017, '16R', 16),
(5018, '17R', 16),
(5019, '18R', 16),
(5020, '19R', 16),
(5021, '20R', 16),
(5022, '21R', 16),
(5023, '22R', 16),
(5024, '23R', 16),
(5025, '24R', 16),
(5026, '1S', 16),
(5027, '2S', 16),
(5028, '3S', 16),
(5029, '4S', 16),
(5030, '5S', 16),
(5031, '6S', 16),
(5032, '7S', 16),
(5033, '8S', 16),
(5034, '9S', 16),
(5035, '10S', 16),
(5036, '11S', 16),
(5037, '12S', 16),
(5038, '13S', 16),
(5039, '14S', 16),
(5040, '15S', 16),
(5041, '16S', 16),
(5042, '17S', 16),
(5043, '18S', 16),
(5044, '19S', 16),
(5045, '20S', 16),
(5046, '21S', 16),
(5047, '22S', 16),
(5048, '23S', 16),
(5049, '24S', 16),
(5050, '1T', 16),
(5051, '2T', 16),
(5052, '3T', 16),
(5053, '4T', 16),
(5054, '5T', 16),
(5055, '6T', 16),
(5056, '7T', 16),
(5057, '8T', 16),
(5058, '9T', 16),
(5059, '10T', 16),
(5060, '11T', 16),
(5061, '12T', 16),
(5062, '13T', 16),
(5063, '14T', 16),
(5064, '15T', 16),
(5065, '16T', 16),
(5066, '17T', 16),
(5067, '18T', 16),
(5068, '19T', 16),
(5069, '20T', 16),
(5070, '21T', 16),
(5071, '22T', 16),
(5072, '23T', 16),
(5073, '24T', 16),
(5074, '1U', 16),
(5075, '2U', 16),
(5076, '3U', 16),
(5077, '4U', 16),
(5078, '5U', 16),
(5079, '6U', 16),
(5080, '7U', 16),
(5081, '8U', 16),
(5082, '9U', 16),
(5083, '10U', 16),
(5084, '11U', 16),
(5085, '12U', 16),
(5086, '13U', 16),
(5087, '14U', 16),
(5088, '15U', 16),
(5089, '16U', 16),
(5090, '17U', 16),
(5091, '18U', 16),
(5092, '19U', 16),
(5093, '20U', 16),
(5094, '21U', 16),
(5095, '22U', 16),
(5096, '23U', 16),
(5097, '24U', 16),
(5098, '1V', 16),
(5099, '2V', 16),
(5100, '3V', 16),
(5101, '4V', 16),
(5102, '5V', 16),
(5103, '6V', 16),
(5104, '7V', 16),
(5105, '8V', 16),
(5106, '9V', 16),
(5107, '10V', 16),
(5108, '11V', 16),
(5109, '12V', 16),
(5110, '13V', 16),
(5111, '14V', 16),
(5112, '15V', 16),
(5113, '16V', 16),
(5114, '17V', 16),
(5115, '18V', 16),
(5116, '19V', 16),
(5117, '20V', 16),
(5118, '21V', 16),
(5119, '22V', 16),
(5120, '23V', 16),
(5121, '24V', 16),
(5122, '1W', 16),
(5123, '2W', 16),
(5124, '3W', 16),
(5125, '4W', 16),
(5126, '5W', 16),
(5127, '6W', 16),
(5128, '7W', 16),
(5129, '8W', 16),
(5130, '9W', 16),
(5131, '10W', 16),
(5132, '11W', 16),
(5133, '12W', 16),
(5134, '13W', 16),
(5135, '14W', 16),
(5136, '15W', 16),
(5137, '16W', 16),
(5138, '17W', 16),
(5139, '18W', 16),
(5140, '19W', 16),
(5141, '20W', 16),
(5142, '21W', 16),
(5143, '22W', 16),
(5144, '23W', 16),
(5145, '24W', 16),
(5146, '1X', 16),
(5147, '2X', 16),
(5148, '3X', 16),
(5149, '4X', 16),
(5150, '5X', 16),
(5151, '6X', 16),
(5152, '7X', 16),
(5153, '8X', 16),
(5154, '9X', 16),
(5155, '10X', 16),
(5156, '11X', 16),
(5157, '12X', 16),
(5158, '13X', 16),
(5159, '14X', 16),
(5160, '15X', 16),
(5161, '16X', 16),
(5162, '17X', 16),
(5163, '18X', 16),
(5164, '19X', 16),
(5165, '20X', 16),
(5166, '21X', 16),
(5167, '22X', 16),
(5168, '23X', 16),
(5169, '24X', 16),
(5170, '1A', 17),
(5171, '2A', 17),
(5172, '3A', 17),
(5173, '4A', 17),
(5174, '5A', 17),
(5175, '6A', 17),
(5176, '7A', 17),
(5177, '8A', 17),
(5178, '9A', 17),
(5179, '10A', 17),
(5180, '11A', 17),
(5181, '12A', 17),
(5182, '13A', 17),
(5183, '14A', 17),
(5184, '15A', 17),
(5185, '16A', 17),
(5186, '17A', 17),
(5187, '18A', 17),
(5188, '19A', 17),
(5189, '20A', 17),
(5190, '21A', 17),
(5191, '22A', 17),
(5192, '23A', 17),
(5193, '24A', 17),
(5194, '1B', 17),
(5195, '2B', 17),
(5196, '3B', 17),
(5197, '4B', 17),
(5198, '5B', 17),
(5199, '6B', 17),
(5200, '7B', 17),
(5201, '8B', 17),
(5202, '9B', 17),
(5203, '10B', 17),
(5204, '11B', 17),
(5205, '12B', 17),
(5206, '13B', 17),
(5207, '14B', 17),
(5208, '15B', 17),
(5209, '16B', 17),
(5210, '17B', 17),
(5211, '18B', 17),
(5212, '19B', 17),
(5213, '20B', 17),
(5214, '21B', 17),
(5215, '22B', 17),
(5216, '23B', 17),
(5217, '24B', 17),
(5218, '1C', 17),
(5219, '2C', 17),
(5220, '3C', 17),
(5221, '4C', 17),
(5222, '5C', 17),
(5223, '6C', 17),
(5224, '7C', 17),
(5225, '8C', 17),
(5226, '9C', 17),
(5227, '10C', 17),
(5228, '11C', 17),
(5229, '12C', 17),
(5230, '13C', 17),
(5231, '14C', 17),
(5232, '15C', 17),
(5233, '16C', 17),
(5234, '17C', 17),
(5235, '18C', 17),
(5236, '19C', 17),
(5237, '20C', 17),
(5238, '21C', 17),
(5239, '22C', 17),
(5240, '23C', 17),
(5241, '24C', 17),
(5242, '1D', 17),
(5243, '2D', 17),
(5244, '3D', 17),
(5245, '4D', 17),
(5246, '5D', 17),
(5247, '6D', 17),
(5248, '7D', 17),
(5249, '8D', 17),
(5250, '9D', 17),
(5251, '10D', 17),
(5252, '11D', 17),
(5253, '12D', 17),
(5254, '13D', 17),
(5255, '14D', 17),
(5256, '15D', 17),
(5257, '16D', 17),
(5258, '17D', 17),
(5259, '18D', 17),
(5260, '19D', 17),
(5261, '20D', 17),
(5262, '21D', 17),
(5263, '22D', 17),
(5264, '23D', 17),
(5265, '24D', 17),
(5266, '1E', 17),
(5267, '2E', 17),
(5268, '3E', 17),
(5269, '4E', 17),
(5270, '5E', 17),
(5271, '6E', 17),
(5272, '7E', 17),
(5273, '8E', 17),
(5274, '9E', 17),
(5275, '10E', 17),
(5276, '11E', 17),
(5277, '12E', 17),
(5278, '13E', 17),
(5279, '14E', 17),
(5280, '15E', 17),
(5281, '16E', 17),
(5282, '17E', 17),
(5283, '18E', 17),
(5284, '19E', 17),
(5285, '20E', 17),
(5286, '21E', 17),
(5287, '22E', 17),
(5288, '23E', 17),
(5289, '24E', 17),
(5290, '1F', 17),
(5291, '2F', 17),
(5292, '3F', 17),
(5293, '4F', 17),
(5294, '5F', 17),
(5295, '6F', 17),
(5296, '7F', 17),
(5297, '8F', 17),
(5298, '9F', 17),
(5299, '10F', 17),
(5300, '11F', 17),
(5301, '12F', 17),
(5302, '13F', 17),
(5303, '14F', 17),
(5304, '15F', 17),
(5305, '16F', 17),
(5306, '17F', 17),
(5307, '18F', 17),
(5308, '19F', 17),
(5309, '20F', 17),
(5310, '21F', 17),
(5311, '22F', 17),
(5312, '23F', 17),
(5313, '24F', 17),
(5314, '1G', 17),
(5315, '2G', 17),
(5316, '3G', 17),
(5317, '4G', 17),
(5318, '5G', 17),
(5319, '6G', 17),
(5320, '7G', 17),
(5321, '8G', 17),
(5322, '9G', 17),
(5323, '10G', 17),
(5324, '11G', 17),
(5325, '12G', 17),
(5326, '13G', 17),
(5327, '14G', 17),
(5328, '15G', 17),
(5329, '16G', 17),
(5330, '17G', 17),
(5331, '18G', 17),
(5332, '19G', 17),
(5333, '20G', 17),
(5334, '21G', 17),
(5335, '22G', 17),
(5336, '23G', 17),
(5337, '24G', 17),
(5338, '1H', 17),
(5339, '2H', 17),
(5340, '3H', 17),
(5341, '4H', 17),
(5342, '5H', 17),
(5343, '6H', 17),
(5344, '7H', 17),
(5345, '8H', 17),
(5346, '9H', 17),
(5347, '10H', 17),
(5348, '11H', 17),
(5349, '12H', 17),
(5350, '13H', 17),
(5351, '14H', 17),
(5352, '15H', 17),
(5353, '16H', 17),
(5354, '17H', 17),
(5355, '18H', 17),
(5356, '19H', 17),
(5357, '20H', 17),
(5358, '21H', 17),
(5359, '22H', 17),
(5360, '23H', 17),
(5361, '24H', 17),
(5362, '1I', 17),
(5363, '2I', 17),
(5364, '3I', 17),
(5365, '4I', 17),
(5366, '5I', 17),
(5367, '6I', 17),
(5368, '7I', 17),
(5369, '8I', 17),
(5370, '9I', 17),
(5371, '10I', 17),
(5372, '11I', 17),
(5373, '12I', 17),
(5374, '13I', 17),
(5375, '14I', 17),
(5376, '15I', 17),
(5377, '16I', 17),
(5378, '17I', 17),
(5379, '18I', 17),
(5380, '19I', 17),
(5381, '20I', 17),
(5382, '21I', 17),
(5383, '22I', 17),
(5384, '23I', 17),
(5385, '24I', 17),
(5386, '1J', 17),
(5387, '2J', 17),
(5388, '3J', 17),
(5389, '4J', 17),
(5390, '5J', 17),
(5391, '6J', 17),
(5392, '7J', 17),
(5393, '8J', 17),
(5394, '9J', 17),
(5395, '10J', 17),
(5396, '11J', 17),
(5397, '12J', 17),
(5398, '13J', 17),
(5399, '14J', 17),
(5400, '15J', 17),
(5401, '16J', 17),
(5402, '17J', 17),
(5403, '18J', 17),
(5404, '19J', 17),
(5405, '20J', 17),
(5406, '21J', 17),
(5407, '22J', 17),
(5408, '23J', 17),
(5409, '24J', 17),
(5410, '1K', 17),
(5411, '2K', 17),
(5412, '3K', 17),
(5413, '4K', 17),
(5414, '5K', 17),
(5415, '6K', 17),
(5416, '7K', 17),
(5417, '8K', 17),
(5418, '9K', 17),
(5419, '10K', 17),
(5420, '11K', 17),
(5421, '12K', 17),
(5422, '13K', 17),
(5423, '14K', 17),
(5424, '15K', 17),
(5425, '16K', 17),
(5426, '17K', 17),
(5427, '18K', 17),
(5428, '19K', 17),
(5429, '20K', 17),
(5430, '21K', 17),
(5431, '22K', 17),
(5432, '23K', 17),
(5433, '24K', 17),
(5434, '1L', 17),
(5435, '2L', 17),
(5436, '3L', 17),
(5437, '4L', 17),
(5438, '5L', 17),
(5439, '6L', 17),
(5440, '7L', 17),
(5441, '8L', 17),
(5442, '9L', 17),
(5443, '10L', 17),
(5444, '11L', 17),
(5445, '12L', 17),
(5446, '13L', 17),
(5447, '14L', 17),
(5448, '15L', 17),
(5449, '16L', 17),
(5450, '17L', 17),
(5451, '18L', 17),
(5452, '19L', 17),
(5453, '20L', 17),
(5454, '21L', 17),
(5455, '22L', 17),
(5456, '23L', 17),
(5457, '24L', 17),
(5458, '1M', 17),
(5459, '2M', 17),
(5460, '3M', 17),
(5461, '4M', 17),
(5462, '5M', 17),
(5463, '6M', 17),
(5464, '7M', 17),
(5465, '8M', 17),
(5466, '9M', 17),
(5467, '10M', 17),
(5468, '11M', 17),
(5469, '12M', 17),
(5470, '13M', 17),
(5471, '14M', 17),
(5472, '15M', 17),
(5473, '16M', 17),
(5474, '17M', 17),
(5475, '18M', 17),
(5476, '19M', 17),
(5477, '20M', 17),
(5478, '21M', 17),
(5479, '22M', 17),
(5480, '23M', 17),
(5481, '24M', 17),
(5482, '1N', 17),
(5483, '2N', 17),
(5484, '3N', 17),
(5485, '4N', 17),
(5486, '5N', 17),
(5487, '6N', 17),
(5488, '7N', 17),
(5489, '8N', 17),
(5490, '9N', 17),
(5491, '10N', 17),
(5492, '11N', 17),
(5493, '12N', 17),
(5494, '13N', 17),
(5495, '14N', 17),
(5496, '15N', 17),
(5497, '16N', 17),
(5498, '17N', 17),
(5499, '18N', 17),
(5500, '19N', 17),
(5501, '20N', 17),
(5502, '21N', 17),
(5503, '22N', 17),
(5504, '23N', 17),
(5505, '24N', 17),
(5506, '1O', 17),
(5507, '2O', 17),
(5508, '3O', 17),
(5509, '4O', 17),
(5510, '5O', 17),
(5511, '6O', 17),
(5512, '7O', 17),
(5513, '8O', 17),
(5514, '9O', 17),
(5515, '10O', 17),
(5516, '11O', 17),
(5517, '12O', 17),
(5518, '13O', 17),
(5519, '14O', 17),
(5520, '15O', 17),
(5521, '16O', 17),
(5522, '17O', 17),
(5523, '18O', 17),
(5524, '19O', 17),
(5525, '20O', 17),
(5526, '21O', 17),
(5527, '22O', 17),
(5528, '23O', 17),
(5529, '24O', 17),
(5530, '1P', 17),
(5531, '2P', 17),
(5532, '3P', 17),
(5533, '4P', 17),
(5534, '5P', 17),
(5535, '6P', 17),
(5536, '7P', 17),
(5537, '8P', 17),
(5538, '9P', 17),
(5539, '10P', 17),
(5540, '11P', 17),
(5541, '12P', 17),
(5542, '13P', 17),
(5543, '14P', 17),
(5544, '15P', 17),
(5545, '16P', 17),
(5546, '17P', 17),
(5547, '18P', 17),
(5548, '19P', 17),
(5549, '20P', 17),
(5550, '21P', 17),
(5551, '22P', 17),
(5552, '23P', 17),
(5553, '24P', 17),
(5554, '1Q', 17),
(5555, '2Q', 17),
(5556, '3Q', 17),
(5557, '4Q', 17),
(5558, '5Q', 17),
(5559, '6Q', 17),
(5560, '7Q', 17),
(5561, '8Q', 17),
(5562, '9Q', 17),
(5563, '10Q', 17),
(5564, '11Q', 17),
(5565, '12Q', 17),
(5566, '13Q', 17),
(5567, '14Q', 17),
(5568, '15Q', 17),
(5569, '16Q', 17),
(5570, '17Q', 17),
(5571, '18Q', 17),
(5572, '19Q', 17),
(5573, '20Q', 17),
(5574, '21Q', 17),
(5575, '22Q', 17),
(5576, '23Q', 17),
(5577, '24Q', 17),
(5578, '1R', 17),
(5579, '2R', 17),
(5580, '3R', 17),
(5581, '4R', 17),
(5582, '5R', 17),
(5583, '6R', 17),
(5584, '7R', 17),
(5585, '8R', 17),
(5586, '9R', 17),
(5587, '10R', 17),
(5588, '11R', 17),
(5589, '12R', 17),
(5590, '13R', 17),
(5591, '14R', 17),
(5592, '15R', 17),
(5593, '16R', 17),
(5594, '17R', 17),
(5595, '18R', 17),
(5596, '19R', 17),
(5597, '20R', 17),
(5598, '21R', 17),
(5599, '22R', 17),
(5600, '23R', 17),
(5601, '24R', 17),
(5602, '1S', 17),
(5603, '2S', 17),
(5604, '3S', 17),
(5605, '4S', 17),
(5606, '5S', 17),
(5607, '6S', 17),
(5608, '7S', 17),
(5609, '8S', 17),
(5610, '9S', 17),
(5611, '10S', 17),
(5612, '11S', 17),
(5613, '12S', 17),
(5614, '13S', 17),
(5615, '14S', 17),
(5616, '15S', 17),
(5617, '16S', 17),
(5618, '17S', 17),
(5619, '18S', 17),
(5620, '19S', 17),
(5621, '20S', 17),
(5622, '21S', 17),
(5623, '22S', 17),
(5624, '23S', 17),
(5625, '24S', 17),
(5626, '1T', 17),
(5627, '2T', 17),
(5628, '3T', 17),
(5629, '4T', 17),
(5630, '5T', 17),
(5631, '6T', 17),
(5632, '7T', 17),
(5633, '8T', 17),
(5634, '9T', 17),
(5635, '10T', 17),
(5636, '11T', 17),
(5637, '12T', 17),
(5638, '13T', 17),
(5639, '14T', 17),
(5640, '15T', 17),
(5641, '16T', 17),
(5642, '17T', 17),
(5643, '18T', 17),
(5644, '19T', 17),
(5645, '20T', 17),
(5646, '21T', 17),
(5647, '22T', 17),
(5648, '23T', 17),
(5649, '24T', 17),
(5650, '1U', 17),
(5651, '2U', 17),
(5652, '3U', 17),
(5653, '4U', 17),
(5654, '5U', 17),
(5655, '6U', 17),
(5656, '7U', 17),
(5657, '8U', 17),
(5658, '9U', 17),
(5659, '10U', 17),
(5660, '11U', 17),
(5661, '12U', 17),
(5662, '13U', 17),
(5663, '14U', 17),
(5664, '15U', 17),
(5665, '16U', 17),
(5666, '17U', 17),
(5667, '18U', 17),
(5668, '19U', 17),
(5669, '20U', 17),
(5670, '21U', 17),
(5671, '22U', 17),
(5672, '23U', 17),
(5673, '24U', 17),
(5674, '1V', 17),
(5675, '2V', 17),
(5676, '3V', 17),
(5677, '4V', 17),
(5678, '5V', 17),
(5679, '6V', 17),
(5680, '7V', 17),
(5681, '8V', 17),
(5682, '9V', 17),
(5683, '10V', 17),
(5684, '11V', 17),
(5685, '12V', 17),
(5686, '13V', 17),
(5687, '14V', 17),
(5688, '15V', 17),
(5689, '16V', 17),
(5690, '17V', 17),
(5691, '18V', 17),
(5692, '19V', 17),
(5693, '20V', 17),
(5694, '21V', 17),
(5695, '22V', 17),
(5696, '23V', 17),
(5697, '24V', 17),
(5698, '1A', 18),
(5699, '2A', 18),
(5700, '3A', 18),
(5701, '4A', 18),
(5702, '5A', 18),
(5703, '6A', 18),
(5704, '7A', 18),
(5705, '8A', 18),
(5706, '9A', 18),
(5707, '10A', 18),
(5708, '11A', 18),
(5709, '12A', 18),
(5710, '13A', 18),
(5711, '14A', 18),
(5712, '15A', 18),
(5713, '16A', 18),
(5714, '17A', 18),
(5715, '18A', 18),
(5716, '19A', 18),
(5717, '20A', 18),
(5718, '21A', 18),
(5719, '22A', 18),
(5720, '23A', 18),
(5721, '24A', 18),
(5722, '1B', 18),
(5723, '2B', 18),
(5724, '3B', 18),
(5725, '4B', 18),
(5726, '5B', 18),
(5727, '6B', 18),
(5728, '7B', 18),
(5729, '8B', 18),
(5730, '9B', 18),
(5731, '10B', 18),
(5732, '11B', 18),
(5733, '12B', 18),
(5734, '13B', 18),
(5735, '14B', 18),
(5736, '15B', 18),
(5737, '16B', 18),
(5738, '17B', 18),
(5739, '18B', 18),
(5740, '19B', 18),
(5741, '20B', 18),
(5742, '21B', 18),
(5743, '22B', 18),
(5744, '23B', 18),
(5745, '24B', 18),
(5746, '1C', 18),
(5747, '2C', 18),
(5748, '3C', 18),
(5749, '4C', 18),
(5750, '5C', 18),
(5751, '6C', 18),
(5752, '7C', 18),
(5753, '8C', 18),
(5754, '9C', 18),
(5755, '10C', 18),
(5756, '11C', 18),
(5757, '12C', 18),
(5758, '13C', 18),
(5759, '14C', 18),
(5760, '15C', 18),
(5761, '16C', 18),
(5762, '17C', 18),
(5763, '18C', 18),
(5764, '19C', 18),
(5765, '20C', 18),
(5766, '21C', 18),
(5767, '22C', 18),
(5768, '23C', 18),
(5769, '24C', 18),
(5770, '1D', 18),
(5771, '2D', 18),
(5772, '3D', 18),
(5773, '4D', 18),
(5774, '5D', 18),
(5775, '6D', 18),
(5776, '7D', 18),
(5777, '8D', 18),
(5778, '9D', 18),
(5779, '10D', 18),
(5780, '11D', 18),
(5781, '12D', 18),
(5782, '13D', 18),
(5783, '14D', 18),
(5784, '15D', 18),
(5785, '16D', 18),
(5786, '17D', 18),
(5787, '18D', 18),
(5788, '19D', 18),
(5789, '20D', 18),
(5790, '21D', 18),
(5791, '22D', 18),
(5792, '23D', 18),
(5793, '24D', 18),
(5794, '1E', 18),
(5795, '2E', 18),
(5796, '3E', 18),
(5797, '4E', 18),
(5798, '5E', 18),
(5799, '6E', 18),
(5800, '7E', 18),
(5801, '8E', 18),
(5802, '9E', 18),
(5803, '10E', 18),
(5804, '11E', 18),
(5805, '12E', 18),
(5806, '13E', 18),
(5807, '14E', 18),
(5808, '15E', 18),
(5809, '16E', 18),
(5810, '17E', 18),
(5811, '18E', 18),
(5812, '19E', 18),
(5813, '20E', 18),
(5814, '21E', 18),
(5815, '22E', 18),
(5816, '23E', 18),
(5817, '24E', 18),
(5818, '1F', 18),
(5819, '2F', 18),
(5820, '3F', 18),
(5821, '4F', 18),
(5822, '5F', 18),
(5823, '6F', 18),
(5824, '7F', 18),
(5825, '8F', 18),
(5826, '9F', 18),
(5827, '10F', 18),
(5828, '11F', 18),
(5829, '12F', 18),
(5830, '13F', 18),
(5831, '14F', 18),
(5832, '15F', 18),
(5833, '16F', 18),
(5834, '17F', 18),
(5835, '18F', 18),
(5836, '19F', 18),
(5837, '20F', 18),
(5838, '21F', 18),
(5839, '22F', 18),
(5840, '23F', 18),
(5841, '24F', 18),
(5842, '1G', 18),
(5843, '2G', 18),
(5844, '3G', 18),
(5845, '4G', 18),
(5846, '5G', 18),
(5847, '6G', 18),
(5848, '7G', 18),
(5849, '8G', 18),
(5850, '9G', 18),
(5851, '10G', 18),
(5852, '11G', 18),
(5853, '12G', 18),
(5854, '13G', 18),
(5855, '14G', 18),
(5856, '15G', 18),
(5857, '16G', 18),
(5858, '17G', 18),
(5859, '18G', 18),
(5860, '19G', 18),
(5861, '20G', 18),
(5862, '21G', 18),
(5863, '22G', 18),
(5864, '23G', 18),
(5865, '24G', 18),
(5866, '1H', 18),
(5867, '2H', 18),
(5868, '3H', 18),
(5869, '4H', 18),
(5870, '5H', 18),
(5871, '6H', 18),
(5872, '7H', 18),
(5873, '8H', 18),
(5874, '9H', 18),
(5875, '10H', 18),
(5876, '11H', 18),
(5877, '12H', 18),
(5878, '13H', 18),
(5879, '14H', 18),
(5880, '15H', 18),
(5881, '16H', 18),
(5882, '17H', 18),
(5883, '18H', 18),
(5884, '19H', 18),
(5885, '20H', 18),
(5886, '21H', 18),
(5887, '22H', 18),
(5888, '23H', 18),
(5889, '24H', 18),
(5890, '1I', 18),
(5891, '2I', 18),
(5892, '3I', 18),
(5893, '4I', 18),
(5894, '5I', 18),
(5895, '6I', 18),
(5896, '7I', 18),
(5897, '8I', 18),
(5898, '9I', 18),
(5899, '10I', 18),
(5900, '11I', 18),
(5901, '12I', 18),
(5902, '13I', 18),
(5903, '14I', 18),
(5904, '15I', 18),
(5905, '16I', 18),
(5906, '17I', 18),
(5907, '18I', 18),
(5908, '19I', 18),
(5909, '20I', 18),
(5910, '21I', 18),
(5911, '22I', 18),
(5912, '23I', 18),
(5913, '24I', 18),
(5914, '1J', 18),
(5915, '2J', 18),
(5916, '3J', 18),
(5917, '4J', 18),
(5918, '5J', 18),
(5919, '6J', 18),
(5920, '7J', 18),
(5921, '8J', 18),
(5922, '9J', 18),
(5923, '10J', 18),
(5924, '11J', 18),
(5925, '12J', 18),
(5926, '13J', 18),
(5927, '14J', 18),
(5928, '15J', 18),
(5929, '16J', 18),
(5930, '17J', 18),
(5931, '18J', 18),
(5932, '19J', 18),
(5933, '20J', 18),
(5934, '21J', 18),
(5935, '22J', 18),
(5936, '23J', 18),
(5937, '24J', 18),
(5938, '1K', 18),
(5939, '2K', 18),
(5940, '3K', 18),
(5941, '4K', 18),
(5942, '5K', 18),
(5943, '6K', 18),
(5944, '7K', 18),
(5945, '8K', 18),
(5946, '9K', 18),
(5947, '10K', 18),
(5948, '11K', 18),
(5949, '12K', 18),
(5950, '13K', 18),
(5951, '14K', 18),
(5952, '15K', 18),
(5953, '16K', 18),
(5954, '17K', 18),
(5955, '18K', 18),
(5956, '19K', 18),
(5957, '20K', 18),
(5958, '21K', 18),
(5959, '22K', 18),
(5960, '23K', 18),
(5961, '24K', 18),
(5962, '1L', 18),
(5963, '2L', 18),
(5964, '3L', 18),
(5965, '4L', 18),
(5966, '5L', 18),
(5967, '6L', 18),
(5968, '7L', 18),
(5969, '8L', 18),
(5970, '9L', 18),
(5971, '10L', 18),
(5972, '11L', 18),
(5973, '12L', 18),
(5974, '13L', 18),
(5975, '14L', 18),
(5976, '15L', 18),
(5977, '16L', 18),
(5978, '17L', 18),
(5979, '18L', 18),
(5980, '19L', 18),
(5981, '20L', 18),
(5982, '21L', 18),
(5983, '22L', 18),
(5984, '23L', 18),
(5985, '24L', 18),
(5986, '1M', 18),
(5987, '2M', 18),
(5988, '3M', 18),
(5989, '4M', 18),
(5990, '5M', 18),
(5991, '6M', 18),
(5992, '7M', 18),
(5993, '8M', 18),
(5994, '9M', 18),
(5995, '10M', 18),
(5996, '11M', 18),
(5997, '12M', 18),
(5998, '13M', 18),
(5999, '14M', 18),
(6000, '15M', 18),
(6001, '16M', 18),
(6002, '17M', 18),
(6003, '18M', 18),
(6004, '19M', 18),
(6005, '20M', 18),
(6006, '21M', 18),
(6007, '22M', 18),
(6008, '23M', 18),
(6009, '24M', 18),
(6010, '1N', 18),
(6011, '2N', 18),
(6012, '3N', 18),
(6013, '4N', 18),
(6014, '5N', 18),
(6015, '6N', 18),
(6016, '7N', 18),
(6017, '8N', 18),
(6018, '9N', 18),
(6019, '10N', 18),
(6020, '11N', 18),
(6021, '12N', 18),
(6022, '13N', 18),
(6023, '14N', 18),
(6024, '15N', 18),
(6025, '16N', 18),
(6026, '17N', 18),
(6027, '18N', 18),
(6028, '19N', 18),
(6029, '20N', 18),
(6030, '21N', 18),
(6031, '22N', 18),
(6032, '23N', 18),
(6033, '24N', 18),
(6034, '1O', 18),
(6035, '2O', 18),
(6036, '3O', 18),
(6037, '4O', 18),
(6038, '5O', 18),
(6039, '6O', 18),
(6040, '7O', 18),
(6041, '8O', 18),
(6042, '9O', 18),
(6043, '10O', 18),
(6044, '11O', 18),
(6045, '12O', 18),
(6046, '13O', 18),
(6047, '14O', 18),
(6048, '15O', 18),
(6049, '16O', 18),
(6050, '17O', 18),
(6051, '18O', 18),
(6052, '19O', 18),
(6053, '20O', 18),
(6054, '21O', 18),
(6055, '22O', 18),
(6056, '23O', 18),
(6057, '24O', 18),
(6058, '1P', 18),
(6059, '2P', 18),
(6060, '3P', 18),
(6061, '4P', 18),
(6062, '5P', 18),
(6063, '6P', 18),
(6064, '7P', 18),
(6065, '8P', 18),
(6066, '9P', 18),
(6067, '10P', 18),
(6068, '11P', 18),
(6069, '12P', 18),
(6070, '13P', 18),
(6071, '14P', 18),
(6072, '15P', 18),
(6073, '16P', 18),
(6074, '17P', 18),
(6075, '18P', 18),
(6076, '19P', 18),
(6077, '20P', 18),
(6078, '21P', 18),
(6079, '22P', 18),
(6080, '23P', 18),
(6081, '24P', 18),
(6082, '1Q', 18),
(6083, '2Q', 18),
(6084, '3Q', 18),
(6085, '4Q', 18),
(6086, '5Q', 18),
(6087, '6Q', 18),
(6088, '7Q', 18),
(6089, '8Q', 18),
(6090, '9Q', 18),
(6091, '10Q', 18),
(6092, '11Q', 18),
(6093, '12Q', 18),
(6094, '13Q', 18),
(6095, '14Q', 18),
(6096, '15Q', 18),
(6097, '16Q', 18),
(6098, '17Q', 18),
(6099, '18Q', 18),
(6100, '19Q', 18),
(6101, '20Q', 18),
(6102, '21Q', 18),
(6103, '22Q', 18),
(6104, '23Q', 18),
(6105, '24Q', 18),
(6106, '1R', 18),
(6107, '2R', 18),
(6108, '3R', 18),
(6109, '4R', 18),
(6110, '5R', 18),
(6111, '6R', 18),
(6112, '7R', 18),
(6113, '8R', 18),
(6114, '9R', 18),
(6115, '10R', 18),
(6116, '11R', 18),
(6117, '12R', 18),
(6118, '13R', 18),
(6119, '14R', 18),
(6120, '15R', 18),
(6121, '16R', 18),
(6122, '17R', 18),
(6123, '18R', 18),
(6124, '19R', 18),
(6125, '20R', 18),
(6126, '21R', 18),
(6127, '22R', 18),
(6128, '23R', 18),
(6129, '24R', 18),
(6130, '1S', 18),
(6131, '2S', 18),
(6132, '3S', 18),
(6133, '4S', 18),
(6134, '5S', 18),
(6135, '6S', 18),
(6136, '7S', 18),
(6137, '8S', 18),
(6138, '9S', 18),
(6139, '10S', 18),
(6140, '11S', 18),
(6141, '12S', 18),
(6142, '13S', 18),
(6143, '14S', 18),
(6144, '15S', 18),
(6145, '16S', 18),
(6146, '17S', 18),
(6147, '18S', 18),
(6148, '19S', 18),
(6149, '20S', 18),
(6150, '21S', 18),
(6151, '22S', 18),
(6152, '23S', 18),
(6153, '24S', 18),
(6154, '1T', 18),
(6155, '2T', 18),
(6156, '3T', 18),
(6157, '4T', 18),
(6158, '5T', 18),
(6159, '6T', 18),
(6160, '7T', 18),
(6161, '8T', 18),
(6162, '9T', 18),
(6163, '10T', 18),
(6164, '11T', 18),
(6165, '12T', 18),
(6166, '13T', 18),
(6167, '14T', 18),
(6168, '15T', 18),
(6169, '16T', 18),
(6170, '17T', 18),
(6171, '18T', 18),
(6172, '19T', 18),
(6173, '20T', 18),
(6174, '21T', 18),
(6175, '22T', 18),
(6176, '23T', 18),
(6177, '24T', 18),
(6178, '1U', 18),
(6179, '2U', 18),
(6180, '3U', 18),
(6181, '4U', 18),
(6182, '5U', 18),
(6183, '6U', 18),
(6184, '7U', 18),
(6185, '8U', 18),
(6186, '9U', 18),
(6187, '10U', 18),
(6188, '11U', 18),
(6189, '12U', 18),
(6190, '13U', 18),
(6191, '14U', 18),
(6192, '15U', 18),
(6193, '16U', 18),
(6194, '17U', 18),
(6195, '18U', 18),
(6196, '19U', 18),
(6197, '20U', 18),
(6198, '21U', 18),
(6199, '22U', 18),
(6200, '23U', 18),
(6201, '24U', 18),
(6202, '1V', 18),
(6203, '2V', 18),
(6204, '3V', 18),
(6205, '4V', 18),
(6206, '5V', 18),
(6207, '6V', 18),
(6208, '7V', 18),
(6209, '8V', 18),
(6210, '9V', 18),
(6211, '10V', 18),
(6212, '11V', 18),
(6213, '12V', 18),
(6214, '13V', 18),
(6215, '14V', 18),
(6216, '15V', 18),
(6217, '16V', 18),
(6218, '17V', 18),
(6219, '18V', 18),
(6220, '19V', 18),
(6221, '20V', 18),
(6222, '21V', 18),
(6223, '22V', 18),
(6224, '23V', 18),
(6225, '24V', 18),
(6226, '1W', 18),
(6227, '2W', 18),
(6228, '3W', 18),
(6229, '4W', 18),
(6230, '5W', 18),
(6231, '6W', 18),
(6232, '7W', 18),
(6233, '8W', 18),
(6234, '9W', 18),
(6235, '10W', 18),
(6236, '11W', 18),
(6237, '12W', 18),
(6238, '13W', 18),
(6239, '14W', 18),
(6240, '15W', 18),
(6241, '16W', 18),
(6242, '17W', 18),
(6243, '18W', 18),
(6244, '19W', 18),
(6245, '20W', 18),
(6246, '21W', 18),
(6247, '22W', 18),
(6248, '23W', 18),
(6249, '24W', 18),
(6250, '1X', 18),
(6251, '2X', 18),
(6252, '3X', 18),
(6253, '4X', 18),
(6254, '5X', 18),
(6255, '6X', 18),
(6256, '7X', 18),
(6257, '8X', 18),
(6258, '9X', 18),
(6259, '10X', 18),
(6260, '11X', 18),
(6261, '12X', 18),
(6262, '13X', 18),
(6263, '14X', 18),
(6264, '15X', 18),
(6265, '16X', 18),
(6266, '17X', 18),
(6267, '18X', 18),
(6268, '19X', 18),
(6269, '20X', 18),
(6270, '21X', 18),
(6271, '22X', 18),
(6272, '23X', 18),
(6273, '24X', 18),
(6274, 'AL0', 19),
(6275, 'AL1', 19),
(6276, 'AL2', 19),
(6277, 'AL3', 19),
(6278, 'AL4', 19),
(6279, 'AL5', 19),
(6280, 'AL6', 19),
(6281, 'AL7', 19),
(6282, 'AL8', 19),
(6283, 'AL9', 19),
(6284, 'AL10', 19),
(6285, 'AL11', 19),
(6286, 'AL12', 19),
(6287, 'AL13', 19),
(6288, 'AL14', 19),
(6289, 'AL15', 19),
(6290, 'AL16', 19),
(6291, 'AL17', 19),
(6292, 'AL18', 19),
(6293, 'AL19', 19),
(6294, 'AL20', 19),
(6295, 'AL21', 19),
(6296, 'AL22', 19),
(6297, 'AL23', 19),
(6298, 'AL24', 19),
(6299, 'AL25', 19),
(6300, 'AL26', 19),
(6301, 'AL27', 19),
(6302, 'AL28', 19),
(6303, 'AL29', 19),
(6304, 'AL30', 19),
(6305, 'AL31', 19),
(6306, 'AL32', 19),
(6307, 'AL33', 19),
(6308, 'AL34', 19),
(6309, 'AL35', 19),
(6310, 'AL36', 19),
(6311, 'AL37', 19),
(6312, 'AL38', 19),
(6313, 'AL39', 19),
(6314, 'AL40', 19),
(6315, 'AL41', 19),
(6316, 'AL42', 19),
(6317, 'AL43', 19),
(6318, 'AL44', 19),
(6319, 'AL45', 19),
(6320, 'AL46', 19),
(6321, 'AL47', 19),
(6322, 'AL48', 19),
(6323, 'AL49', 19),
(6324, 'AL50', 19),
(6325, 'AL51', 19),
(6326, 'AL52', 19),
(6327, 'AL53', 19),
(6328, 'AL54', 19),
(6329, 'AL55', 19),
(6330, 'AL56', 19),
(6331, 'AL57', 19),
(6332, 'AL58', 19),
(6333, 'AL59', 19),
(6334, 'AL60', 19),
(6335, 'AL61', 19),
(6336, 'AL62', 19),
(6337, 'AL63', 19),
(6338, 'AL64', 19),
(6339, 'AL65', 19),
(6340, 'AL66', 19),
(6341, 'AL67', 19),
(6342, 'AL68', 19),
(6343, 'AL69', 19),
(6344, 'AL70', 19),
(6345, 'AL71', 19),
(6346, 'AL72', 19),
(6347, 'AL73', 19),
(6348, 'AL74', 19),
(6349, 'AL75', 19),
(6350, 'AL76', 19),
(6351, 'AL77', 19),
(6352, 'AL78', 19),
(6353, 'AL79', 19),
(6354, 'AL80', 19),
(6355, 'AL81', 19),
(6356, 'AL82', 19),
(6357, 'AL83', 19),
(6358, 'AL84', 19),
(6359, 'AL85', 19),
(6360, 'AL86', 19),
(6361, 'AL87', 19),
(6362, 'AL88', 19),
(6363, 'AL89', 19),
(6364, 'AL90', 19),
(6365, 'AL91', 19),
(6366, 'AL92', 19),
(6367, 'AL93', 19),
(6368, 'AL94', 19),
(6369, 'AL95', 19),
(6370, 'AL96', 19),
(6371, 'AL97', 19),
(6372, 'AL98', 19),
(6373, 'AL99', 19),
(6374, 'AL100', 19),
(6375, 'AL101', 19),
(6376, 'AL102', 19),
(6377, 'AL103', 19),
(6378, 'AL104', 19),
(6379, 'AL105', 19),
(6380, 'AL106', 19),
(6381, 'AL107', 19),
(6382, 'AL108', 19),
(6383, 'AL109', 19),
(6384, 'AL110', 19),
(6385, 'AL111', 19),
(6386, 'AL112', 19),
(6387, 'AL113', 19),
(6388, 'AL114', 19),
(6389, 'AL115', 19),
(6390, 'AL116', 19),
(6391, 'AL117', 19),
(6392, 'AL118', 19),
(6393, 'AL119', 19),
(6394, 'AL120', 19),
(6395, 'AL121', 19),
(6396, 'AL122', 19),
(6397, 'AL123', 19),
(6398, 'AL124', 19),
(6399, 'AL125', 19),
(6400, 'AL126', 19),
(6401, 'AL127', 19),
(6402, 'AL128', 19),
(6403, 'AL129', 19),
(6404, 'AL130', 19),
(6405, 'AL131', 19),
(6406, 'AL132', 19),
(6407, 'AL133', 19),
(6408, 'AL134', 19),
(6409, 'AL135', 19),
(6410, 'AL136', 19),
(6411, 'AL137', 19),
(6412, 'AL138', 19),
(6413, 'AL139', 19),
(6414, 'AL140', 19),
(6415, 'AL141', 19),
(6416, 'AL142', 19),
(6417, 'AL143', 19),
(6418, 'AL144', 19),
(6419, 'AL145', 19),
(6420, 'AL146', 19),
(6421, 'AL147', 19),
(6422, 'AL148', 19),
(6423, 'AL149', 19),
(6424, 'AL150', 19),
(6425, 'AL151', 19),
(6426, 'AL152', 19),
(6427, 'AL153', 19),
(6428, 'AL154', 19),
(6429, 'AL155', 19),
(6430, 'AL156', 19),
(6431, 'AL157', 19),
(6432, 'AL158', 19),
(6433, 'AL159', 19),
(6434, 'AL160', 19),
(6435, 'AL161', 19),
(6436, 'AL162', 19),
(6437, 'AL163', 19),
(6438, 'AL164', 19),
(6439, 'AL165', 19),
(6440, 'AL166', 19),
(6441, 'AL167', 19),
(6442, 'AL168', 19),
(6443, 'AL169', 19),
(6444, 'AL170', 19),
(6445, 'AL171', 19),
(6446, 'AL172', 19),
(6447, 'AL173', 19),
(6448, 'AL174', 19),
(6449, 'AL175', 19),
(6450, 'AL176', 19),
(6451, 'AL177', 19),
(6452, 'AL178', 19),
(6453, 'AL179', 19),
(6454, 'AL180', 19),
(6455, 'AL181', 19),
(6456, 'AL182', 19),
(6457, 'AL183', 19),
(6458, 'AL184', 19),
(6459, 'AL185', 19),
(6460, 'AL186', 19),
(6461, 'AL187', 19),
(6462, 'AL188', 19),
(6463, 'AL189', 19),
(6464, 'AL190', 19),
(6465, 'AL191', 19),
(6466, 'AL192', 19),
(6467, 'AL193', 19),
(6468, 'AL194', 19),
(6469, 'AL195', 19),
(6470, 'AL196', 19),
(6471, 'AL197', 19),
(6472, 'AL198', 19),
(6473, 'AL199', 19),
(6474, 'AL200', 19),
(6475, 'AL201', 19),
(6476, 'AL202', 19),
(6477, 'AL203', 19),
(6478, 'AL204', 19),
(6479, 'AL205', 19),
(6480, 'AL206', 19),
(6481, 'AL207', 19),
(6482, 'AL208', 19),
(6483, 'AL209', 19),
(6484, 'AL210', 19),
(6485, 'AL211', 19),
(6486, 'AL212', 19),
(6487, 'AL213', 19),
(6488, 'AL214', 19),
(6489, 'AL215', 19),
(6490, 'AL216', 19),
(6491, 'AL217', 19),
(6492, 'AL218', 19),
(6493, 'AL219', 19),
(6494, 'AL220', 19),
(6495, 'AL221', 19),
(6496, 'AL222', 19),
(6497, 'AL223', 19),
(6498, 'AL224', 19);
INSERT INTO `seat` (`Seat_ID`, `Seat_Number`, `Zone_ID`) VALUES
(6499, 'AL225', 19),
(6500, 'AL226', 19),
(6501, 'AL227', 19),
(6502, 'AL228', 19),
(6503, 'AL229', 19),
(6504, 'AL230', 19),
(6505, 'AL231', 19),
(6506, 'AL232', 19),
(6507, 'AL233', 19),
(6508, 'AL234', 19),
(6509, 'AL235', 19),
(6510, 'AL236', 19),
(6511, 'AL237', 19),
(6512, 'AL238', 19),
(6513, 'AL239', 19),
(6514, 'AL240', 19),
(6515, 'AL241', 19),
(6516, 'AL242', 19),
(6517, 'AL243', 19),
(6518, 'AL244', 19),
(6519, 'AL245', 19),
(6520, 'AL246', 19),
(6521, 'AL247', 19),
(6522, 'AL248', 19),
(6523, 'AL249', 19),
(6524, 'AL250', 19),
(6525, 'AL251', 19),
(6526, 'AL252', 19),
(6527, 'AL253', 19),
(6528, 'AL254', 19),
(6529, 'AL255', 19),
(6530, 'AL256', 19),
(6531, 'AL257', 19),
(6532, 'AL258', 19),
(6533, 'AL259', 19),
(6534, 'AL260', 19),
(6535, 'AL261', 19),
(6536, 'AL262', 19),
(6537, 'AL263', 19),
(6538, 'AL264', 19),
(6539, 'AL265', 19),
(6540, 'AL266', 19),
(6541, 'AL267', 19),
(6542, 'AL268', 19),
(6543, 'AL269', 19),
(6544, 'AL270', 19),
(6545, 'AL271', 19),
(6546, 'AL272', 19),
(6547, 'AL273', 19),
(6548, 'AL274', 19),
(6549, 'AL275', 19),
(6550, 'AL276', 19),
(6551, 'AL277', 19),
(6552, 'AL278', 19),
(6553, 'AL279', 19),
(6554, 'AL280', 19),
(6555, 'AL281', 19),
(6556, 'AL282', 19),
(6557, 'AL283', 19),
(6558, 'AL284', 19),
(6559, 'AL285', 19),
(6560, 'AL286', 19),
(6561, 'AL287', 19),
(6562, 'AL288', 19),
(6563, 'AL289', 19),
(6564, 'AL290', 19),
(6565, 'AL291', 19),
(6566, 'AL292', 19),
(6567, 'AL293', 19),
(6568, 'AL294', 19),
(6569, 'AL295', 19),
(6570, 'AL296', 19),
(6571, 'AL297', 19),
(6572, 'AL298', 19),
(6573, 'AL299', 19),
(6574, 'AR0', 20),
(6575, 'AR1', 20),
(6576, 'AR2', 20),
(6577, 'AR3', 20),
(6578, 'AR4', 20),
(6579, 'AR5', 20),
(6580, 'AR6', 20),
(6581, 'AR7', 20),
(6582, 'AR8', 20),
(6583, 'AR9', 20),
(6584, 'AR10', 20),
(6585, 'AR11', 20),
(6586, 'AR12', 20),
(6587, 'AR13', 20),
(6588, 'AR14', 20),
(6589, 'AR15', 20),
(6590, 'AR16', 20),
(6591, 'AR17', 20),
(6592, 'AR18', 20),
(6593, 'AR19', 20),
(6594, 'AR20', 20),
(6595, 'AR21', 20),
(6596, 'AR22', 20),
(6597, 'AR23', 20),
(6598, 'AR24', 20),
(6599, 'AR25', 20),
(6600, 'AR26', 20),
(6601, 'AR27', 20),
(6602, 'AR28', 20),
(6603, 'AR29', 20),
(6604, 'AR30', 20),
(6605, 'AR31', 20),
(6606, 'AR32', 20),
(6607, 'AR33', 20),
(6608, 'AR34', 20),
(6609, 'AR35', 20),
(6610, 'AR36', 20),
(6611, 'AR37', 20),
(6612, 'AR38', 20),
(6613, 'AR39', 20),
(6614, 'AR40', 20),
(6615, 'AR41', 20),
(6616, 'AR42', 20),
(6617, 'AR43', 20),
(6618, 'AR44', 20),
(6619, 'AR45', 20),
(6620, 'AR46', 20),
(6621, 'AR47', 20),
(6622, 'AR48', 20),
(6623, 'AR49', 20),
(6624, 'AR50', 20),
(6625, 'AR51', 20),
(6626, 'AR52', 20),
(6627, 'AR53', 20),
(6628, 'AR54', 20),
(6629, 'AR55', 20),
(6630, 'AR56', 20),
(6631, 'AR57', 20),
(6632, 'AR58', 20),
(6633, 'AR59', 20),
(6634, 'AR60', 20),
(6635, 'AR61', 20),
(6636, 'AR62', 20),
(6637, 'AR63', 20),
(6638, 'AR64', 20),
(6639, 'AR65', 20),
(6640, 'AR66', 20),
(6641, 'AR67', 20),
(6642, 'AR68', 20),
(6643, 'AR69', 20),
(6644, 'AR70', 20),
(6645, 'AR71', 20),
(6646, 'AR72', 20),
(6647, 'AR73', 20),
(6648, 'AR74', 20),
(6649, 'AR75', 20),
(6650, 'AR76', 20),
(6651, 'AR77', 20),
(6652, 'AR78', 20),
(6653, 'AR79', 20),
(6654, 'AR80', 20),
(6655, 'AR81', 20),
(6656, 'AR82', 20),
(6657, 'AR83', 20),
(6658, 'AR84', 20),
(6659, 'AR85', 20),
(6660, 'AR86', 20),
(6661, 'AR87', 20),
(6662, 'AR88', 20),
(6663, 'AR89', 20),
(6664, 'AR90', 20),
(6665, 'AR91', 20),
(6666, 'AR92', 20),
(6667, 'AR93', 20),
(6668, 'AR94', 20),
(6669, 'AR95', 20),
(6670, 'AR96', 20),
(6671, 'AR97', 20),
(6672, 'AR98', 20),
(6673, 'AR99', 20),
(6674, 'AR100', 20),
(6675, 'AR101', 20),
(6676, 'AR102', 20),
(6677, 'AR103', 20),
(6678, 'AR104', 20),
(6679, 'AR105', 20),
(6680, 'AR106', 20),
(6681, 'AR107', 20),
(6682, 'AR108', 20),
(6683, 'AR109', 20),
(6684, 'AR110', 20),
(6685, 'AR111', 20),
(6686, 'AR112', 20),
(6687, 'AR113', 20),
(6688, 'AR114', 20),
(6689, 'AR115', 20),
(6690, 'AR116', 20),
(6691, 'AR117', 20),
(6692, 'AR118', 20),
(6693, 'AR119', 20),
(6694, 'AR120', 20),
(6695, 'AR121', 20),
(6696, 'AR122', 20),
(6697, 'AR123', 20),
(6698, 'AR124', 20),
(6699, 'AR125', 20),
(6700, 'AR126', 20),
(6701, 'AR127', 20),
(6702, 'AR128', 20),
(6703, 'AR129', 20),
(6704, 'AR130', 20),
(6705, 'AR131', 20),
(6706, 'AR132', 20),
(6707, 'AR133', 20),
(6708, 'AR134', 20),
(6709, 'AR135', 20),
(6710, 'AR136', 20),
(6711, 'AR137', 20),
(6712, 'AR138', 20),
(6713, 'AR139', 20),
(6714, 'AR140', 20),
(6715, 'AR141', 20),
(6716, 'AR142', 20),
(6717, 'AR143', 20),
(6718, 'AR144', 20),
(6719, 'AR145', 20),
(6720, 'AR146', 20),
(6721, 'AR147', 20),
(6722, 'AR148', 20),
(6723, 'AR149', 20),
(6724, 'AR150', 20),
(6725, 'AR151', 20),
(6726, 'AR152', 20),
(6727, 'AR153', 20),
(6728, 'AR154', 20),
(6729, 'AR155', 20),
(6730, 'AR156', 20),
(6731, 'AR157', 20),
(6732, 'AR158', 20),
(6733, 'AR159', 20),
(6734, 'AR160', 20),
(6735, 'AR161', 20),
(6736, 'AR162', 20),
(6737, 'AR163', 20),
(6738, 'AR164', 20),
(6739, 'AR165', 20),
(6740, 'AR166', 20),
(6741, 'AR167', 20),
(6742, 'AR168', 20),
(6743, 'AR169', 20),
(6744, 'AR170', 20),
(6745, 'AR171', 20),
(6746, 'AR172', 20),
(6747, 'AR173', 20),
(6748, 'AR174', 20),
(6749, 'AR175', 20),
(6750, 'AR176', 20),
(6751, 'AR177', 20),
(6752, 'AR178', 20),
(6753, 'AR179', 20),
(6754, 'AR180', 20),
(6755, 'AR181', 20),
(6756, 'AR182', 20),
(6757, 'AR183', 20),
(6758, 'AR184', 20),
(6759, 'AR185', 20),
(6760, 'AR186', 20),
(6761, 'AR187', 20),
(6762, 'AR188', 20),
(6763, 'AR189', 20),
(6764, 'AR190', 20),
(6765, 'AR191', 20),
(6766, 'AR192', 20),
(6767, 'AR193', 20),
(6768, 'AR194', 20),
(6769, 'AR195', 20),
(6770, 'AR196', 20),
(6771, 'AR197', 20),
(6772, 'AR198', 20),
(6773, 'AR199', 20),
(6774, 'AR200', 20),
(6775, 'AR201', 20),
(6776, 'AR202', 20),
(6777, 'AR203', 20),
(6778, 'AR204', 20),
(6779, 'AR205', 20),
(6780, 'AR206', 20),
(6781, 'AR207', 20),
(6782, 'AR208', 20),
(6783, 'AR209', 20),
(6784, 'AR210', 20),
(6785, 'AR211', 20),
(6786, 'AR212', 20),
(6787, 'AR213', 20),
(6788, 'AR214', 20),
(6789, 'AR215', 20),
(6790, 'AR216', 20),
(6791, 'AR217', 20),
(6792, 'AR218', 20),
(6793, 'AR219', 20),
(6794, 'AR220', 20),
(6795, 'AR221', 20),
(6796, 'AR222', 20),
(6797, 'AR223', 20),
(6798, 'AR224', 20),
(6799, 'AR225', 20),
(6800, 'AR226', 20),
(6801, 'AR227', 20),
(6802, 'AR228', 20),
(6803, 'AR229', 20),
(6804, 'AR230', 20),
(6805, 'AR231', 20),
(6806, 'AR232', 20),
(6807, 'AR233', 20),
(6808, 'AR234', 20),
(6809, 'AR235', 20),
(6810, 'AR236', 20),
(6811, 'AR237', 20),
(6812, 'AR238', 20),
(6813, 'AR239', 20),
(6814, 'AR240', 20),
(6815, 'AR241', 20),
(6816, 'AR242', 20),
(6817, 'AR243', 20),
(6818, 'AR244', 20),
(6819, 'AR245', 20),
(6820, 'AR246', 20),
(6821, 'AR247', 20),
(6822, 'AR248', 20),
(6823, 'AR249', 20),
(6824, 'AR250', 20),
(6825, 'AR251', 20),
(6826, 'AR252', 20),
(6827, 'AR253', 20),
(6828, 'AR254', 20),
(6829, 'AR255', 20),
(6830, 'AR256', 20),
(6831, 'AR257', 20),
(6832, 'AR258', 20),
(6833, 'AR259', 20),
(6834, 'AR260', 20),
(6835, 'AR261', 20),
(6836, 'AR262', 20),
(6837, 'AR263', 20),
(6838, 'AR264', 20),
(6839, 'AR265', 20),
(6840, 'AR266', 20),
(6841, 'AR267', 20),
(6842, 'AR268', 20),
(6843, 'AR269', 20),
(6844, 'AR270', 20),
(6845, 'AR271', 20),
(6846, 'AR272', 20),
(6847, 'AR273', 20),
(6848, 'AR274', 20),
(6849, 'AR275', 20),
(6850, 'AR276', 20),
(6851, 'AR277', 20),
(6852, 'AR278', 20),
(6853, 'AR279', 20),
(6854, 'AR280', 20),
(6855, 'AR281', 20),
(6856, 'AR282', 20),
(6857, 'AR283', 20),
(6858, 'AR284', 20),
(6859, 'AR285', 20),
(6860, 'AR286', 20),
(6861, 'AR287', 20),
(6862, 'AR288', 20),
(6863, 'AR289', 20),
(6864, 'AR290', 20),
(6865, 'AR291', 20),
(6866, 'AR292', 20),
(6867, 'AR293', 20),
(6868, 'AR294', 20),
(6869, 'AR295', 20),
(6870, 'AR296', 20),
(6871, 'AR297', 20),
(6872, 'AR298', 20),
(6873, 'AR299', 20),
(6874, 'BL0', 21),
(6875, 'BL1', 21),
(6876, 'BL2', 21),
(6877, 'BL3', 21),
(6878, 'BL4', 21),
(6879, 'BL5', 21),
(6880, 'BL6', 21),
(6881, 'BL7', 21),
(6882, 'BL8', 21),
(6883, 'BL9', 21),
(6884, 'BL10', 21),
(6885, 'BL11', 21),
(6886, 'BL12', 21),
(6887, 'BL13', 21),
(6888, 'BL14', 21),
(6889, 'BL15', 21),
(6890, 'BL16', 21),
(6891, 'BL17', 21),
(6892, 'BL18', 21),
(6893, 'BL19', 21),
(6894, 'BL20', 21),
(6895, 'BL21', 21),
(6896, 'BL22', 21),
(6897, 'BL23', 21),
(6898, 'BL24', 21),
(6899, 'BL25', 21),
(6900, 'BL26', 21),
(6901, 'BL27', 21),
(6902, 'BL28', 21),
(6903, 'BL29', 21),
(6904, 'BL30', 21),
(6905, 'BL31', 21),
(6906, 'BL32', 21),
(6907, 'BL33', 21),
(6908, 'BL34', 21),
(6909, 'BL35', 21),
(6910, 'BL36', 21),
(6911, 'BL37', 21),
(6912, 'BL38', 21),
(6913, 'BL39', 21),
(6914, 'BL40', 21),
(6915, 'BL41', 21),
(6916, 'BL42', 21),
(6917, 'BL43', 21),
(6918, 'BL44', 21),
(6919, 'BL45', 21),
(6920, 'BL46', 21),
(6921, 'BL47', 21),
(6922, 'BL48', 21),
(6923, 'BL49', 21),
(6924, 'BL50', 21),
(6925, 'BL51', 21),
(6926, 'BL52', 21),
(6927, 'BL53', 21),
(6928, 'BL54', 21),
(6929, 'BL55', 21),
(6930, 'BL56', 21),
(6931, 'BL57', 21),
(6932, 'BL58', 21),
(6933, 'BL59', 21),
(6934, 'BL60', 21),
(6935, 'BL61', 21),
(6936, 'BL62', 21),
(6937, 'BL63', 21),
(6938, 'BL64', 21),
(6939, 'BL65', 21),
(6940, 'BL66', 21),
(6941, 'BL67', 21),
(6942, 'BL68', 21),
(6943, 'BL69', 21),
(6944, 'BL70', 21),
(6945, 'BL71', 21),
(6946, 'BL72', 21),
(6947, 'BL73', 21),
(6948, 'BL74', 21),
(6949, 'BL75', 21),
(6950, 'BL76', 21),
(6951, 'BL77', 21),
(6952, 'BL78', 21),
(6953, 'BL79', 21),
(6954, 'BL80', 21),
(6955, 'BL81', 21),
(6956, 'BL82', 21),
(6957, 'BL83', 21),
(6958, 'BL84', 21),
(6959, 'BL85', 21),
(6960, 'BL86', 21),
(6961, 'BL87', 21),
(6962, 'BL88', 21),
(6963, 'BL89', 21),
(6964, 'BL90', 21),
(6965, 'BL91', 21),
(6966, 'BL92', 21),
(6967, 'BL93', 21),
(6968, 'BL94', 21),
(6969, 'BL95', 21),
(6970, 'BL96', 21),
(6971, 'BL97', 21),
(6972, 'BL98', 21),
(6973, 'BL99', 21),
(6974, 'BL100', 21),
(6975, 'BL101', 21),
(6976, 'BL102', 21),
(6977, 'BL103', 21),
(6978, 'BL104', 21),
(6979, 'BL105', 21),
(6980, 'BL106', 21),
(6981, 'BL107', 21),
(6982, 'BL108', 21),
(6983, 'BL109', 21),
(6984, 'BL110', 21),
(6985, 'BL111', 21),
(6986, 'BL112', 21),
(6987, 'BL113', 21),
(6988, 'BL114', 21),
(6989, 'BL115', 21),
(6990, 'BL116', 21),
(6991, 'BL117', 21),
(6992, 'BL118', 21),
(6993, 'BL119', 21),
(6994, 'BL120', 21),
(6995, 'BL121', 21),
(6996, 'BL122', 21),
(6997, 'BL123', 21),
(6998, 'BL124', 21),
(6999, 'BL125', 21),
(7000, 'BL126', 21),
(7001, 'BL127', 21),
(7002, 'BL128', 21),
(7003, 'BL129', 21),
(7004, 'BL130', 21),
(7005, 'BL131', 21),
(7006, 'BL132', 21),
(7007, 'BL133', 21),
(7008, 'BL134', 21),
(7009, 'BL135', 21),
(7010, 'BL136', 21),
(7011, 'BL137', 21),
(7012, 'BL138', 21),
(7013, 'BL139', 21),
(7014, 'BL140', 21),
(7015, 'BL141', 21),
(7016, 'BL142', 21),
(7017, 'BL143', 21),
(7018, 'BL144', 21),
(7019, 'BL145', 21),
(7020, 'BL146', 21),
(7021, 'BL147', 21),
(7022, 'BL148', 21),
(7023, 'BL149', 21),
(7024, 'BL150', 21),
(7025, 'BL151', 21),
(7026, 'BL152', 21),
(7027, 'BL153', 21),
(7028, 'BL154', 21),
(7029, 'BL155', 21),
(7030, 'BL156', 21),
(7031, 'BL157', 21),
(7032, 'BL158', 21),
(7033, 'BL159', 21),
(7034, 'BL160', 21),
(7035, 'BL161', 21),
(7036, 'BL162', 21),
(7037, 'BL163', 21),
(7038, 'BL164', 21),
(7039, 'BL165', 21),
(7040, 'BL166', 21),
(7041, 'BL167', 21),
(7042, 'BL168', 21),
(7043, 'BL169', 21),
(7044, 'BL170', 21),
(7045, 'BL171', 21),
(7046, 'BL172', 21),
(7047, 'BL173', 21),
(7048, 'BL174', 21),
(7049, 'BL175', 21),
(7050, 'BL176', 21),
(7051, 'BL177', 21),
(7052, 'BL178', 21),
(7053, 'BL179', 21),
(7054, 'BL180', 21),
(7055, 'BL181', 21),
(7056, 'BL182', 21),
(7057, 'BL183', 21),
(7058, 'BL184', 21),
(7059, 'BL185', 21),
(7060, 'BL186', 21),
(7061, 'BL187', 21),
(7062, 'BL188', 21),
(7063, 'BL189', 21),
(7064, 'BL190', 21),
(7065, 'BL191', 21),
(7066, 'BL192', 21),
(7067, 'BL193', 21),
(7068, 'BL194', 21),
(7069, 'BL195', 21),
(7070, 'BL196', 21),
(7071, 'BL197', 21),
(7072, 'BL198', 21),
(7073, 'BL199', 21),
(7074, 'BL200', 21),
(7075, 'BL201', 21),
(7076, 'BL202', 21),
(7077, 'BL203', 21),
(7078, 'BL204', 21),
(7079, 'BL205', 21),
(7080, 'BL206', 21),
(7081, 'BL207', 21),
(7082, 'BL208', 21),
(7083, 'BL209', 21),
(7084, 'BL210', 21),
(7085, 'BL211', 21),
(7086, 'BL212', 21),
(7087, 'BL213', 21),
(7088, 'BL214', 21),
(7089, 'BL215', 21),
(7090, 'BL216', 21),
(7091, 'BL217', 21),
(7092, 'BL218', 21),
(7093, 'BL219', 21),
(7094, 'BL220', 21),
(7095, 'BL221', 21),
(7096, 'BL222', 21),
(7097, 'BL223', 21),
(7098, 'BL224', 21),
(7099, 'BL225', 21),
(7100, 'BL226', 21),
(7101, 'BL227', 21),
(7102, 'BL228', 21),
(7103, 'BL229', 21),
(7104, 'BL230', 21),
(7105, 'BL231', 21),
(7106, 'BL232', 21),
(7107, 'BL233', 21),
(7108, 'BL234', 21),
(7109, 'BL235', 21),
(7110, 'BL236', 21),
(7111, 'BL237', 21),
(7112, 'BL238', 21),
(7113, 'BL239', 21),
(7114, 'BL240', 21),
(7115, 'BL241', 21),
(7116, 'BL242', 21),
(7117, 'BL243', 21),
(7118, 'BL244', 21),
(7119, 'BL245', 21),
(7120, 'BL246', 21),
(7121, 'BL247', 21),
(7122, 'BL248', 21),
(7123, 'BL249', 21),
(7124, 'BL250', 21),
(7125, 'BL251', 21),
(7126, 'BL252', 21),
(7127, 'BL253', 21),
(7128, 'BL254', 21),
(7129, 'BL255', 21),
(7130, 'BL256', 21),
(7131, 'BL257', 21),
(7132, 'BL258', 21),
(7133, 'BL259', 21),
(7134, 'BL260', 21),
(7135, 'BL261', 21),
(7136, 'BL262', 21),
(7137, 'BL263', 21),
(7138, 'BL264', 21),
(7139, 'BL265', 21),
(7140, 'BL266', 21),
(7141, 'BL267', 21),
(7142, 'BL268', 21),
(7143, 'BL269', 21),
(7144, 'BL270', 21),
(7145, 'BL271', 21),
(7146, 'BL272', 21),
(7147, 'BL273', 21),
(7148, 'BL274', 21),
(7149, 'BL275', 21),
(7150, 'BL276', 21),
(7151, 'BL277', 21),
(7152, 'BL278', 21),
(7153, 'BL279', 21),
(7154, 'BL280', 21),
(7155, 'BL281', 21),
(7156, 'BL282', 21),
(7157, 'BL283', 21),
(7158, 'BL284', 21),
(7159, 'BL285', 21),
(7160, 'BL286', 21),
(7161, 'BL287', 21),
(7162, 'BL288', 21),
(7163, 'BL289', 21),
(7164, 'BL290', 21),
(7165, 'BL291', 21),
(7166, 'BL292', 21),
(7167, 'BL293', 21),
(7168, 'BL294', 21),
(7169, 'BL295', 21),
(7170, 'BL296', 21),
(7171, 'BL297', 21),
(7172, 'BL298', 21),
(7173, 'BL299', 21),
(7174, 'BL0', 22),
(7175, 'BL1', 22),
(7176, 'BL2', 22),
(7177, 'BL3', 22),
(7178, 'BL4', 22),
(7179, 'BL5', 22),
(7180, 'BL6', 22),
(7181, 'BL7', 22),
(7182, 'BL8', 22),
(7183, 'BL9', 22),
(7184, 'BL10', 22),
(7185, 'BL11', 22),
(7186, 'BL12', 22),
(7187, 'BL13', 22),
(7188, 'BL14', 22),
(7189, 'BL15', 22),
(7190, 'BL16', 22),
(7191, 'BL17', 22),
(7192, 'BL18', 22),
(7193, 'BL19', 22),
(7194, 'BL20', 22),
(7195, 'BL21', 22),
(7196, 'BL22', 22),
(7197, 'BL23', 22),
(7198, 'BL24', 22),
(7199, 'BL25', 22),
(7200, 'BL26', 22),
(7201, 'BL27', 22),
(7202, 'BL28', 22),
(7203, 'BL29', 22),
(7204, 'BL30', 22),
(7205, 'BL31', 22),
(7206, 'BL32', 22),
(7207, 'BL33', 22),
(7208, 'BL34', 22),
(7209, 'BL35', 22),
(7210, 'BL36', 22),
(7211, 'BL37', 22),
(7212, 'BL38', 22),
(7213, 'BL39', 22),
(7214, 'BL40', 22),
(7215, 'BL41', 22),
(7216, 'BL42', 22),
(7217, 'BL43', 22),
(7218, 'BL44', 22),
(7219, 'BL45', 22),
(7220, 'BL46', 22),
(7221, 'BL47', 22),
(7222, 'BL48', 22),
(7223, 'BL49', 22),
(7224, 'BL50', 22),
(7225, 'BL51', 22),
(7226, 'BL52', 22),
(7227, 'BL53', 22),
(7228, 'BL54', 22),
(7229, 'BL55', 22),
(7230, 'BL56', 22),
(7231, 'BL57', 22),
(7232, 'BL58', 22),
(7233, 'BL59', 22),
(7234, 'BL60', 22),
(7235, 'BL61', 22),
(7236, 'BL62', 22),
(7237, 'BL63', 22),
(7238, 'BL64', 22),
(7239, 'BL65', 22),
(7240, 'BL66', 22),
(7241, 'BL67', 22),
(7242, 'BL68', 22),
(7243, 'BL69', 22),
(7244, 'BL70', 22),
(7245, 'BL71', 22),
(7246, 'BL72', 22),
(7247, 'BL73', 22),
(7248, 'BL74', 22),
(7249, 'BL75', 22),
(7250, 'BL76', 22),
(7251, 'BL77', 22),
(7252, 'BL78', 22),
(7253, 'BL79', 22),
(7254, 'BL80', 22),
(7255, 'BL81', 22),
(7256, 'BL82', 22),
(7257, 'BL83', 22),
(7258, 'BL84', 22),
(7259, 'BL85', 22),
(7260, 'BL86', 22),
(7261, 'BL87', 22),
(7262, 'BL88', 22),
(7263, 'BL89', 22),
(7264, 'BL90', 22),
(7265, 'BL91', 22),
(7266, 'BL92', 22),
(7267, 'BL93', 22),
(7268, 'BL94', 22),
(7269, 'BL95', 22),
(7270, 'BL96', 22),
(7271, 'BL97', 22),
(7272, 'BL98', 22),
(7273, 'BL99', 22),
(7274, 'BL100', 22),
(7275, 'BL101', 22),
(7276, 'BL102', 22),
(7277, 'BL103', 22),
(7278, 'BL104', 22),
(7279, 'BL105', 22),
(7280, 'BL106', 22),
(7281, 'BL107', 22),
(7282, 'BL108', 22),
(7283, 'BL109', 22),
(7284, 'BL110', 22),
(7285, 'BL111', 22),
(7286, 'BL112', 22),
(7287, 'BL113', 22),
(7288, 'BL114', 22),
(7289, 'BL115', 22),
(7290, 'BL116', 22),
(7291, 'BL117', 22),
(7292, 'BL118', 22),
(7293, 'BL119', 22),
(7294, 'BL120', 22),
(7295, 'BL121', 22),
(7296, 'BL122', 22),
(7297, 'BL123', 22),
(7298, 'BL124', 22),
(7299, 'BL125', 22),
(7300, 'BL126', 22),
(7301, 'BL127', 22),
(7302, 'BL128', 22),
(7303, 'BL129', 22),
(7304, 'BL130', 22),
(7305, 'BL131', 22),
(7306, 'BL132', 22),
(7307, 'BL133', 22),
(7308, 'BL134', 22),
(7309, 'BL135', 22),
(7310, 'BL136', 22),
(7311, 'BL137', 22),
(7312, 'BL138', 22),
(7313, 'BL139', 22),
(7314, 'BL140', 22),
(7315, 'BL141', 22),
(7316, 'BL142', 22),
(7317, 'BL143', 22),
(7318, 'BL144', 22),
(7319, 'BL145', 22),
(7320, 'BL146', 22),
(7321, 'BL147', 22),
(7322, 'BL148', 22),
(7323, 'BL149', 22),
(7324, 'BL150', 22),
(7325, 'BL151', 22),
(7326, 'BL152', 22),
(7327, 'BL153', 22),
(7328, 'BL154', 22),
(7329, 'BL155', 22),
(7330, 'BL156', 22),
(7331, 'BL157', 22),
(7332, 'BL158', 22),
(7333, 'BL159', 22),
(7334, 'BL160', 22),
(7335, 'BL161', 22),
(7336, 'BL162', 22),
(7337, 'BL163', 22),
(7338, 'BL164', 22),
(7339, 'BL165', 22),
(7340, 'BL166', 22),
(7341, 'BL167', 22),
(7342, 'BL168', 22),
(7343, 'BL169', 22),
(7344, 'BL170', 22),
(7345, 'BL171', 22),
(7346, 'BL172', 22),
(7347, 'BL173', 22),
(7348, 'BL174', 22),
(7349, 'BL175', 22),
(7350, 'BL176', 22),
(7351, 'BL177', 22),
(7352, 'BL178', 22),
(7353, 'BL179', 22),
(7354, 'BL180', 22),
(7355, 'BL181', 22),
(7356, 'BL182', 22),
(7357, 'BL183', 22),
(7358, 'BL184', 22),
(7359, 'BL185', 22),
(7360, 'BL186', 22),
(7361, 'BL187', 22),
(7362, 'BL188', 22),
(7363, 'BL189', 22),
(7364, 'BL190', 22),
(7365, 'BL191', 22),
(7366, 'BL192', 22),
(7367, 'BL193', 22),
(7368, 'BL194', 22),
(7369, 'BL195', 22),
(7370, 'BL196', 22),
(7371, 'BL197', 22),
(7372, 'BL198', 22),
(7373, 'BL199', 22),
(7374, 'BL200', 22),
(7375, 'BL201', 22),
(7376, 'BL202', 22),
(7377, 'BL203', 22),
(7378, 'BL204', 22),
(7379, 'BL205', 22),
(7380, 'BL206', 22),
(7381, 'BL207', 22),
(7382, 'BL208', 22),
(7383, 'BL209', 22),
(7384, 'BL210', 22),
(7385, 'BL211', 22),
(7386, 'BL212', 22),
(7387, 'BL213', 22),
(7388, 'BL214', 22),
(7389, 'BL215', 22),
(7390, 'BL216', 22),
(7391, 'BL217', 22),
(7392, 'BL218', 22),
(7393, 'BL219', 22),
(7394, 'BL220', 22),
(7395, 'BL221', 22),
(7396, 'BL222', 22),
(7397, 'BL223', 22),
(7398, 'BL224', 22),
(7399, 'BL225', 22),
(7400, 'BL226', 22),
(7401, 'BL227', 22),
(7402, 'BL228', 22),
(7403, 'BL229', 22),
(7404, 'BL230', 22),
(7405, 'BL231', 22),
(7406, 'BL232', 22),
(7407, 'BL233', 22),
(7408, 'BL234', 22),
(7409, 'BL235', 22),
(7410, 'BL236', 22),
(7411, 'BL237', 22),
(7412, 'BL238', 22),
(7413, 'BL239', 22),
(7414, 'BL240', 22),
(7415, 'BL241', 22),
(7416, 'BL242', 22),
(7417, 'BL243', 22),
(7418, 'BL244', 22),
(7419, 'BL245', 22),
(7420, 'BL246', 22),
(7421, 'BL247', 22),
(7422, 'BL248', 22),
(7423, 'BL249', 22),
(7424, 'BL250', 22),
(7425, 'BL251', 22),
(7426, 'BL252', 22),
(7427, 'BL253', 22),
(7428, 'BL254', 22),
(7429, 'BL255', 22),
(7430, 'BL256', 22),
(7431, 'BL257', 22),
(7432, 'BL258', 22),
(7433, 'BL259', 22),
(7434, 'BL260', 22),
(7435, 'BL261', 22),
(7436, 'BL262', 22),
(7437, 'BL263', 22),
(7438, 'BL264', 22),
(7439, 'BL265', 22),
(7440, 'BL266', 22),
(7441, 'BL267', 22),
(7442, 'BL268', 22),
(7443, 'BL269', 22),
(7444, 'BL270', 22),
(7445, 'BL271', 22),
(7446, 'BL272', 22),
(7447, 'BL273', 22),
(7448, 'BL274', 22),
(7449, 'BL275', 22),
(7450, 'BL276', 22),
(7451, 'BL277', 22),
(7452, 'BL278', 22),
(7453, 'BL279', 22),
(7454, 'BL280', 22),
(7455, 'BL281', 22),
(7456, 'BL282', 22),
(7457, 'BL283', 22),
(7458, 'BL284', 22),
(7459, 'BL285', 22),
(7460, 'BL286', 22),
(7461, 'BL287', 22),
(7462, 'BL288', 22),
(7463, 'BL289', 22),
(7464, 'BL290', 22),
(7465, 'BL291', 22),
(7466, 'BL292', 22),
(7467, 'BL293', 22),
(7468, 'BL294', 22),
(7469, 'BL295', 22),
(7470, 'BL296', 22),
(7471, 'BL297', 22),
(7472, 'BL298', 22),
(7473, 'BL299', 22),
(7474, '1A', 23),
(7475, '2A', 23),
(7476, '3A', 23),
(7477, '4A', 23),
(7478, '5A', 23),
(7479, '6A', 23),
(7480, '7A', 23),
(7481, '8A', 23),
(7482, '9A', 23),
(7483, '10A', 23),
(7484, '11A', 23),
(7485, '12A', 23),
(7486, '13A', 23),
(7487, '14A', 23),
(7488, '15A', 23),
(7489, '16A', 23),
(7490, '17A', 23),
(7491, '18A', 23),
(7492, '19A', 23),
(7493, '20A', 23),
(7494, '21A', 23),
(7495, '22A', 23),
(7496, '23A', 23),
(7497, '24A', 23),
(7498, '1B', 23),
(7499, '2B', 23),
(7500, '3B', 23),
(7501, '4B', 23),
(7502, '5B', 23),
(7503, '6B', 23),
(7504, '7B', 23),
(7505, '8B', 23),
(7506, '9B', 23),
(7507, '10B', 23),
(7508, '11B', 23),
(7509, '12B', 23),
(7510, '13B', 23),
(7511, '14B', 23),
(7512, '15B', 23),
(7513, '16B', 23),
(7514, '17B', 23),
(7515, '18B', 23),
(7516, '19B', 23),
(7517, '20B', 23),
(7518, '21B', 23),
(7519, '22B', 23),
(7520, '23B', 23),
(7521, '24B', 23),
(7522, '1C', 23),
(7523, '2C', 23),
(7524, '3C', 23),
(7525, '4C', 23),
(7526, '5C', 23),
(7527, '6C', 23),
(7528, '7C', 23),
(7529, '8C', 23),
(7530, '9C', 23),
(7531, '10C', 23),
(7532, '11C', 23),
(7533, '12C', 23),
(7534, '13C', 23),
(7535, '14C', 23),
(7536, '15C', 23),
(7537, '16C', 23),
(7538, '17C', 23),
(7539, '18C', 23),
(7540, '19C', 23),
(7541, '20C', 23),
(7542, '21C', 23),
(7543, '22C', 23),
(7544, '23C', 23),
(7545, '24C', 23),
(7546, '1D', 23),
(7547, '2D', 23),
(7548, '3D', 23),
(7549, '4D', 23),
(7550, '5D', 23),
(7551, '6D', 23),
(7552, '7D', 23),
(7553, '8D', 23),
(7554, '9D', 23),
(7555, '10D', 23),
(7556, '11D', 23),
(7557, '12D', 23),
(7558, '13D', 23),
(7559, '14D', 23),
(7560, '15D', 23),
(7561, '16D', 23),
(7562, '17D', 23),
(7563, '18D', 23),
(7564, '19D', 23),
(7565, '20D', 23),
(7566, '21D', 23),
(7567, '22D', 23),
(7568, '23D', 23),
(7569, '24D', 23),
(7570, '1E', 23),
(7571, '2E', 23),
(7572, '3E', 23),
(7573, '4E', 23),
(7574, '5E', 23),
(7575, '6E', 23),
(7576, '7E', 23),
(7577, '8E', 23),
(7578, '9E', 23),
(7579, '10E', 23),
(7580, '11E', 23),
(7581, '12E', 23),
(7582, '13E', 23),
(7583, '14E', 23),
(7584, '15E', 23),
(7585, '16E', 23),
(7586, '17E', 23),
(7587, '18E', 23),
(7588, '19E', 23),
(7589, '20E', 23),
(7590, '21E', 23),
(7591, '22E', 23),
(7592, '23E', 23),
(7593, '24E', 23),
(7594, '1F', 23),
(7595, '2F', 23),
(7596, '3F', 23),
(7597, '4F', 23),
(7598, '5F', 23),
(7599, '6F', 23),
(7600, '7F', 23),
(7601, '8F', 23),
(7602, '9F', 23),
(7603, '10F', 23),
(7604, '11F', 23),
(7605, '12F', 23),
(7606, '13F', 23),
(7607, '14F', 23),
(7608, '15F', 23),
(7609, '16F', 23),
(7610, '17F', 23),
(7611, '18F', 23),
(7612, '19F', 23),
(7613, '20F', 23),
(7614, '21F', 23),
(7615, '22F', 23),
(7616, '23F', 23),
(7617, '24F', 23),
(7618, '1G', 23),
(7619, '2G', 23),
(7620, '3G', 23),
(7621, '4G', 23),
(7622, '5G', 23),
(7623, '6G', 23),
(7624, '7G', 23),
(7625, '8G', 23),
(7626, '9G', 23),
(7627, '10G', 23),
(7628, '11G', 23),
(7629, '12G', 23),
(7630, '13G', 23),
(7631, '14G', 23),
(7632, '15G', 23),
(7633, '16G', 23),
(7634, '17G', 23),
(7635, '18G', 23),
(7636, '19G', 23),
(7637, '20G', 23),
(7638, '21G', 23),
(7639, '22G', 23),
(7640, '23G', 23),
(7641, '24G', 23),
(7642, '1H', 23),
(7643, '2H', 23),
(7644, '3H', 23),
(7645, '4H', 23),
(7646, '5H', 23),
(7647, '6H', 23),
(7648, '7H', 23),
(7649, '8H', 23),
(7650, '9H', 23),
(7651, '10H', 23),
(7652, '11H', 23),
(7653, '12H', 23),
(7654, '13H', 23),
(7655, '14H', 23),
(7656, '15H', 23),
(7657, '16H', 23),
(7658, '17H', 23),
(7659, '18H', 23),
(7660, '19H', 23),
(7661, '20H', 23),
(7662, '21H', 23),
(7663, '22H', 23),
(7664, '23H', 23),
(7665, '24H', 23),
(7666, '1I', 23),
(7667, '2I', 23),
(7668, '3I', 23),
(7669, '4I', 23),
(7670, '5I', 23),
(7671, '6I', 23),
(7672, '7I', 23),
(7673, '8I', 23),
(7674, '9I', 23),
(7675, '10I', 23),
(7676, '11I', 23),
(7677, '12I', 23),
(7678, '13I', 23),
(7679, '14I', 23),
(7680, '15I', 23),
(7681, '16I', 23),
(7682, '17I', 23),
(7683, '18I', 23),
(7684, '19I', 23),
(7685, '20I', 23),
(7686, '21I', 23),
(7687, '22I', 23),
(7688, '23I', 23),
(7689, '24I', 23),
(7690, '1J', 23),
(7691, '2J', 23),
(7692, '3J', 23),
(7693, '4J', 23),
(7694, '5J', 23),
(7695, '6J', 23),
(7696, '7J', 23),
(7697, '8J', 23),
(7698, '9J', 23),
(7699, '10J', 23),
(7700, '11J', 23),
(7701, '12J', 23),
(7702, '13J', 23),
(7703, '14J', 23),
(7704, '15J', 23),
(7705, '16J', 23),
(7706, '17J', 23),
(7707, '18J', 23),
(7708, '19J', 23),
(7709, '20J', 23),
(7710, '21J', 23),
(7711, '22J', 23),
(7712, '23J', 23),
(7713, '24J', 23),
(7714, '1K', 23),
(7715, '2K', 23),
(7716, '3K', 23),
(7717, '4K', 23),
(7718, '5K', 23),
(7719, '6K', 23),
(7720, '7K', 23),
(7721, '8K', 23),
(7722, '9K', 23),
(7723, '10K', 23),
(7724, '11K', 23),
(7725, '12K', 23),
(7726, '13K', 23),
(7727, '14K', 23),
(7728, '15K', 23),
(7729, '16K', 23),
(7730, '17K', 23),
(7731, '18K', 23),
(7732, '19K', 23),
(7733, '20K', 23),
(7734, '21K', 23),
(7735, '22K', 23),
(7736, '23K', 23),
(7737, '24K', 23),
(7738, '1L', 23),
(7739, '2L', 23),
(7740, '3L', 23),
(7741, '4L', 23),
(7742, '5L', 23),
(7743, '6L', 23),
(7744, '7L', 23),
(7745, '8L', 23),
(7746, '9L', 23),
(7747, '10L', 23),
(7748, '11L', 23),
(7749, '12L', 23),
(7750, '13L', 23),
(7751, '14L', 23),
(7752, '15L', 23),
(7753, '16L', 23),
(7754, '17L', 23),
(7755, '18L', 23),
(7756, '19L', 23),
(7757, '20L', 23),
(7758, '21L', 23),
(7759, '22L', 23),
(7760, '23L', 23),
(7761, '24L', 23),
(7762, '1M', 23),
(7763, '2M', 23),
(7764, '3M', 23),
(7765, '4M', 23),
(7766, '5M', 23),
(7767, '6M', 23),
(7768, '7M', 23),
(7769, '8M', 23),
(7770, '9M', 23),
(7771, '10M', 23),
(7772, '11M', 23),
(7773, '12M', 23),
(7774, '13M', 23),
(7775, '14M', 23),
(7776, '15M', 23),
(7777, '16M', 23),
(7778, '17M', 23),
(7779, '18M', 23),
(7780, '19M', 23),
(7781, '20M', 23),
(7782, '21M', 23),
(7783, '22M', 23),
(7784, '23M', 23),
(7785, '24M', 23),
(7786, '1N', 23),
(7787, '2N', 23),
(7788, '3N', 23),
(7789, '4N', 23),
(7790, '5N', 23),
(7791, '6N', 23),
(7792, '7N', 23),
(7793, '8N', 23),
(7794, '9N', 23),
(7795, '10N', 23),
(7796, '11N', 23),
(7797, '12N', 23),
(7798, '13N', 23),
(7799, '14N', 23),
(7800, '15N', 23),
(7801, '16N', 23),
(7802, '17N', 23),
(7803, '18N', 23),
(7804, '19N', 23),
(7805, '20N', 23),
(7806, '21N', 23),
(7807, '22N', 23),
(7808, '23N', 23),
(7809, '24N', 23),
(7810, '1O', 23),
(7811, '2O', 23),
(7812, '3O', 23),
(7813, '4O', 23),
(7814, '5O', 23),
(7815, '6O', 23),
(7816, '7O', 23),
(7817, '8O', 23),
(7818, '9O', 23),
(7819, '10O', 23),
(7820, '11O', 23),
(7821, '12O', 23),
(7822, '13O', 23),
(7823, '14O', 23),
(7824, '15O', 23),
(7825, '16O', 23),
(7826, '17O', 23),
(7827, '18O', 23),
(7828, '19O', 23),
(7829, '20O', 23),
(7830, '21O', 23),
(7831, '22O', 23),
(7832, '23O', 23),
(7833, '24O', 23),
(7834, '1P', 23),
(7835, '2P', 23),
(7836, '3P', 23),
(7837, '4P', 23),
(7838, '5P', 23),
(7839, '6P', 23),
(7840, '7P', 23),
(7841, '8P', 23),
(7842, '9P', 23),
(7843, '10P', 23),
(7844, '11P', 23),
(7845, '12P', 23),
(7846, '13P', 23),
(7847, '14P', 23),
(7848, '15P', 23),
(7849, '16P', 23),
(7850, '17P', 23),
(7851, '18P', 23),
(7852, '19P', 23),
(7853, '20P', 23),
(7854, '21P', 23),
(7855, '22P', 23),
(7856, '23P', 23),
(7857, '24P', 23),
(7858, '1Q', 23),
(7859, '2Q', 23),
(7860, '3Q', 23),
(7861, '4Q', 23),
(7862, '5Q', 23),
(7863, '6Q', 23),
(7864, '7Q', 23),
(7865, '8Q', 23),
(7866, '9Q', 23),
(7867, '10Q', 23),
(7868, '11Q', 23),
(7869, '12Q', 23),
(7870, '13Q', 23),
(7871, '14Q', 23),
(7872, '15Q', 23),
(7873, '16Q', 23),
(7874, '17Q', 23),
(7875, '18Q', 23),
(7876, '19Q', 23),
(7877, '20Q', 23),
(7878, '21Q', 23),
(7879, '22Q', 23),
(7880, '23Q', 23),
(7881, '24Q', 23),
(7882, '1R', 23),
(7883, '2R', 23),
(7884, '3R', 23),
(7885, '4R', 23),
(7886, '5R', 23),
(7887, '6R', 23),
(7888, '7R', 23),
(7889, '8R', 23),
(7890, '9R', 23),
(7891, '10R', 23),
(7892, '11R', 23),
(7893, '12R', 23),
(7894, '13R', 23),
(7895, '14R', 23),
(7896, '15R', 23),
(7897, '16R', 23),
(7898, '17R', 23),
(7899, '18R', 23),
(7900, '19R', 23),
(7901, '20R', 23),
(7902, '21R', 23),
(7903, '22R', 23),
(7904, '23R', 23),
(7905, '24R', 23),
(7906, '1S', 23),
(7907, '2S', 23),
(7908, '3S', 23),
(7909, '4S', 23),
(7910, '5S', 23),
(7911, '6S', 23),
(7912, '7S', 23),
(7913, '8S', 23),
(7914, '9S', 23),
(7915, '10S', 23),
(7916, '11S', 23),
(7917, '12S', 23),
(7918, '13S', 23),
(7919, '14S', 23),
(7920, '15S', 23),
(7921, '16S', 23),
(7922, '17S', 23),
(7923, '18S', 23),
(7924, '19S', 23),
(7925, '20S', 23),
(7926, '21S', 23),
(7927, '22S', 23),
(7928, '23S', 23),
(7929, '24S', 23),
(7930, '1T', 23),
(7931, '2T', 23),
(7932, '3T', 23),
(7933, '4T', 23),
(7934, '5T', 23),
(7935, '6T', 23),
(7936, '7T', 23),
(7937, '8T', 23),
(7938, '9T', 23),
(7939, '10T', 23),
(7940, '11T', 23),
(7941, '12T', 23),
(7942, '13T', 23),
(7943, '14T', 23),
(7944, '15T', 23),
(7945, '16T', 23),
(7946, '17T', 23),
(7947, '18T', 23),
(7948, '19T', 23),
(7949, '20T', 23),
(7950, '21T', 23),
(7951, '22T', 23),
(7952, '23T', 23),
(7953, '24T', 23),
(7954, '1U', 23),
(7955, '2U', 23),
(7956, '3U', 23),
(7957, '4U', 23),
(7958, '5U', 23),
(7959, '6U', 23),
(7960, '7U', 23),
(7961, '8U', 23),
(7962, '9U', 23),
(7963, '10U', 23),
(7964, '11U', 23),
(7965, '12U', 23),
(7966, '13U', 23),
(7967, '14U', 23),
(7968, '15U', 23),
(7969, '16U', 23),
(7970, '17U', 23),
(7971, '18U', 23),
(7972, '19U', 23),
(7973, '20U', 23),
(7974, '21U', 23),
(7975, '22U', 23),
(7976, '23U', 23),
(7977, '24U', 23),
(7978, '1V', 23),
(7979, '2V', 23),
(7980, '3V', 23),
(7981, '4V', 23),
(7982, '5V', 23),
(7983, '6V', 23),
(7984, '7V', 23),
(7985, '8V', 23),
(7986, '9V', 23),
(7987, '10V', 23),
(7988, '11V', 23),
(7989, '12V', 23),
(7990, '13V', 23),
(7991, '14V', 23),
(7992, '15V', 23),
(7993, '16V', 23),
(7994, '17V', 23),
(7995, '18V', 23),
(7996, '19V', 23),
(7997, '20V', 23),
(7998, '21V', 23),
(7999, '22V', 23),
(8000, '23V', 23),
(8001, '24V', 23),
(8002, '1W', 23),
(8003, '2W', 23),
(8004, '3W', 23),
(8005, '4W', 23),
(8006, '5W', 23),
(8007, '6W', 23),
(8008, '7W', 23),
(8009, '8W', 23),
(8010, '9W', 23),
(8011, '10W', 23),
(8012, '11W', 23),
(8013, '12W', 23),
(8014, '13W', 23),
(8015, '14W', 23),
(8016, '15W', 23),
(8017, '16W', 23),
(8018, '17W', 23),
(8019, '18W', 23),
(8020, '19W', 23),
(8021, '20W', 23),
(8022, '21W', 23),
(8023, '22W', 23),
(8024, '23W', 23),
(8025, '24W', 23),
(8026, '1X', 23),
(8027, '2X', 23),
(8028, '3X', 23),
(8029, '4X', 23),
(8030, '5X', 23),
(8031, '6X', 23),
(8032, '7X', 23),
(8033, '8X', 23),
(8034, '9X', 23),
(8035, '10X', 23),
(8036, '11X', 23),
(8037, '12X', 23),
(8038, '13X', 23),
(8039, '14X', 23),
(8040, '15X', 23),
(8041, '16X', 23),
(8042, '17X', 23),
(8043, '18X', 23),
(8044, '19X', 23),
(8045, '20X', 23),
(8046, '21X', 23),
(8047, '22X', 23),
(8048, '23X', 23),
(8049, '24X', 23),
(8050, '1A', 24),
(8051, '2A', 24),
(8052, '3A', 24),
(8053, '4A', 24),
(8054, '5A', 24),
(8055, '6A', 24),
(8056, '7A', 24),
(8057, '8A', 24),
(8058, '9A', 24),
(8059, '10A', 24),
(8060, '11A', 24),
(8061, '12A', 24),
(8062, '13A', 24),
(8063, '14A', 24),
(8064, '15A', 24),
(8065, '16A', 24),
(8066, '17A', 24),
(8067, '18A', 24),
(8068, '19A', 24),
(8069, '20A', 24),
(8070, '21A', 24),
(8071, '22A', 24),
(8072, '23A', 24),
(8073, '24A', 24),
(8074, '1B', 24),
(8075, '2B', 24),
(8076, '3B', 24),
(8077, '4B', 24),
(8078, '5B', 24),
(8079, '6B', 24),
(8080, '7B', 24),
(8081, '8B', 24),
(8082, '9B', 24),
(8083, '10B', 24),
(8084, '11B', 24),
(8085, '12B', 24),
(8086, '13B', 24),
(8087, '14B', 24),
(8088, '15B', 24),
(8089, '16B', 24),
(8090, '17B', 24),
(8091, '18B', 24),
(8092, '19B', 24),
(8093, '20B', 24),
(8094, '21B', 24),
(8095, '22B', 24),
(8096, '23B', 24),
(8097, '24B', 24),
(8098, '1C', 24),
(8099, '2C', 24),
(8100, '3C', 24),
(8101, '4C', 24),
(8102, '5C', 24),
(8103, '6C', 24),
(8104, '7C', 24),
(8105, '8C', 24),
(8106, '9C', 24),
(8107, '10C', 24),
(8108, '11C', 24),
(8109, '12C', 24),
(8110, '13C', 24),
(8111, '14C', 24),
(8112, '15C', 24),
(8113, '16C', 24),
(8114, '17C', 24),
(8115, '18C', 24),
(8116, '19C', 24),
(8117, '20C', 24),
(8118, '21C', 24),
(8119, '22C', 24),
(8120, '23C', 24),
(8121, '24C', 24),
(8122, '1D', 24),
(8123, '2D', 24),
(8124, '3D', 24),
(8125, '4D', 24),
(8126, '5D', 24),
(8127, '6D', 24),
(8128, '7D', 24),
(8129, '8D', 24),
(8130, '9D', 24),
(8131, '10D', 24),
(8132, '11D', 24),
(8133, '12D', 24),
(8134, '13D', 24),
(8135, '14D', 24),
(8136, '15D', 24),
(8137, '16D', 24),
(8138, '17D', 24),
(8139, '18D', 24),
(8140, '19D', 24),
(8141, '20D', 24),
(8142, '21D', 24),
(8143, '22D', 24),
(8144, '23D', 24),
(8145, '24D', 24),
(8146, '1E', 24),
(8147, '2E', 24),
(8148, '3E', 24),
(8149, '4E', 24),
(8150, '5E', 24),
(8151, '6E', 24),
(8152, '7E', 24),
(8153, '8E', 24),
(8154, '9E', 24),
(8155, '10E', 24),
(8156, '11E', 24),
(8157, '12E', 24),
(8158, '13E', 24),
(8159, '14E', 24),
(8160, '15E', 24),
(8161, '16E', 24),
(8162, '17E', 24),
(8163, '18E', 24),
(8164, '19E', 24),
(8165, '20E', 24),
(8166, '21E', 24),
(8167, '22E', 24),
(8168, '23E', 24),
(8169, '24E', 24),
(8170, '1F', 24),
(8171, '2F', 24),
(8172, '3F', 24),
(8173, '4F', 24),
(8174, '5F', 24),
(8175, '6F', 24),
(8176, '7F', 24),
(8177, '8F', 24),
(8178, '9F', 24),
(8179, '10F', 24),
(8180, '11F', 24),
(8181, '12F', 24),
(8182, '13F', 24),
(8183, '14F', 24),
(8184, '15F', 24),
(8185, '16F', 24),
(8186, '17F', 24),
(8187, '18F', 24),
(8188, '19F', 24),
(8189, '20F', 24),
(8190, '21F', 24),
(8191, '22F', 24),
(8192, '23F', 24),
(8193, '24F', 24),
(8194, '1G', 24),
(8195, '2G', 24),
(8196, '3G', 24),
(8197, '4G', 24),
(8198, '5G', 24),
(8199, '6G', 24),
(8200, '7G', 24),
(8201, '8G', 24),
(8202, '9G', 24),
(8203, '10G', 24),
(8204, '11G', 24),
(8205, '12G', 24),
(8206, '13G', 24),
(8207, '14G', 24),
(8208, '15G', 24),
(8209, '16G', 24),
(8210, '17G', 24),
(8211, '18G', 24),
(8212, '19G', 24),
(8213, '20G', 24),
(8214, '21G', 24),
(8215, '22G', 24),
(8216, '23G', 24),
(8217, '24G', 24),
(8218, '1H', 24),
(8219, '2H', 24),
(8220, '3H', 24),
(8221, '4H', 24),
(8222, '5H', 24),
(8223, '6H', 24),
(8224, '7H', 24),
(8225, '8H', 24),
(8226, '9H', 24),
(8227, '10H', 24),
(8228, '11H', 24),
(8229, '12H', 24),
(8230, '13H', 24),
(8231, '14H', 24),
(8232, '15H', 24),
(8233, '16H', 24),
(8234, '17H', 24),
(8235, '18H', 24),
(8236, '19H', 24),
(8237, '20H', 24),
(8238, '21H', 24),
(8239, '22H', 24),
(8240, '23H', 24),
(8241, '24H', 24),
(8242, '1I', 24),
(8243, '2I', 24),
(8244, '3I', 24),
(8245, '4I', 24),
(8246, '5I', 24),
(8247, '6I', 24),
(8248, '7I', 24),
(8249, '8I', 24),
(8250, '9I', 24),
(8251, '10I', 24),
(8252, '11I', 24),
(8253, '12I', 24),
(8254, '13I', 24),
(8255, '14I', 24),
(8256, '15I', 24),
(8257, '16I', 24),
(8258, '17I', 24),
(8259, '18I', 24),
(8260, '19I', 24),
(8261, '20I', 24),
(8262, '21I', 24),
(8263, '22I', 24),
(8264, '23I', 24),
(8265, '24I', 24),
(8266, '1J', 24),
(8267, '2J', 24),
(8268, '3J', 24),
(8269, '4J', 24),
(8270, '5J', 24),
(8271, '6J', 24),
(8272, '7J', 24),
(8273, '8J', 24),
(8274, '9J', 24),
(8275, '10J', 24),
(8276, '11J', 24),
(8277, '12J', 24),
(8278, '13J', 24),
(8279, '14J', 24),
(8280, '15J', 24),
(8281, '16J', 24),
(8282, '17J', 24),
(8283, '18J', 24),
(8284, '19J', 24),
(8285, '20J', 24),
(8286, '21J', 24),
(8287, '22J', 24),
(8288, '23J', 24),
(8289, '24J', 24),
(8290, '1K', 24),
(8291, '2K', 24),
(8292, '3K', 24),
(8293, '4K', 24),
(8294, '5K', 24),
(8295, '6K', 24),
(8296, '7K', 24),
(8297, '8K', 24),
(8298, '9K', 24),
(8299, '10K', 24),
(8300, '11K', 24),
(8301, '12K', 24),
(8302, '13K', 24),
(8303, '14K', 24),
(8304, '15K', 24),
(8305, '16K', 24),
(8306, '17K', 24),
(8307, '18K', 24),
(8308, '19K', 24),
(8309, '20K', 24),
(8310, '21K', 24),
(8311, '22K', 24),
(8312, '23K', 24),
(8313, '24K', 24),
(8314, '1L', 24),
(8315, '2L', 24),
(8316, '3L', 24),
(8317, '4L', 24),
(8318, '5L', 24),
(8319, '6L', 24),
(8320, '7L', 24),
(8321, '8L', 24),
(8322, '9L', 24),
(8323, '10L', 24),
(8324, '11L', 24),
(8325, '12L', 24),
(8326, '13L', 24),
(8327, '14L', 24),
(8328, '15L', 24),
(8329, '16L', 24),
(8330, '17L', 24),
(8331, '18L', 24),
(8332, '19L', 24),
(8333, '20L', 24),
(8334, '21L', 24),
(8335, '22L', 24),
(8336, '23L', 24),
(8337, '24L', 24),
(8338, '1M', 24),
(8339, '2M', 24),
(8340, '3M', 24),
(8341, '4M', 24),
(8342, '5M', 24),
(8343, '6M', 24),
(8344, '7M', 24),
(8345, '8M', 24),
(8346, '9M', 24),
(8347, '10M', 24),
(8348, '11M', 24),
(8349, '12M', 24),
(8350, '13M', 24),
(8351, '14M', 24),
(8352, '15M', 24),
(8353, '16M', 24),
(8354, '17M', 24),
(8355, '18M', 24),
(8356, '19M', 24),
(8357, '20M', 24),
(8358, '21M', 24),
(8359, '22M', 24),
(8360, '23M', 24),
(8361, '24M', 24),
(8362, '1N', 24),
(8363, '2N', 24),
(8364, '3N', 24),
(8365, '4N', 24),
(8366, '5N', 24),
(8367, '6N', 24),
(8368, '7N', 24),
(8369, '8N', 24),
(8370, '9N', 24),
(8371, '10N', 24),
(8372, '11N', 24),
(8373, '12N', 24),
(8374, '13N', 24),
(8375, '14N', 24),
(8376, '15N', 24),
(8377, '16N', 24),
(8378, '17N', 24),
(8379, '18N', 24),
(8380, '19N', 24),
(8381, '20N', 24),
(8382, '21N', 24),
(8383, '22N', 24),
(8384, '23N', 24),
(8385, '24N', 24),
(8386, '1O', 24),
(8387, '2O', 24),
(8388, '3O', 24),
(8389, '4O', 24),
(8390, '5O', 24),
(8391, '6O', 24),
(8392, '7O', 24),
(8393, '8O', 24),
(8394, '9O', 24),
(8395, '10O', 24),
(8396, '11O', 24),
(8397, '12O', 24),
(8398, '13O', 24),
(8399, '14O', 24),
(8400, '15O', 24),
(8401, '16O', 24),
(8402, '17O', 24),
(8403, '18O', 24),
(8404, '19O', 24),
(8405, '20O', 24),
(8406, '21O', 24),
(8407, '22O', 24),
(8408, '23O', 24),
(8409, '24O', 24),
(8410, '1P', 24),
(8411, '2P', 24),
(8412, '3P', 24),
(8413, '4P', 24),
(8414, '5P', 24),
(8415, '6P', 24),
(8416, '7P', 24),
(8417, '8P', 24),
(8418, '9P', 24),
(8419, '10P', 24),
(8420, '11P', 24),
(8421, '12P', 24),
(8422, '13P', 24),
(8423, '14P', 24),
(8424, '15P', 24),
(8425, '16P', 24),
(8426, '17P', 24),
(8427, '18P', 24),
(8428, '19P', 24),
(8429, '20P', 24),
(8430, '21P', 24),
(8431, '22P', 24),
(8432, '23P', 24),
(8433, '24P', 24),
(8434, '1Q', 24),
(8435, '2Q', 24),
(8436, '3Q', 24),
(8437, '4Q', 24),
(8438, '5Q', 24),
(8439, '6Q', 24),
(8440, '7Q', 24),
(8441, '8Q', 24),
(8442, '9Q', 24),
(8443, '10Q', 24),
(8444, '11Q', 24),
(8445, '12Q', 24),
(8446, '13Q', 24),
(8447, '14Q', 24),
(8448, '15Q', 24),
(8449, '16Q', 24),
(8450, '17Q', 24),
(8451, '18Q', 24),
(8452, '19Q', 24),
(8453, '20Q', 24),
(8454, '21Q', 24),
(8455, '22Q', 24),
(8456, '23Q', 24),
(8457, '24Q', 24),
(8458, '1R', 24),
(8459, '2R', 24),
(8460, '3R', 24),
(8461, '4R', 24),
(8462, '5R', 24),
(8463, '6R', 24),
(8464, '7R', 24),
(8465, '8R', 24),
(8466, '9R', 24),
(8467, '10R', 24),
(8468, '11R', 24),
(8469, '12R', 24),
(8470, '13R', 24),
(8471, '14R', 24),
(8472, '15R', 24),
(8473, '16R', 24),
(8474, '17R', 24),
(8475, '18R', 24),
(8476, '19R', 24),
(8477, '20R', 24),
(8478, '21R', 24),
(8479, '22R', 24),
(8480, '23R', 24),
(8481, '24R', 24),
(8482, '1S', 24),
(8483, '2S', 24),
(8484, '3S', 24),
(8485, '4S', 24),
(8486, '5S', 24),
(8487, '6S', 24),
(8488, '7S', 24),
(8489, '8S', 24),
(8490, '9S', 24),
(8491, '10S', 24),
(8492, '11S', 24),
(8493, '12S', 24),
(8494, '13S', 24),
(8495, '14S', 24),
(8496, '15S', 24),
(8497, '16S', 24),
(8498, '17S', 24),
(8499, '18S', 24),
(8500, '19S', 24),
(8501, '20S', 24),
(8502, '21S', 24),
(8503, '22S', 24),
(8504, '23S', 24),
(8505, '24S', 24),
(8506, '1T', 24),
(8507, '2T', 24),
(8508, '3T', 24),
(8509, '4T', 24),
(8510, '5T', 24),
(8511, '6T', 24),
(8512, '7T', 24),
(8513, '8T', 24),
(8514, '9T', 24),
(8515, '10T', 24),
(8516, '11T', 24),
(8517, '12T', 24),
(8518, '13T', 24),
(8519, '14T', 24),
(8520, '15T', 24),
(8521, '16T', 24),
(8522, '17T', 24),
(8523, '18T', 24),
(8524, '19T', 24),
(8525, '20T', 24),
(8526, '21T', 24),
(8527, '22T', 24),
(8528, '23T', 24),
(8529, '24T', 24),
(8530, '1U', 24),
(8531, '2U', 24),
(8532, '3U', 24),
(8533, '4U', 24),
(8534, '5U', 24),
(8535, '6U', 24),
(8536, '7U', 24),
(8537, '8U', 24),
(8538, '9U', 24),
(8539, '10U', 24),
(8540, '11U', 24),
(8541, '12U', 24),
(8542, '13U', 24),
(8543, '14U', 24),
(8544, '15U', 24),
(8545, '16U', 24),
(8546, '17U', 24),
(8547, '18U', 24),
(8548, '19U', 24),
(8549, '20U', 24),
(8550, '21U', 24),
(8551, '22U', 24),
(8552, '23U', 24),
(8553, '24U', 24),
(8554, '1V', 24),
(8555, '2V', 24),
(8556, '3V', 24),
(8557, '4V', 24),
(8558, '5V', 24),
(8559, '6V', 24),
(8560, '7V', 24),
(8561, '8V', 24),
(8562, '9V', 24),
(8563, '10V', 24),
(8564, '11V', 24),
(8565, '12V', 24),
(8566, '13V', 24),
(8567, '14V', 24),
(8568, '15V', 24),
(8569, '16V', 24),
(8570, '17V', 24),
(8571, '18V', 24),
(8572, '19V', 24),
(8573, '20V', 24),
(8574, '21V', 24),
(8575, '22V', 24),
(8576, '23V', 24),
(8577, '24V', 24),
(8578, '1W', 24),
(8579, '2W', 24),
(8580, '3W', 24),
(8581, '4W', 24),
(8582, '5W', 24),
(8583, '6W', 24),
(8584, '7W', 24),
(8585, '8W', 24),
(8586, '9W', 24),
(8587, '10W', 24),
(8588, '11W', 24),
(8589, '12W', 24),
(8590, '13W', 24),
(8591, '14W', 24),
(8592, '15W', 24),
(8593, '16W', 24),
(8594, '17W', 24),
(8595, '18W', 24),
(8596, '19W', 24),
(8597, '20W', 24),
(8598, '21W', 24),
(8599, '22W', 24),
(8600, '23W', 24),
(8601, '24W', 24),
(8602, '1X', 24),
(8603, '2X', 24),
(8604, '3X', 24),
(8605, '4X', 24),
(8606, '5X', 24),
(8607, '6X', 24),
(8608, '7X', 24),
(8609, '8X', 24),
(8610, '9X', 24),
(8611, '10X', 24),
(8612, '11X', 24),
(8613, '12X', 24),
(8614, '13X', 24),
(8615, '14X', 24),
(8616, '15X', 24),
(8617, '16X', 24),
(8618, '17X', 24),
(8619, '18X', 24),
(8620, '19X', 24),
(8621, '20X', 24),
(8622, '21X', 24),
(8623, '22X', 24),
(8624, '23X', 24),
(8625, '24X', 24),
(8626, '1A', 25),
(8627, '2A', 25),
(8628, '3A', 25),
(8629, '4A', 25),
(8630, '5A', 25),
(8631, '6A', 25),
(8632, '7A', 25),
(8633, '8A', 25),
(8634, '9A', 25),
(8635, '10A', 25),
(8636, '11A', 25),
(8637, '12A', 25),
(8638, '13A', 25),
(8639, '14A', 25),
(8640, '15A', 25),
(8641, '16A', 25),
(8642, '17A', 25),
(8643, '18A', 25),
(8644, '19A', 25),
(8645, '20A', 25),
(8646, '21A', 25),
(8647, '22A', 25),
(8648, '23A', 25),
(8649, '24A', 25),
(8650, '1B', 25),
(8651, '2B', 25),
(8652, '3B', 25),
(8653, '4B', 25),
(8654, '5B', 25),
(8655, '6B', 25),
(8656, '7B', 25),
(8657, '8B', 25),
(8658, '9B', 25),
(8659, '10B', 25),
(8660, '11B', 25),
(8661, '12B', 25),
(8662, '13B', 25),
(8663, '14B', 25),
(8664, '15B', 25),
(8665, '16B', 25),
(8666, '17B', 25),
(8667, '18B', 25),
(8668, '19B', 25),
(8669, '20B', 25),
(8670, '21B', 25),
(8671, '22B', 25),
(8672, '23B', 25),
(8673, '24B', 25),
(8674, '1C', 25),
(8675, '2C', 25),
(8676, '3C', 25),
(8677, '4C', 25),
(8678, '5C', 25),
(8679, '6C', 25),
(8680, '7C', 25),
(8681, '8C', 25),
(8682, '9C', 25),
(8683, '10C', 25),
(8684, '11C', 25),
(8685, '12C', 25),
(8686, '13C', 25),
(8687, '14C', 25),
(8688, '15C', 25),
(8689, '16C', 25),
(8690, '17C', 25),
(8691, '18C', 25),
(8692, '19C', 25),
(8693, '20C', 25),
(8694, '21C', 25),
(8695, '22C', 25),
(8696, '23C', 25),
(8697, '24C', 25),
(8698, '1D', 25),
(8699, '2D', 25),
(8700, '3D', 25),
(8701, '4D', 25),
(8702, '5D', 25),
(8703, '6D', 25),
(8704, '7D', 25),
(8705, '8D', 25),
(8706, '9D', 25),
(8707, '10D', 25),
(8708, '11D', 25),
(8709, '12D', 25),
(8710, '13D', 25),
(8711, '14D', 25),
(8712, '15D', 25),
(8713, '16D', 25),
(8714, '17D', 25),
(8715, '18D', 25),
(8716, '19D', 25),
(8717, '20D', 25),
(8718, '21D', 25),
(8719, '22D', 25),
(8720, '23D', 25),
(8721, '24D', 25),
(8722, '1E', 25),
(8723, '2E', 25),
(8724, '3E', 25),
(8725, '4E', 25),
(8726, '5E', 25),
(8727, '6E', 25),
(8728, '7E', 25),
(8729, '8E', 25),
(8730, '9E', 25),
(8731, '10E', 25),
(8732, '11E', 25),
(8733, '12E', 25),
(8734, '13E', 25),
(8735, '14E', 25),
(8736, '15E', 25),
(8737, '16E', 25),
(8738, '17E', 25),
(8739, '18E', 25),
(8740, '19E', 25),
(8741, '20E', 25),
(8742, '21E', 25),
(8743, '22E', 25),
(8744, '23E', 25),
(8745, '24E', 25),
(8746, '1F', 25),
(8747, '2F', 25),
(8748, '3F', 25),
(8749, '4F', 25),
(8750, '5F', 25),
(8751, '6F', 25),
(8752, '7F', 25),
(8753, '8F', 25),
(8754, '9F', 25),
(8755, '10F', 25),
(8756, '11F', 25),
(8757, '12F', 25),
(8758, '13F', 25),
(8759, '14F', 25),
(8760, '15F', 25),
(8761, '16F', 25),
(8762, '17F', 25),
(8763, '18F', 25),
(8764, '19F', 25),
(8765, '20F', 25),
(8766, '21F', 25),
(8767, '22F', 25),
(8768, '23F', 25),
(8769, '24F', 25),
(8770, '1G', 25),
(8771, '2G', 25),
(8772, '3G', 25),
(8773, '4G', 25),
(8774, '5G', 25),
(8775, '6G', 25),
(8776, '7G', 25),
(8777, '8G', 25),
(8778, '9G', 25),
(8779, '10G', 25),
(8780, '11G', 25),
(8781, '12G', 25),
(8782, '13G', 25),
(8783, '14G', 25),
(8784, '15G', 25),
(8785, '16G', 25),
(8786, '17G', 25),
(8787, '18G', 25),
(8788, '19G', 25),
(8789, '20G', 25),
(8790, '21G', 25),
(8791, '22G', 25),
(8792, '23G', 25),
(8793, '24G', 25),
(8794, '1H', 25),
(8795, '2H', 25),
(8796, '3H', 25),
(8797, '4H', 25),
(8798, '5H', 25),
(8799, '6H', 25),
(8800, '7H', 25),
(8801, '8H', 25),
(8802, '9H', 25),
(8803, '10H', 25),
(8804, '11H', 25),
(8805, '12H', 25),
(8806, '13H', 25),
(8807, '14H', 25),
(8808, '15H', 25),
(8809, '16H', 25),
(8810, '17H', 25),
(8811, '18H', 25),
(8812, '19H', 25),
(8813, '20H', 25),
(8814, '21H', 25),
(8815, '22H', 25),
(8816, '23H', 25),
(8817, '24H', 25),
(8818, '1I', 25),
(8819, '2I', 25),
(8820, '3I', 25),
(8821, '4I', 25),
(8822, '5I', 25),
(8823, '6I', 25),
(8824, '7I', 25),
(8825, '8I', 25),
(8826, '9I', 25),
(8827, '10I', 25),
(8828, '11I', 25),
(8829, '12I', 25),
(8830, '13I', 25),
(8831, '14I', 25),
(8832, '15I', 25),
(8833, '16I', 25),
(8834, '17I', 25),
(8835, '18I', 25),
(8836, '19I', 25),
(8837, '20I', 25),
(8838, '21I', 25),
(8839, '22I', 25),
(8840, '23I', 25),
(8841, '24I', 25),
(8842, '1J', 25),
(8843, '2J', 25),
(8844, '3J', 25),
(8845, '4J', 25),
(8846, '5J', 25),
(8847, '6J', 25),
(8848, '7J', 25),
(8849, '8J', 25),
(8850, '9J', 25),
(8851, '10J', 25),
(8852, '11J', 25),
(8853, '12J', 25),
(8854, '13J', 25),
(8855, '14J', 25),
(8856, '15J', 25),
(8857, '16J', 25),
(8858, '17J', 25),
(8859, '18J', 25),
(8860, '19J', 25),
(8861, '20J', 25),
(8862, '21J', 25),
(8863, '22J', 25),
(8864, '23J', 25),
(8865, '24J', 25),
(8866, '1K', 25),
(8867, '2K', 25),
(8868, '3K', 25),
(8869, '4K', 25),
(8870, '5K', 25),
(8871, '6K', 25),
(8872, '7K', 25),
(8873, '8K', 25),
(8874, '9K', 25),
(8875, '10K', 25),
(8876, '11K', 25),
(8877, '12K', 25),
(8878, '13K', 25),
(8879, '14K', 25),
(8880, '15K', 25),
(8881, '16K', 25),
(8882, '17K', 25),
(8883, '18K', 25),
(8884, '19K', 25),
(8885, '20K', 25),
(8886, '21K', 25),
(8887, '22K', 25),
(8888, '23K', 25),
(8889, '24K', 25),
(8890, '1L', 25),
(8891, '2L', 25),
(8892, '3L', 25),
(8893, '4L', 25),
(8894, '5L', 25),
(8895, '6L', 25),
(8896, '7L', 25),
(8897, '8L', 25),
(8898, '9L', 25),
(8899, '10L', 25),
(8900, '11L', 25),
(8901, '12L', 25),
(8902, '13L', 25),
(8903, '14L', 25),
(8904, '15L', 25),
(8905, '16L', 25),
(8906, '17L', 25),
(8907, '18L', 25),
(8908, '19L', 25),
(8909, '20L', 25),
(8910, '21L', 25),
(8911, '22L', 25),
(8912, '23L', 25),
(8913, '24L', 25),
(8914, '1M', 25),
(8915, '2M', 25),
(8916, '3M', 25),
(8917, '4M', 25),
(8918, '5M', 25),
(8919, '6M', 25),
(8920, '7M', 25),
(8921, '8M', 25),
(8922, '9M', 25),
(8923, '10M', 25),
(8924, '11M', 25),
(8925, '12M', 25),
(8926, '13M', 25),
(8927, '14M', 25),
(8928, '15M', 25),
(8929, '16M', 25),
(8930, '17M', 25),
(8931, '18M', 25),
(8932, '19M', 25),
(8933, '20M', 25),
(8934, '21M', 25),
(8935, '22M', 25),
(8936, '23M', 25),
(8937, '24M', 25),
(8938, '1N', 25),
(8939, '2N', 25),
(8940, '3N', 25),
(8941, '4N', 25),
(8942, '5N', 25),
(8943, '6N', 25),
(8944, '7N', 25),
(8945, '8N', 25),
(8946, '9N', 25),
(8947, '10N', 25),
(8948, '11N', 25),
(8949, '12N', 25),
(8950, '13N', 25),
(8951, '14N', 25),
(8952, '15N', 25),
(8953, '16N', 25),
(8954, '17N', 25),
(8955, '18N', 25),
(8956, '19N', 25),
(8957, '20N', 25),
(8958, '21N', 25),
(8959, '22N', 25),
(8960, '23N', 25),
(8961, '24N', 25),
(8962, '1O', 25),
(8963, '2O', 25),
(8964, '3O', 25),
(8965, '4O', 25),
(8966, '5O', 25),
(8967, '6O', 25),
(8968, '7O', 25),
(8969, '8O', 25),
(8970, '9O', 25),
(8971, '10O', 25),
(8972, '11O', 25),
(8973, '12O', 25),
(8974, '13O', 25),
(8975, '14O', 25),
(8976, '15O', 25),
(8977, '16O', 25),
(8978, '17O', 25),
(8979, '18O', 25),
(8980, '19O', 25),
(8981, '20O', 25),
(8982, '21O', 25),
(8983, '22O', 25),
(8984, '23O', 25),
(8985, '24O', 25),
(8986, '1P', 25),
(8987, '2P', 25),
(8988, '3P', 25),
(8989, '4P', 25),
(8990, '5P', 25),
(8991, '6P', 25),
(8992, '7P', 25),
(8993, '8P', 25),
(8994, '9P', 25),
(8995, '10P', 25),
(8996, '11P', 25),
(8997, '12P', 25),
(8998, '13P', 25),
(8999, '14P', 25),
(9000, '15P', 25),
(9001, '16P', 25),
(9002, '17P', 25),
(9003, '18P', 25),
(9004, '19P', 25),
(9005, '20P', 25),
(9006, '21P', 25),
(9007, '22P', 25),
(9008, '23P', 25),
(9009, '24P', 25),
(9010, '1Q', 25),
(9011, '2Q', 25),
(9012, '3Q', 25),
(9013, '4Q', 25),
(9014, '5Q', 25),
(9015, '6Q', 25),
(9016, '7Q', 25),
(9017, '8Q', 25),
(9018, '9Q', 25),
(9019, '10Q', 25),
(9020, '11Q', 25),
(9021, '12Q', 25),
(9022, '13Q', 25),
(9023, '14Q', 25),
(9024, '15Q', 25),
(9025, '16Q', 25),
(9026, '17Q', 25),
(9027, '18Q', 25),
(9028, '19Q', 25),
(9029, '20Q', 25),
(9030, '21Q', 25),
(9031, '22Q', 25),
(9032, '23Q', 25),
(9033, '24Q', 25),
(9034, '1R', 25),
(9035, '2R', 25),
(9036, '3R', 25),
(9037, '4R', 25),
(9038, '5R', 25),
(9039, '6R', 25),
(9040, '7R', 25),
(9041, '8R', 25),
(9042, '9R', 25),
(9043, '10R', 25),
(9044, '11R', 25),
(9045, '12R', 25),
(9046, '13R', 25),
(9047, '14R', 25),
(9048, '15R', 25),
(9049, '16R', 25),
(9050, '17R', 25),
(9051, '18R', 25),
(9052, '19R', 25),
(9053, '20R', 25),
(9054, '21R', 25),
(9055, '22R', 25),
(9056, '23R', 25),
(9057, '24R', 25),
(9058, '1S', 25),
(9059, '2S', 25),
(9060, '3S', 25),
(9061, '4S', 25),
(9062, '5S', 25),
(9063, '6S', 25),
(9064, '7S', 25),
(9065, '8S', 25),
(9066, '9S', 25),
(9067, '10S', 25),
(9068, '11S', 25),
(9069, '12S', 25),
(9070, '13S', 25),
(9071, '14S', 25),
(9072, '15S', 25),
(9073, '16S', 25),
(9074, '17S', 25),
(9075, '18S', 25),
(9076, '19S', 25),
(9077, '20S', 25),
(9078, '21S', 25),
(9079, '22S', 25),
(9080, '23S', 25),
(9081, '24S', 25),
(9082, '1T', 25),
(9083, '2T', 25),
(9084, '3T', 25),
(9085, '4T', 25),
(9086, '5T', 25),
(9087, '6T', 25),
(9088, '7T', 25),
(9089, '8T', 25),
(9090, '9T', 25),
(9091, '10T', 25),
(9092, '11T', 25),
(9093, '12T', 25),
(9094, '13T', 25),
(9095, '14T', 25),
(9096, '15T', 25),
(9097, '16T', 25),
(9098, '17T', 25),
(9099, '18T', 25),
(9100, '19T', 25),
(9101, '20T', 25),
(9102, '21T', 25),
(9103, '22T', 25),
(9104, '23T', 25),
(9105, '24T', 25),
(9106, '1U', 25),
(9107, '2U', 25),
(9108, '3U', 25),
(9109, '4U', 25),
(9110, '5U', 25),
(9111, '6U', 25),
(9112, '7U', 25),
(9113, '8U', 25),
(9114, '9U', 25),
(9115, '10U', 25),
(9116, '11U', 25),
(9117, '12U', 25),
(9118, '13U', 25),
(9119, '14U', 25),
(9120, '15U', 25),
(9121, '16U', 25),
(9122, '17U', 25),
(9123, '18U', 25),
(9124, '19U', 25),
(9125, '20U', 25),
(9126, '21U', 25),
(9127, '22U', 25),
(9128, '23U', 25),
(9129, '24U', 25),
(9130, '1V', 25),
(9131, '2V', 25),
(9132, '3V', 25),
(9133, '4V', 25),
(9134, '5V', 25),
(9135, '6V', 25),
(9136, '7V', 25),
(9137, '8V', 25),
(9138, '9V', 25),
(9139, '10V', 25),
(9140, '11V', 25),
(9141, '12V', 25),
(9142, '13V', 25),
(9143, '14V', 25),
(9144, '15V', 25),
(9145, '16V', 25),
(9146, '17V', 25),
(9147, '18V', 25),
(9148, '19V', 25),
(9149, '20V', 25),
(9150, '21V', 25),
(9151, '22V', 25),
(9152, '23V', 25),
(9153, '24V', 25),
(9154, '1W', 25),
(9155, '2W', 25),
(9156, '3W', 25),
(9157, '4W', 25),
(9158, '5W', 25),
(9159, '6W', 25),
(9160, '7W', 25),
(9161, '8W', 25),
(9162, '9W', 25),
(9163, '10W', 25),
(9164, '11W', 25),
(9165, '12W', 25),
(9166, '13W', 25),
(9167, '14W', 25),
(9168, '15W', 25),
(9169, '16W', 25),
(9170, '17W', 25),
(9171, '18W', 25),
(9172, '19W', 25),
(9173, '20W', 25),
(9174, '21W', 25),
(9175, '22W', 25),
(9176, '23W', 25),
(9177, '24W', 25),
(9178, '1X', 25),
(9179, '2X', 25),
(9180, '3X', 25),
(9181, '4X', 25),
(9182, '5X', 25),
(9183, '6X', 25),
(9184, '7X', 25),
(9185, '8X', 25),
(9186, '9X', 25),
(9187, '10X', 25),
(9188, '11X', 25),
(9189, '12X', 25),
(9190, '13X', 25),
(9191, '14X', 25),
(9192, '15X', 25),
(9193, '16X', 25),
(9194, '17X', 25),
(9195, '18X', 25),
(9196, '19X', 25),
(9197, '20X', 25),
(9198, '21X', 25),
(9199, '22X', 25),
(9200, '23X', 25),
(9201, '24X', 25),
(9222, 'A120', 26),
(9223, 'A121', 26),
(9224, 'A122', 26),
(9225, 'A123', 26),
(9226, 'A124', 26),
(9227, 'A125', 26),
(9228, 'A126', 26),
(9229, 'A127', 26),
(9230, 'A128', 26),
(9231, 'A129', 26),
(9232, 'A130', 26),
(9233, 'A131', 26),
(9234, 'A132', 26),
(9235, 'A133', 26),
(9236, 'A134', 26),
(9237, 'A135', 26),
(9238, 'A136', 26),
(9239, 'A137', 26),
(9240, 'A138', 26),
(9241, 'A139', 26),
(9242, 'A140', 26),
(9243, 'A141', 26),
(9244, 'A142', 26),
(9245, 'A143', 26),
(9246, 'A144', 26),
(9247, 'A145', 26),
(9248, 'A146', 26),
(9249, 'A147', 26),
(9250, 'A148', 26),
(9251, 'A149', 26),
(9252, 'A150', 26),
(9253, 'A151', 26),
(9254, 'A152', 26),
(9255, 'A153', 26),
(9256, 'A154', 26),
(9257, 'A155', 26),
(9258, 'A156', 26),
(9259, 'A157', 26),
(9260, 'A158', 26),
(9261, 'A159', 26),
(9262, 'A160', 26),
(9263, 'A161', 26),
(9264, 'A162', 26),
(9265, 'A163', 26),
(9266, 'A164', 26),
(9267, 'A165', 26),
(9268, 'A166', 26),
(9269, 'A167', 26),
(9270, 'A168', 26),
(9271, 'A169', 26),
(9272, 'A170', 26),
(9273, 'A171', 26),
(9274, 'A172', 26),
(9275, 'A173', 26),
(9276, 'A174', 26),
(9277, 'A175', 26),
(9278, 'A176', 26),
(9279, 'A177', 26),
(9280, 'A178', 26),
(9281, 'A179', 26),
(9282, 'A180', 26),
(9283, 'A181', 26),
(9284, 'A182', 26),
(9285, 'A183', 26),
(9286, 'A184', 26),
(9287, 'A185', 26),
(9288, 'A186', 26),
(9289, 'A187', 26),
(9290, 'A188', 26),
(9291, 'A189', 26),
(9292, 'A190', 26),
(9293, 'A191', 26),
(9294, 'A192', 26),
(9295, 'A193', 26),
(9296, 'A194', 26),
(9297, 'A195', 26),
(9298, 'A196', 26),
(9299, 'A197', 26),
(9300, 'A198', 26),
(9301, 'A199', 26),
(9302, 'A20', 27),
(9303, 'A21', 27),
(9304, 'A22', 27),
(9305, 'A23', 27),
(9306, 'A24', 27),
(9307, 'A25', 27),
(9308, 'A26', 27),
(9309, 'A27', 27),
(9310, 'A28', 27),
(9311, 'A29', 27),
(9312, 'A210', 27),
(9313, 'A211', 27),
(9314, 'A212', 27),
(9315, 'A213', 27),
(9316, 'A214', 27),
(9317, 'A215', 27),
(9318, 'A216', 27),
(9319, 'A217', 27),
(9320, 'A218', 27),
(9321, 'A219', 27),
(9322, 'A220', 27),
(9323, 'A221', 27),
(9324, 'A222', 27),
(9325, 'A223', 27),
(9326, 'A224', 27),
(9327, 'A225', 27),
(9328, 'A226', 27),
(9329, 'A227', 27),
(9330, 'A228', 27),
(9331, 'A229', 27),
(9332, 'A230', 27),
(9333, 'A231', 27),
(9334, 'A232', 27),
(9335, 'A233', 27),
(9336, 'A234', 27),
(9337, 'A235', 27),
(9338, 'A236', 27),
(9339, 'A237', 27),
(9340, 'A238', 27),
(9341, 'A239', 27),
(9342, 'A240', 27),
(9343, 'A241', 27),
(9344, 'A242', 27),
(9345, 'A243', 27),
(9346, 'A244', 27),
(9347, 'A245', 27),
(9348, 'A246', 27),
(9349, 'A247', 27),
(9350, 'A248', 27),
(9351, 'A249', 27),
(9352, 'A250', 27),
(9353, 'A251', 27),
(9354, 'A252', 27),
(9355, 'A253', 27),
(9356, 'A254', 27),
(9357, 'A255', 27),
(9358, 'A256', 27),
(9359, 'A257', 27),
(9360, 'A258', 27),
(9361, 'A259', 27),
(9362, 'A260', 27),
(9363, 'A261', 27),
(9364, 'A262', 27),
(9365, 'A263', 27),
(9366, 'A264', 27),
(9367, 'A265', 27),
(9368, 'A266', 27),
(9369, 'A267', 27),
(9370, 'A268', 27),
(9371, 'A269', 27),
(9372, 'A270', 27),
(9373, 'A271', 27),
(9374, 'A272', 27),
(9375, 'A273', 27),
(9376, 'A274', 27),
(9377, 'A275', 27),
(9378, 'A276', 27),
(9379, 'A277', 27),
(9380, 'A278', 27),
(9381, 'A279', 27),
(9382, 'A280', 27),
(9383, 'A281', 27),
(9384, 'A282', 27),
(9385, 'A283', 27),
(9386, 'A284', 27),
(9387, 'A285', 27),
(9388, 'A286', 27);
INSERT INTO `seat` (`Seat_ID`, `Seat_Number`, `Zone_ID`) VALUES
(9389, 'A287', 27),
(9390, 'A288', 27),
(9391, 'A289', 27),
(9392, 'A290', 27),
(9393, 'A291', 27),
(9394, 'A292', 27),
(9395, 'A293', 27),
(9396, 'A294', 27),
(9397, 'A295', 27),
(9398, 'A296', 27),
(9399, 'A297', 27),
(9400, 'A298', 27),
(9401, 'A299', 27),
(9402, 'A30', 28),
(9403, 'A31', 28),
(9404, 'A32', 28),
(9405, 'A33', 28),
(9406, 'A34', 28),
(9407, 'A35', 28),
(9408, 'A36', 28),
(9409, 'A37', 28),
(9410, 'A38', 28),
(9411, 'A39', 28),
(9412, 'A310', 28),
(9413, 'A311', 28),
(9414, 'A312', 28),
(9415, 'A313', 28),
(9416, 'A314', 28),
(9417, 'A315', 28),
(9418, 'A316', 28),
(9419, 'A317', 28),
(9420, 'A318', 28),
(9421, 'A319', 28),
(9422, 'A320', 28),
(9423, 'A321', 28),
(9424, 'A322', 28),
(9425, 'A323', 28),
(9426, 'A324', 28),
(9427, 'A325', 28),
(9428, 'A326', 28),
(9429, 'A327', 28),
(9430, 'A328', 28),
(9431, 'A329', 28),
(9432, 'A330', 28),
(9433, 'A331', 28),
(9434, 'A332', 28),
(9435, 'A333', 28),
(9436, 'A334', 28),
(9437, 'A335', 28),
(9438, 'A336', 28),
(9439, 'A337', 28),
(9440, 'A338', 28),
(9441, 'A339', 28),
(9442, 'A340', 28),
(9443, 'A341', 28),
(9444, 'A342', 28),
(9445, 'A343', 28),
(9446, 'A344', 28),
(9447, 'A345', 28),
(9448, 'A346', 28),
(9449, 'A347', 28),
(9450, 'A348', 28),
(9451, 'A349', 28),
(9452, 'A350', 28),
(9453, 'A351', 28),
(9454, 'A352', 28),
(9455, 'A353', 28),
(9456, 'A354', 28),
(9457, 'A355', 28),
(9458, 'A356', 28),
(9459, 'A357', 28),
(9460, 'A358', 28),
(9461, 'A359', 28),
(9462, 'A360', 28),
(9463, 'A361', 28),
(9464, 'A362', 28),
(9465, 'A363', 28),
(9466, 'A364', 28),
(9467, 'A365', 28),
(9468, 'A366', 28),
(9469, 'A367', 28),
(9470, 'A368', 28),
(9471, 'A369', 28),
(9472, 'A370', 28),
(9473, 'A371', 28),
(9474, 'A372', 28),
(9475, 'A373', 28),
(9476, 'A374', 28),
(9477, 'A375', 28),
(9478, 'A376', 28),
(9479, 'A377', 28),
(9480, 'A378', 28),
(9481, 'A379', 28),
(9482, 'A380', 28),
(9483, 'A381', 28),
(9484, 'A382', 28),
(9485, 'A383', 28),
(9486, 'A384', 28),
(9487, 'A385', 28),
(9488, 'A386', 28),
(9489, 'A387', 28),
(9490, 'A388', 28),
(9491, 'A389', 28),
(9492, 'A390', 28),
(9493, 'A391', 28),
(9494, 'A392', 28),
(9495, 'A393', 28),
(9496, 'A394', 28),
(9497, 'A395', 28),
(9498, 'A396', 28),
(9499, 'A397', 28),
(9500, 'A398', 28),
(9501, 'A399', 28),
(9502, '1A', 29),
(9503, '2A', 29),
(9504, '3A', 29),
(9505, '4A', 29),
(9506, '5A', 29),
(9507, '6A', 29),
(9508, '7A', 29),
(9509, '8A', 29),
(9510, '9A', 29),
(9511, '10A', 29),
(9512, '11A', 29),
(9513, '12A', 29),
(9514, '13A', 29),
(9515, '14A', 29),
(9516, '15A', 29),
(9517, '16A', 29),
(9518, '17A', 29),
(9519, '18A', 29),
(9520, '19A', 29),
(9521, '20A', 29),
(9522, '21A', 29),
(9523, '22A', 29),
(9524, '23A', 29),
(9525, '24A', 29),
(9526, '1B', 29),
(9527, '2B', 29),
(9528, '3B', 29),
(9529, '4B', 29),
(9530, '5B', 29),
(9531, '6B', 29),
(9532, '7B', 29),
(9533, '8B', 29),
(9534, '9B', 29),
(9535, '10B', 29),
(9536, '11B', 29),
(9537, '12B', 29),
(9538, '13B', 29),
(9539, '14B', 29),
(9540, '15B', 29),
(9541, '16B', 29),
(9542, '17B', 29),
(9543, '18B', 29),
(9544, '19B', 29),
(9545, '20B', 29),
(9546, '21B', 29),
(9547, '22B', 29),
(9548, '23B', 29),
(9549, '24B', 29),
(9550, '1C', 29),
(9551, '2C', 29),
(9552, '3C', 29),
(9553, '4C', 29),
(9554, '5C', 29),
(9555, '6C', 29),
(9556, '7C', 29),
(9557, '8C', 29),
(9558, '9C', 29),
(9559, '10C', 29),
(9560, '11C', 29),
(9561, '12C', 29),
(9562, '13C', 29),
(9563, '14C', 29),
(9564, '15C', 29),
(9565, '16C', 29),
(9566, '17C', 29),
(9567, '18C', 29),
(9568, '19C', 29),
(9569, '20C', 29),
(9570, '21C', 29),
(9571, '22C', 29),
(9572, '23C', 29),
(9573, '24C', 29),
(9574, '1D', 29),
(9575, '2D', 29),
(9576, '3D', 29),
(9577, '4D', 29),
(9578, '5D', 29),
(9579, '6D', 29),
(9580, '7D', 29),
(9581, '8D', 29),
(9582, '9D', 29),
(9583, '10D', 29),
(9584, '11D', 29),
(9585, '12D', 29),
(9586, '13D', 29),
(9587, '14D', 29),
(9588, '15D', 29),
(9589, '16D', 29),
(9590, '17D', 29),
(9591, '18D', 29),
(9592, '19D', 29),
(9593, '20D', 29),
(9594, '21D', 29),
(9595, '22D', 29),
(9596, '23D', 29),
(9597, '24D', 29),
(9598, '1E', 29),
(9599, '2E', 29),
(9600, '3E', 29),
(9601, '4E', 29),
(9602, '5E', 29),
(9603, '6E', 29),
(9604, '7E', 29),
(9605, '8E', 29),
(9606, '9E', 29),
(9607, '10E', 29),
(9608, '11E', 29),
(9609, '12E', 29),
(9610, '13E', 29),
(9611, '14E', 29),
(9612, '15E', 29),
(9613, '16E', 29),
(9614, '17E', 29),
(9615, '18E', 29),
(9616, '19E', 29),
(9617, '20E', 29),
(9618, '21E', 29),
(9619, '22E', 29),
(9620, '23E', 29),
(9621, '24E', 29),
(9622, '1F', 29),
(9623, '2F', 29),
(9624, '3F', 29),
(9625, '4F', 29),
(9626, '5F', 29),
(9627, '6F', 29),
(9628, '7F', 29),
(9629, '8F', 29),
(9630, '9F', 29),
(9631, '10F', 29),
(9632, '11F', 29),
(9633, '12F', 29),
(9634, '13F', 29),
(9635, '14F', 29),
(9636, '15F', 29),
(9637, '16F', 29),
(9638, '17F', 29),
(9639, '18F', 29),
(9640, '19F', 29),
(9641, '20F', 29),
(9642, '21F', 29),
(9643, '22F', 29),
(9644, '23F', 29),
(9645, '24F', 29),
(9646, '1G', 29),
(9647, '2G', 29),
(9648, '3G', 29),
(9649, '4G', 29),
(9650, '5G', 29),
(9651, '6G', 29),
(9652, '7G', 29),
(9653, '8G', 29),
(9654, '9G', 29),
(9655, '10G', 29),
(9656, '11G', 29),
(9657, '12G', 29),
(9658, '13G', 29),
(9659, '14G', 29),
(9660, '15G', 29),
(9661, '16G', 29),
(9662, '17G', 29),
(9663, '18G', 29),
(9664, '19G', 29),
(9665, '20G', 29),
(9666, '21G', 29),
(9667, '22G', 29),
(9668, '23G', 29),
(9669, '24G', 29),
(9670, '1H', 29),
(9671, '2H', 29),
(9672, '3H', 29),
(9673, '4H', 29),
(9674, '5H', 29),
(9675, '6H', 29),
(9676, '7H', 29),
(9677, '8H', 29),
(9678, '9H', 29),
(9679, '10H', 29),
(9680, '11H', 29),
(9681, '12H', 29),
(9682, '13H', 29),
(9683, '14H', 29),
(9684, '15H', 29),
(9685, '16H', 29),
(9686, '17H', 29),
(9687, '18H', 29),
(9688, '19H', 29),
(9689, '20H', 29),
(9690, '21H', 29),
(9691, '22H', 29),
(9692, '23H', 29),
(9693, '24H', 29),
(9694, '1I', 29),
(9695, '2I', 29),
(9696, '3I', 29),
(9697, '4I', 29),
(9698, '5I', 29),
(9699, '6I', 29),
(9700, '7I', 29),
(9701, '8I', 29),
(9702, '9I', 29),
(9703, '10I', 29),
(9704, '11I', 29),
(9705, '12I', 29),
(9706, '13I', 29),
(9707, '14I', 29),
(9708, '15I', 29),
(9709, '16I', 29),
(9710, '17I', 29),
(9711, '18I', 29),
(9712, '19I', 29),
(9713, '20I', 29),
(9714, '21I', 29),
(9715, '22I', 29),
(9716, '23I', 29),
(9717, '24I', 29),
(9718, '1J', 29),
(9719, '2J', 29),
(9720, '3J', 29),
(9721, '4J', 29),
(9722, '5J', 29),
(9723, '6J', 29),
(9724, '7J', 29),
(9725, '8J', 29),
(9726, '9J', 29),
(9727, '10J', 29),
(9728, '11J', 29),
(9729, '12J', 29),
(9730, '13J', 29),
(9731, '14J', 29),
(9732, '15J', 29),
(9733, '16J', 29),
(9734, '17J', 29),
(9735, '18J', 29),
(9736, '19J', 29),
(9737, '20J', 29),
(9738, '21J', 29),
(9739, '22J', 29),
(9740, '23J', 29),
(9741, '24J', 29),
(9742, '1K', 29),
(9743, '2K', 29),
(9744, '3K', 29),
(9745, '4K', 29),
(9746, '5K', 29),
(9747, '6K', 29),
(9748, '7K', 29),
(9749, '8K', 29),
(9750, '9K', 29),
(9751, '10K', 29),
(9752, '11K', 29),
(9753, '12K', 29),
(9754, '13K', 29),
(9755, '14K', 29),
(9756, '15K', 29),
(9757, '16K', 29),
(9758, '17K', 29),
(9759, '18K', 29),
(9760, '19K', 29),
(9761, '20K', 29),
(9762, '21K', 29),
(9763, '22K', 29),
(9764, '23K', 29),
(9765, '24K', 29),
(9766, '1L', 29),
(9767, '2L', 29),
(9768, '3L', 29),
(9769, '4L', 29),
(9770, '5L', 29),
(9771, '6L', 29),
(9772, '7L', 29),
(9773, '8L', 29),
(9774, '9L', 29),
(9775, '10L', 29),
(9776, '11L', 29),
(9777, '12L', 29),
(9778, '13L', 29),
(9779, '14L', 29),
(9780, '15L', 29),
(9781, '16L', 29),
(9782, '17L', 29),
(9783, '18L', 29),
(9784, '19L', 29),
(9785, '20L', 29),
(9786, '21L', 29),
(9787, '22L', 29),
(9788, '23L', 29),
(9789, '24L', 29),
(9790, '1M', 29),
(9791, '2M', 29),
(9792, '3M', 29),
(9793, '4M', 29),
(9794, '5M', 29),
(9795, '6M', 29),
(9796, '7M', 29),
(9797, '8M', 29),
(9798, '9M', 29),
(9799, '10M', 29),
(9800, '11M', 29),
(9801, '12M', 29),
(9802, '13M', 29),
(9803, '14M', 29),
(9804, '15M', 29),
(9805, '16M', 29),
(9806, '17M', 29),
(9807, '18M', 29),
(9808, '19M', 29),
(9809, '20M', 29),
(9810, '21M', 29),
(9811, '22M', 29),
(9812, '23M', 29),
(9813, '24M', 29),
(9814, '1N', 29),
(9815, '2N', 29),
(9816, '3N', 29),
(9817, '4N', 29),
(9818, '5N', 29),
(9819, '6N', 29),
(9820, '7N', 29),
(9821, '8N', 29),
(9822, '9N', 29),
(9823, '10N', 29),
(9824, '11N', 29),
(9825, '12N', 29),
(9826, '13N', 29),
(9827, '14N', 29),
(9828, '15N', 29),
(9829, '16N', 29),
(9830, '17N', 29),
(9831, '18N', 29),
(9832, '19N', 29),
(9833, '20N', 29),
(9834, '21N', 29),
(9835, '22N', 29),
(9836, '23N', 29),
(9837, '24N', 29),
(9838, '1O', 29),
(9839, '2O', 29),
(9840, '3O', 29),
(9841, '4O', 29),
(9842, '5O', 29),
(9843, '6O', 29),
(9844, '7O', 29),
(9845, '8O', 29),
(9846, '9O', 29),
(9847, '10O', 29),
(9848, '11O', 29),
(9849, '12O', 29),
(9850, '13O', 29),
(9851, '14O', 29),
(9852, '15O', 29),
(9853, '16O', 29),
(9854, '17O', 29),
(9855, '18O', 29),
(9856, '19O', 29),
(9857, '20O', 29),
(9858, '21O', 29),
(9859, '22O', 29),
(9860, '23O', 29),
(9861, '24O', 29),
(9862, '1P', 29),
(9863, '2P', 29),
(9864, '3P', 29),
(9865, '4P', 29),
(9866, '5P', 29),
(9867, '6P', 29),
(9868, '7P', 29),
(9869, '8P', 29),
(9870, '9P', 29),
(9871, '10P', 29),
(9872, '11P', 29),
(9873, '12P', 29),
(9874, '13P', 29),
(9875, '14P', 29),
(9876, '15P', 29),
(9877, '16P', 29),
(9878, '17P', 29),
(9879, '18P', 29),
(9880, '19P', 29),
(9881, '20P', 29),
(9882, '21P', 29),
(9883, '22P', 29),
(9884, '23P', 29),
(9885, '24P', 29),
(9886, '1Q', 29),
(9887, '2Q', 29),
(9888, '3Q', 29),
(9889, '4Q', 29),
(9890, '5Q', 29),
(9891, '6Q', 29),
(9892, '7Q', 29),
(9893, '8Q', 29),
(9894, '9Q', 29),
(9895, '10Q', 29),
(9896, '11Q', 29),
(9897, '12Q', 29),
(9898, '13Q', 29),
(9899, '14Q', 29),
(9900, '15Q', 29),
(9901, '16Q', 29),
(9902, '17Q', 29),
(9903, '18Q', 29),
(9904, '19Q', 29),
(9905, '20Q', 29),
(9906, '21Q', 29),
(9907, '22Q', 29),
(9908, '23Q', 29),
(9909, '24Q', 29),
(9910, '1R', 29),
(9911, '2R', 29),
(9912, '3R', 29),
(9913, '4R', 29),
(9914, '5R', 29),
(9915, '6R', 29),
(9916, '7R', 29),
(9917, '8R', 29),
(9918, '9R', 29),
(9919, '10R', 29),
(9920, '11R', 29),
(9921, '12R', 29),
(9922, '13R', 29),
(9923, '14R', 29),
(9924, '15R', 29),
(9925, '16R', 29),
(9926, '17R', 29),
(9927, '18R', 29),
(9928, '19R', 29),
(9929, '20R', 29),
(9930, '21R', 29),
(9931, '22R', 29),
(9932, '23R', 29),
(9933, '24R', 29),
(9934, '1S', 29),
(9935, '2S', 29),
(9936, '3S', 29),
(9937, '4S', 29),
(9938, '5S', 29),
(9939, '6S', 29),
(9940, '7S', 29),
(9941, '8S', 29),
(9942, '9S', 29),
(9943, '10S', 29),
(9944, '11S', 29),
(9945, '12S', 29),
(9946, '13S', 29),
(9947, '14S', 29),
(9948, '15S', 29),
(9949, '16S', 29),
(9950, '17S', 29),
(9951, '18S', 29),
(9952, '19S', 29),
(9953, '20S', 29),
(9954, '21S', 29),
(9955, '22S', 29),
(9956, '23S', 29),
(9957, '24S', 29),
(9958, '1T', 29),
(9959, '2T', 29),
(9960, '3T', 29),
(9961, '4T', 29),
(9962, '5T', 29),
(9963, '6T', 29),
(9964, '7T', 29),
(9965, '8T', 29),
(9966, '9T', 29),
(9967, '10T', 29),
(9968, '11T', 29),
(9969, '12T', 29),
(9970, '13T', 29),
(9971, '14T', 29),
(9972, '15T', 29),
(9973, '16T', 29),
(9974, '17T', 29),
(9975, '18T', 29),
(9976, '19T', 29),
(9977, '20T', 29),
(9978, '21T', 29),
(9979, '22T', 29),
(9980, '23T', 29),
(9981, '24T', 29),
(9982, '1U', 29),
(9983, '2U', 29),
(9984, '3U', 29),
(9985, '4U', 29),
(9986, '5U', 29),
(9987, '6U', 29),
(9988, '7U', 29),
(9989, '8U', 29),
(9990, '9U', 29),
(9991, '10U', 29),
(9992, '11U', 29),
(9993, '12U', 29),
(9994, '13U', 29),
(9995, '14U', 29),
(9996, '15U', 29),
(9997, '16U', 29),
(9998, '17U', 29),
(9999, '18U', 29),
(10000, '19U', 29),
(10001, '20U', 29),
(10002, '21U', 29),
(10003, '22U', 29),
(10004, '23U', 29),
(10005, '24U', 29),
(10006, '1V', 29),
(10007, '2V', 29),
(10008, '3V', 29),
(10009, '4V', 29),
(10010, '5V', 29),
(10011, '6V', 29),
(10012, '7V', 29),
(10013, '8V', 29),
(10014, '9V', 29),
(10015, '10V', 29),
(10016, '11V', 29),
(10017, '12V', 29),
(10018, '13V', 29),
(10019, '14V', 29),
(10020, '15V', 29),
(10021, '16V', 29),
(10022, '17V', 29),
(10023, '18V', 29),
(10024, '19V', 29),
(10025, '20V', 29),
(10026, '21V', 29),
(10027, '22V', 29),
(10028, '23V', 29),
(10029, '24V', 29),
(10030, '1W', 29),
(10031, '2W', 29),
(10032, '3W', 29),
(10033, '4W', 29),
(10034, '5W', 29),
(10035, '6W', 29),
(10036, '7W', 29),
(10037, '8W', 29),
(10038, '9W', 29),
(10039, '10W', 29),
(10040, '11W', 29),
(10041, '12W', 29),
(10042, '13W', 29),
(10043, '14W', 29),
(10044, '15W', 29),
(10045, '16W', 29),
(10046, '17W', 29),
(10047, '18W', 29),
(10048, '19W', 29),
(10049, '20W', 29),
(10050, '21W', 29),
(10051, '22W', 29),
(10052, '23W', 29),
(10053, '24W', 29),
(10054, '1X', 29),
(10055, '2X', 29),
(10056, '3X', 29),
(10057, '4X', 29),
(10058, '5X', 29),
(10059, '6X', 29),
(10060, '7X', 29),
(10061, '8X', 29),
(10062, '9X', 29),
(10063, '10X', 29),
(10064, '11X', 29),
(10065, '12X', 29),
(10066, '13X', 29),
(10067, '14X', 29),
(10068, '15X', 29),
(10069, '16X', 29),
(10070, '17X', 29),
(10071, '18X', 29),
(10072, '19X', 29),
(10073, '20X', 29),
(10074, '21X', 29),
(10075, '22X', 29),
(10076, '23X', 29),
(10077, '24X', 29),
(10078, 'B30', 30),
(10079, 'B31', 30),
(10080, 'B32', 30),
(10081, 'B33', 30),
(10082, 'B34', 30),
(10083, 'B35', 30),
(10084, 'B36', 30),
(10085, 'B37', 30),
(10086, 'B38', 30),
(10087, 'B39', 30),
(10088, 'B310', 30),
(10089, 'B311', 30),
(10090, 'B312', 30),
(10091, 'B313', 30),
(10092, 'B314', 30),
(10093, 'B315', 30),
(10094, 'B316', 30),
(10095, 'B317', 30),
(10096, 'B318', 30),
(10097, 'B319', 30),
(10098, 'B320', 30),
(10099, 'B321', 30),
(10100, 'B322', 30),
(10101, 'B323', 30),
(10102, 'B324', 30),
(10103, 'B325', 30),
(10104, 'B326', 30),
(10105, 'B327', 30),
(10106, 'B328', 30),
(10107, 'B329', 30),
(10108, 'B330', 30),
(10109, 'B331', 30),
(10110, 'B332', 30),
(10111, 'B333', 30),
(10112, 'B334', 30),
(10113, 'B335', 30),
(10114, 'B336', 30),
(10115, 'B337', 30),
(10116, 'B338', 30),
(10117, 'B339', 30),
(10118, 'B340', 30),
(10119, 'B341', 30),
(10120, 'B342', 30),
(10121, 'B343', 30),
(10122, 'B344', 30),
(10123, 'B345', 30),
(10124, 'B346', 30),
(10125, 'B347', 30),
(10126, 'B348', 30),
(10127, 'B349', 30),
(10128, 'B350', 30),
(10129, 'B351', 30),
(10130, 'B352', 30),
(10131, 'B353', 30),
(10132, 'B354', 30),
(10133, 'B355', 30),
(10134, 'B356', 30),
(10135, 'B357', 30),
(10136, 'B358', 30),
(10137, 'B359', 30),
(10138, 'B360', 30),
(10139, 'B361', 30),
(10140, 'B362', 30),
(10141, 'B363', 30),
(10142, 'B364', 30),
(10143, 'B365', 30),
(10144, 'B366', 30),
(10145, 'B367', 30),
(10146, 'B368', 30),
(10147, 'B369', 30),
(10148, 'B370', 30),
(10149, 'B371', 30),
(10150, 'B372', 30),
(10151, 'B373', 30),
(10152, 'B374', 30),
(10153, 'B375', 30),
(10154, 'B376', 30),
(10155, 'B377', 30),
(10156, 'B378', 30),
(10157, 'B379', 30),
(10158, 'B380', 30),
(10159, 'B381', 30),
(10160, 'B382', 30),
(10161, 'B383', 30),
(10162, 'B384', 30),
(10163, 'B385', 30),
(10164, 'B386', 30),
(10165, 'B387', 30),
(10166, 'B388', 30),
(10167, 'B389', 30),
(10168, 'B390', 30),
(10169, 'B391', 30),
(10170, 'B392', 30),
(10171, 'B393', 30),
(10172, 'B394', 30),
(10173, 'B395', 30),
(10174, 'B396', 30),
(10175, 'B397', 30),
(10176, 'B398', 30),
(10177, 'B399', 30),
(10178, 'B40', 31),
(10179, 'B41', 31),
(10180, 'B42', 31),
(10181, 'B43', 31),
(10182, 'B44', 31),
(10183, 'B45', 31),
(10184, 'B46', 31),
(10185, 'B47', 31),
(10186, 'B48', 31),
(10187, 'B49', 31),
(10188, 'B410', 31),
(10189, 'B411', 31),
(10190, 'B412', 31),
(10191, 'B413', 31),
(10192, 'B414', 31),
(10193, 'B415', 31),
(10194, 'B416', 31),
(10195, 'B417', 31),
(10196, 'B418', 31),
(10197, 'B419', 31),
(10198, 'B420', 31),
(10199, 'B421', 31),
(10200, 'B422', 31),
(10201, 'B423', 31),
(10202, 'B424', 31),
(10203, 'B425', 31),
(10204, 'B426', 31),
(10205, 'B427', 31),
(10206, 'B428', 31),
(10207, 'B429', 31),
(10208, 'B430', 31),
(10209, 'B431', 31),
(10210, 'B432', 31),
(10211, 'B433', 31),
(10212, 'B434', 31),
(10213, 'B435', 31),
(10214, 'B436', 31),
(10215, 'B437', 31),
(10216, 'B438', 31),
(10217, 'B439', 31),
(10218, 'B440', 31),
(10219, 'B441', 31),
(10220, 'B442', 31),
(10221, 'B443', 31),
(10222, 'B444', 31),
(10223, 'B445', 31),
(10224, 'B446', 31),
(10225, 'B447', 31),
(10226, 'B448', 31),
(10227, 'B449', 31),
(10228, 'B450', 31),
(10229, 'B451', 31),
(10230, 'B452', 31),
(10231, 'B453', 31),
(10232, 'B454', 31),
(10233, 'B455', 31),
(10234, 'B456', 31),
(10235, 'B457', 31),
(10236, 'B458', 31),
(10237, 'B459', 31),
(10238, 'B460', 31),
(10239, 'B461', 31),
(10240, 'B462', 31),
(10241, 'B463', 31),
(10242, 'B464', 31),
(10243, 'B465', 31),
(10244, 'B466', 31),
(10245, 'B467', 31),
(10246, 'B468', 31),
(10247, 'B469', 31),
(10248, 'B470', 31),
(10249, 'B471', 31),
(10250, 'B472', 31),
(10251, 'B473', 31),
(10252, 'B474', 31),
(10253, 'B475', 31),
(10254, 'B476', 31),
(10255, 'B477', 31),
(10256, 'B478', 31),
(10257, 'B479', 31),
(10258, 'B480', 31),
(10259, 'B481', 31),
(10260, 'B482', 31),
(10261, 'B483', 31),
(10262, 'B484', 31),
(10263, 'B485', 31),
(10264, 'B486', 31),
(10265, 'B487', 31),
(10266, 'B488', 31),
(10267, 'B489', 31),
(10268, 'B490', 31),
(10269, 'B491', 31),
(10270, 'B492', 31),
(10271, 'B493', 31),
(10272, 'B494', 31),
(10273, 'B495', 31),
(10274, 'B496', 31),
(10275, 'B497', 31),
(10276, 'B498', 31),
(10277, 'B499', 31),
(10278, '1A', 32),
(10279, '2A', 32),
(10280, '3A', 32),
(10281, '4A', 32),
(10282, '5A', 32),
(10283, '6A', 32),
(10284, '7A', 32),
(10285, '8A', 32),
(10286, '9A', 32),
(10287, '10A', 32),
(10288, '11A', 32),
(10289, '12A', 32),
(10290, '13A', 32),
(10291, '14A', 32),
(10292, '15A', 32),
(10293, '16A', 32),
(10294, '17A', 32),
(10295, '18A', 32),
(10296, '19A', 32),
(10297, '20A', 32),
(10298, '21A', 32),
(10299, '22A', 32),
(10300, '23A', 32),
(10301, '24A', 32),
(10302, '1B', 32),
(10303, '2B', 32),
(10304, '3B', 32),
(10305, '4B', 32),
(10306, '5B', 32),
(10307, '6B', 32),
(10308, '7B', 32),
(10309, '8B', 32),
(10310, '9B', 32),
(10311, '10B', 32),
(10312, '11B', 32),
(10313, '12B', 32),
(10314, '13B', 32),
(10315, '14B', 32),
(10316, '15B', 32),
(10317, '16B', 32),
(10318, '17B', 32),
(10319, '18B', 32),
(10320, '19B', 32),
(10321, '20B', 32),
(10322, '21B', 32),
(10323, '22B', 32),
(10324, '23B', 32),
(10325, '24B', 32),
(10326, '1C', 32),
(10327, '2C', 32),
(10328, '3C', 32),
(10329, '4C', 32),
(10330, '5C', 32),
(10331, '6C', 32),
(10332, '7C', 32),
(10333, '8C', 32),
(10334, '9C', 32),
(10335, '10C', 32),
(10336, '11C', 32),
(10337, '12C', 32),
(10338, '13C', 32),
(10339, '14C', 32),
(10340, '15C', 32),
(10341, '16C', 32),
(10342, '17C', 32),
(10343, '18C', 32),
(10344, '19C', 32),
(10345, '20C', 32),
(10346, '21C', 32),
(10347, '22C', 32),
(10348, '23C', 32),
(10349, '24C', 32),
(10350, '1D', 32),
(10351, '2D', 32),
(10352, '3D', 32),
(10353, '4D', 32),
(10354, '5D', 32),
(10355, '6D', 32),
(10356, '7D', 32),
(10357, '8D', 32),
(10358, '9D', 32),
(10359, '10D', 32),
(10360, '11D', 32),
(10361, '12D', 32),
(10362, '13D', 32),
(10363, '14D', 32),
(10364, '15D', 32),
(10365, '16D', 32),
(10366, '17D', 32),
(10367, '18D', 32),
(10368, '19D', 32),
(10369, '20D', 32),
(10370, '21D', 32),
(10371, '22D', 32),
(10372, '23D', 32),
(10373, '24D', 32),
(10374, '1E', 32),
(10375, '2E', 32),
(10376, '3E', 32),
(10377, '4E', 32),
(10378, '5E', 32),
(10379, '6E', 32),
(10380, '7E', 32),
(10381, '8E', 32),
(10382, '9E', 32),
(10383, '10E', 32),
(10384, '11E', 32),
(10385, '12E', 32),
(10386, '13E', 32),
(10387, '14E', 32),
(10388, '15E', 32),
(10389, '16E', 32),
(10390, '17E', 32),
(10391, '18E', 32),
(10392, '19E', 32),
(10393, '20E', 32),
(10394, '21E', 32),
(10395, '22E', 32),
(10396, '23E', 32),
(10397, '24E', 32),
(10398, '1F', 32),
(10399, '2F', 32),
(10400, '3F', 32),
(10401, '4F', 32),
(10402, '5F', 32),
(10403, '6F', 32),
(10404, '7F', 32),
(10405, '8F', 32),
(10406, '9F', 32),
(10407, '10F', 32),
(10408, '11F', 32),
(10409, '12F', 32),
(10410, '13F', 32),
(10411, '14F', 32),
(10412, '15F', 32),
(10413, '16F', 32),
(10414, '17F', 32),
(10415, '18F', 32),
(10416, '19F', 32),
(10417, '20F', 32),
(10418, '21F', 32),
(10419, '22F', 32),
(10420, '23F', 32),
(10421, '24F', 32),
(10422, '1G', 32),
(10423, '2G', 32),
(10424, '3G', 32),
(10425, '4G', 32),
(10426, '5G', 32),
(10427, '6G', 32),
(10428, '7G', 32),
(10429, '8G', 32),
(10430, '9G', 32),
(10431, '10G', 32),
(10432, '11G', 32),
(10433, '12G', 32),
(10434, '13G', 32),
(10435, '14G', 32),
(10436, '15G', 32),
(10437, '16G', 32),
(10438, '17G', 32),
(10439, '18G', 32),
(10440, '19G', 32),
(10441, '20G', 32),
(10442, '21G', 32),
(10443, '22G', 32),
(10444, '23G', 32),
(10445, '24G', 32),
(10446, '1H', 32),
(10447, '2H', 32),
(10448, '3H', 32),
(10449, '4H', 32),
(10450, '5H', 32),
(10451, '6H', 32),
(10452, '7H', 32),
(10453, '8H', 32),
(10454, '9H', 32),
(10455, '10H', 32),
(10456, '11H', 32),
(10457, '12H', 32),
(10458, '13H', 32),
(10459, '14H', 32),
(10460, '15H', 32),
(10461, '16H', 32),
(10462, '17H', 32),
(10463, '18H', 32),
(10464, '19H', 32),
(10465, '20H', 32),
(10466, '21H', 32),
(10467, '22H', 32),
(10468, '23H', 32),
(10469, '24H', 32),
(10470, '1I', 32),
(10471, '2I', 32),
(10472, '3I', 32),
(10473, '4I', 32),
(10474, '5I', 32),
(10475, '6I', 32),
(10476, '7I', 32),
(10477, '8I', 32),
(10478, '9I', 32),
(10479, '10I', 32),
(10480, '11I', 32),
(10481, '12I', 32),
(10482, '13I', 32),
(10483, '14I', 32),
(10484, '15I', 32),
(10485, '16I', 32),
(10486, '17I', 32),
(10487, '18I', 32),
(10488, '19I', 32),
(10489, '20I', 32),
(10490, '21I', 32),
(10491, '22I', 32),
(10492, '23I', 32),
(10493, '24I', 32),
(10494, '1J', 32),
(10495, '2J', 32),
(10496, '3J', 32),
(10497, '4J', 32),
(10498, '5J', 32),
(10499, '6J', 32),
(10500, '7J', 32),
(10501, '8J', 32),
(10502, '9J', 32),
(10503, '10J', 32),
(10504, '11J', 32),
(10505, '12J', 32),
(10506, '13J', 32),
(10507, '14J', 32),
(10508, '15J', 32),
(10509, '16J', 32),
(10510, '17J', 32),
(10511, '18J', 32),
(10512, '19J', 32),
(10513, '20J', 32),
(10514, '21J', 32),
(10515, '22J', 32),
(10516, '23J', 32),
(10517, '24J', 32),
(10518, '1K', 32),
(10519, '2K', 32),
(10520, '3K', 32),
(10521, '4K', 32),
(10522, '5K', 32),
(10523, '6K', 32),
(10524, '7K', 32),
(10525, '8K', 32),
(10526, '9K', 32),
(10527, '10K', 32),
(10528, '11K', 32),
(10529, '12K', 32),
(10530, '13K', 32),
(10531, '14K', 32),
(10532, '15K', 32),
(10533, '16K', 32),
(10534, '17K', 32),
(10535, '18K', 32),
(10536, '19K', 32),
(10537, '20K', 32),
(10538, '21K', 32),
(10539, '22K', 32),
(10540, '23K', 32),
(10541, '24K', 32),
(10542, '1L', 32),
(10543, '2L', 32),
(10544, '3L', 32),
(10545, '4L', 32),
(10546, '5L', 32),
(10547, '6L', 32),
(10548, '7L', 32),
(10549, '8L', 32),
(10550, '9L', 32),
(10551, '10L', 32),
(10552, '11L', 32),
(10553, '12L', 32),
(10554, '13L', 32),
(10555, '14L', 32),
(10556, '15L', 32),
(10557, '16L', 32),
(10558, '17L', 32),
(10559, '18L', 32),
(10560, '19L', 32),
(10561, '20L', 32),
(10562, '21L', 32),
(10563, '22L', 32),
(10564, '23L', 32),
(10565, '24L', 32),
(10566, '1M', 32),
(10567, '2M', 32),
(10568, '3M', 32),
(10569, '4M', 32),
(10570, '5M', 32),
(10571, '6M', 32),
(10572, '7M', 32),
(10573, '8M', 32),
(10574, '9M', 32),
(10575, '10M', 32),
(10576, '11M', 32),
(10577, '12M', 32),
(10578, '13M', 32),
(10579, '14M', 32),
(10580, '15M', 32),
(10581, '16M', 32),
(10582, '17M', 32),
(10583, '18M', 32),
(10584, '19M', 32),
(10585, '20M', 32),
(10586, '21M', 32),
(10587, '22M', 32),
(10588, '23M', 32),
(10589, '24M', 32),
(10590, '1N', 32),
(10591, '2N', 32),
(10592, '3N', 32),
(10593, '4N', 32),
(10594, '5N', 32),
(10595, '6N', 32),
(10596, '7N', 32),
(10597, '8N', 32),
(10598, '9N', 32),
(10599, '10N', 32),
(10600, '11N', 32),
(10601, '12N', 32),
(10602, '13N', 32),
(10603, '14N', 32),
(10604, '15N', 32),
(10605, '16N', 32),
(10606, '17N', 32),
(10607, '18N', 32),
(10608, '19N', 32),
(10609, '20N', 32),
(10610, '21N', 32),
(10611, '22N', 32),
(10612, '23N', 32),
(10613, '24N', 32),
(10614, '1O', 32),
(10615, '2O', 32),
(10616, '3O', 32),
(10617, '4O', 32),
(10618, '5O', 32),
(10619, '6O', 32),
(10620, '7O', 32),
(10621, '8O', 32),
(10622, '9O', 32),
(10623, '10O', 32),
(10624, '11O', 32),
(10625, '12O', 32),
(10626, '13O', 32),
(10627, '14O', 32),
(10628, '15O', 32),
(10629, '16O', 32),
(10630, '17O', 32),
(10631, '18O', 32),
(10632, '19O', 32),
(10633, '20O', 32),
(10634, '21O', 32),
(10635, '22O', 32),
(10636, '23O', 32),
(10637, '24O', 32),
(10638, '1P', 32),
(10639, '2P', 32),
(10640, '3P', 32),
(10641, '4P', 32),
(10642, '5P', 32),
(10643, '6P', 32),
(10644, '7P', 32),
(10645, '8P', 32),
(10646, '9P', 32),
(10647, '10P', 32),
(10648, '11P', 32),
(10649, '12P', 32),
(10650, '13P', 32),
(10651, '14P', 32),
(10652, '15P', 32),
(10653, '16P', 32),
(10654, '17P', 32),
(10655, '18P', 32),
(10656, '19P', 32),
(10657, '20P', 32),
(10658, '21P', 32),
(10659, '22P', 32),
(10660, '23P', 32),
(10661, '24P', 32),
(10662, '1Q', 32),
(10663, '2Q', 32),
(10664, '3Q', 32),
(10665, '4Q', 32),
(10666, '5Q', 32),
(10667, '6Q', 32),
(10668, '7Q', 32),
(10669, '8Q', 32),
(10670, '9Q', 32),
(10671, '10Q', 32),
(10672, '11Q', 32),
(10673, '12Q', 32),
(10674, '13Q', 32),
(10675, '14Q', 32),
(10676, '15Q', 32),
(10677, '16Q', 32),
(10678, '17Q', 32),
(10679, '18Q', 32),
(10680, '19Q', 32),
(10681, '20Q', 32),
(10682, '21Q', 32),
(10683, '22Q', 32),
(10684, '23Q', 32),
(10685, '24Q', 32),
(10686, '1R', 32),
(10687, '2R', 32),
(10688, '3R', 32),
(10689, '4R', 32),
(10690, '5R', 32),
(10691, '6R', 32),
(10692, '7R', 32),
(10693, '8R', 32),
(10694, '9R', 32),
(10695, '10R', 32),
(10696, '11R', 32),
(10697, '12R', 32),
(10698, '13R', 32),
(10699, '14R', 32),
(10700, '15R', 32),
(10701, '16R', 32),
(10702, '17R', 32),
(10703, '18R', 32),
(10704, '19R', 32),
(10705, '20R', 32),
(10706, '21R', 32),
(10707, '22R', 32),
(10708, '23R', 32),
(10709, '24R', 32),
(10710, '1S', 32),
(10711, '2S', 32),
(10712, '3S', 32),
(10713, '4S', 32),
(10714, '5S', 32),
(10715, '6S', 32),
(10716, '7S', 32),
(10717, '8S', 32),
(10718, '9S', 32),
(10719, '10S', 32),
(10720, '11S', 32),
(10721, '12S', 32),
(10722, '13S', 32),
(10723, '14S', 32),
(10724, '15S', 32),
(10725, '16S', 32),
(10726, '17S', 32),
(10727, '18S', 32),
(10728, '19S', 32),
(10729, '20S', 32),
(10730, '21S', 32),
(10731, '22S', 32),
(10732, '23S', 32),
(10733, '24S', 32),
(10734, '1T', 32),
(10735, '2T', 32),
(10736, '3T', 32),
(10737, '4T', 32),
(10738, '5T', 32),
(10739, '6T', 32),
(10740, '7T', 32),
(10741, '8T', 32),
(10742, '9T', 32),
(10743, '10T', 32),
(10744, '11T', 32),
(10745, '12T', 32),
(10746, '13T', 32),
(10747, '14T', 32),
(10748, '15T', 32),
(10749, '16T', 32),
(10750, '17T', 32),
(10751, '18T', 32),
(10752, '19T', 32),
(10753, '20T', 32),
(10754, '21T', 32),
(10755, '22T', 32),
(10756, '23T', 32),
(10757, '24T', 32),
(10758, '1U', 32),
(10759, '2U', 32),
(10760, '3U', 32),
(10761, '4U', 32),
(10762, '5U', 32),
(10763, '6U', 32),
(10764, '7U', 32),
(10765, '8U', 32),
(10766, '9U', 32),
(10767, '10U', 32),
(10768, '11U', 32),
(10769, '12U', 32),
(10770, '13U', 32),
(10771, '14U', 32),
(10772, '15U', 32),
(10773, '16U', 32),
(10774, '17U', 32),
(10775, '18U', 32),
(10776, '19U', 32),
(10777, '20U', 32),
(10778, '21U', 32),
(10779, '22U', 32),
(10780, '23U', 32),
(10781, '24U', 32),
(10782, '1V', 32),
(10783, '2V', 32),
(10784, '3V', 32),
(10785, '4V', 32),
(10786, '5V', 32),
(10787, '6V', 32),
(10788, '7V', 32),
(10789, '8V', 32),
(10790, '9V', 32),
(10791, '10V', 32),
(10792, '11V', 32),
(10793, '12V', 32),
(10794, '13V', 32),
(10795, '14V', 32),
(10796, '15V', 32),
(10797, '16V', 32),
(10798, '17V', 32),
(10799, '18V', 32),
(10800, '19V', 32),
(10801, '20V', 32),
(10802, '21V', 32),
(10803, '22V', 32),
(10804, '23V', 32),
(10805, '24V', 32),
(10806, '1W', 32),
(10807, '2W', 32),
(10808, '3W', 32),
(10809, '4W', 32),
(10810, '5W', 32),
(10811, '6W', 32),
(10812, '7W', 32),
(10813, '8W', 32),
(10814, '9W', 32),
(10815, '10W', 32),
(10816, '11W', 32),
(10817, '12W', 32),
(10818, '13W', 32),
(10819, '14W', 32),
(10820, '15W', 32),
(10821, '16W', 32),
(10822, '17W', 32),
(10823, '18W', 32),
(10824, '19W', 32),
(10825, '20W', 32),
(10826, '21W', 32),
(10827, '22W', 32),
(10828, '23W', 32),
(10829, '24W', 32),
(10830, '1X', 32),
(10831, '2X', 32),
(10832, '3X', 32),
(10833, '4X', 32),
(10834, '5X', 32),
(10835, '6X', 32),
(10836, '7X', 32),
(10837, '8X', 32),
(10838, '9X', 32),
(10839, '10X', 32),
(10840, '11X', 32),
(10841, '12X', 32),
(10842, '13X', 32),
(10843, '14X', 32),
(10844, '15X', 32),
(10845, '16X', 32),
(10846, '17X', 32),
(10847, '18X', 32),
(10848, '19X', 32),
(10849, '20X', 32),
(10850, '21X', 32),
(10851, '22X', 32),
(10852, '23X', 32),
(10853, '24X', 32),
(10854, '1A', 33),
(10855, '2A', 33),
(10856, '3A', 33),
(10857, '4A', 33),
(10858, '5A', 33),
(10859, '6A', 33),
(10860, '7A', 33),
(10861, '8A', 33),
(10862, '9A', 33),
(10863, '10A', 33),
(10864, '11A', 33),
(10865, '12A', 33),
(10866, '13A', 33),
(10867, '14A', 33),
(10868, '15A', 33),
(10869, '16A', 33),
(10870, '17A', 33),
(10871, '18A', 33),
(10872, '19A', 33),
(10873, '20A', 33),
(10874, '21A', 33),
(10875, '22A', 33),
(10876, '23A', 33),
(10877, '24A', 33),
(10878, '1B', 33),
(10879, '2B', 33),
(10880, '3B', 33),
(10881, '4B', 33),
(10882, '5B', 33),
(10883, '6B', 33),
(10884, '7B', 33),
(10885, '8B', 33),
(10886, '9B', 33),
(10887, '10B', 33),
(10888, '11B', 33),
(10889, '12B', 33),
(10890, '13B', 33),
(10891, '14B', 33),
(10892, '15B', 33),
(10893, '16B', 33),
(10894, '17B', 33),
(10895, '18B', 33),
(10896, '19B', 33),
(10897, '20B', 33),
(10898, '21B', 33),
(10899, '22B', 33),
(10900, '23B', 33),
(10901, '24B', 33),
(10902, '1C', 33),
(10903, '2C', 33),
(10904, '3C', 33),
(10905, '4C', 33),
(10906, '5C', 33),
(10907, '6C', 33),
(10908, '7C', 33),
(10909, '8C', 33),
(10910, '9C', 33),
(10911, '10C', 33),
(10912, '11C', 33),
(10913, '12C', 33),
(10914, '13C', 33),
(10915, '14C', 33),
(10916, '15C', 33),
(10917, '16C', 33),
(10918, '17C', 33),
(10919, '18C', 33),
(10920, '19C', 33),
(10921, '20C', 33),
(10922, '21C', 33),
(10923, '22C', 33),
(10924, '23C', 33),
(10925, '24C', 33),
(10926, '1D', 33),
(10927, '2D', 33),
(10928, '3D', 33),
(10929, '4D', 33),
(10930, '5D', 33),
(10931, '6D', 33),
(10932, '7D', 33),
(10933, '8D', 33),
(10934, '9D', 33),
(10935, '10D', 33),
(10936, '11D', 33),
(10937, '12D', 33),
(10938, '13D', 33),
(10939, '14D', 33),
(10940, '15D', 33),
(10941, '16D', 33),
(10942, '17D', 33),
(10943, '18D', 33),
(10944, '19D', 33),
(10945, '20D', 33),
(10946, '21D', 33),
(10947, '22D', 33),
(10948, '23D', 33),
(10949, '24D', 33),
(10950, '1E', 33),
(10951, '2E', 33),
(10952, '3E', 33),
(10953, '4E', 33),
(10954, '5E', 33),
(10955, '6E', 33),
(10956, '7E', 33),
(10957, '8E', 33),
(10958, '9E', 33),
(10959, '10E', 33),
(10960, '11E', 33),
(10961, '12E', 33),
(10962, '13E', 33),
(10963, '14E', 33),
(10964, '15E', 33),
(10965, '16E', 33),
(10966, '17E', 33),
(10967, '18E', 33),
(10968, '19E', 33),
(10969, '20E', 33),
(10970, '21E', 33),
(10971, '22E', 33),
(10972, '23E', 33),
(10973, '24E', 33),
(10974, '1F', 33),
(10975, '2F', 33),
(10976, '3F', 33),
(10977, '4F', 33),
(10978, '5F', 33),
(10979, '6F', 33),
(10980, '7F', 33),
(10981, '8F', 33),
(10982, '9F', 33),
(10983, '10F', 33),
(10984, '11F', 33),
(10985, '12F', 33),
(10986, '13F', 33),
(10987, '14F', 33),
(10988, '15F', 33),
(10989, '16F', 33),
(10990, '17F', 33),
(10991, '18F', 33),
(10992, '19F', 33),
(10993, '20F', 33),
(10994, '21F', 33),
(10995, '22F', 33),
(10996, '23F', 33),
(10997, '24F', 33),
(10998, '1G', 33),
(10999, '2G', 33),
(11000, '3G', 33),
(11001, '4G', 33),
(11002, '5G', 33),
(11003, '6G', 33),
(11004, '7G', 33),
(11005, '8G', 33),
(11006, '9G', 33),
(11007, '10G', 33),
(11008, '11G', 33),
(11009, '12G', 33),
(11010, '13G', 33),
(11011, '14G', 33),
(11012, '15G', 33),
(11013, '16G', 33),
(11014, '17G', 33),
(11015, '18G', 33),
(11016, '19G', 33),
(11017, '20G', 33),
(11018, '21G', 33),
(11019, '22G', 33),
(11020, '23G', 33),
(11021, '24G', 33),
(11022, '1H', 33),
(11023, '2H', 33),
(11024, '3H', 33),
(11025, '4H', 33),
(11026, '5H', 33),
(11027, '6H', 33),
(11028, '7H', 33),
(11029, '8H', 33),
(11030, '9H', 33),
(11031, '10H', 33),
(11032, '11H', 33),
(11033, '12H', 33),
(11034, '13H', 33),
(11035, '14H', 33),
(11036, '15H', 33),
(11037, '16H', 33),
(11038, '17H', 33),
(11039, '18H', 33),
(11040, '19H', 33),
(11041, '20H', 33),
(11042, '21H', 33),
(11043, '22H', 33),
(11044, '23H', 33),
(11045, '24H', 33),
(11046, '1I', 33),
(11047, '2I', 33),
(11048, '3I', 33),
(11049, '4I', 33),
(11050, '5I', 33),
(11051, '6I', 33),
(11052, '7I', 33),
(11053, '8I', 33),
(11054, '9I', 33),
(11055, '10I', 33),
(11056, '11I', 33),
(11057, '12I', 33),
(11058, '13I', 33),
(11059, '14I', 33),
(11060, '15I', 33),
(11061, '16I', 33),
(11062, '17I', 33),
(11063, '18I', 33),
(11064, '19I', 33),
(11065, '20I', 33),
(11066, '21I', 33),
(11067, '22I', 33),
(11068, '23I', 33),
(11069, '24I', 33),
(11070, '1J', 33),
(11071, '2J', 33),
(11072, '3J', 33),
(11073, '4J', 33),
(11074, '5J', 33),
(11075, '6J', 33),
(11076, '7J', 33),
(11077, '8J', 33),
(11078, '9J', 33),
(11079, '10J', 33),
(11080, '11J', 33),
(11081, '12J', 33),
(11082, '13J', 33),
(11083, '14J', 33),
(11084, '15J', 33),
(11085, '16J', 33),
(11086, '17J', 33),
(11087, '18J', 33),
(11088, '19J', 33),
(11089, '20J', 33),
(11090, '21J', 33),
(11091, '22J', 33),
(11092, '23J', 33),
(11093, '24J', 33),
(11094, '1K', 33),
(11095, '2K', 33),
(11096, '3K', 33),
(11097, '4K', 33),
(11098, '5K', 33),
(11099, '6K', 33),
(11100, '7K', 33),
(11101, '8K', 33),
(11102, '9K', 33),
(11103, '10K', 33),
(11104, '11K', 33),
(11105, '12K', 33),
(11106, '13K', 33),
(11107, '14K', 33),
(11108, '15K', 33),
(11109, '16K', 33),
(11110, '17K', 33),
(11111, '18K', 33),
(11112, '19K', 33),
(11113, '20K', 33),
(11114, '21K', 33),
(11115, '22K', 33),
(11116, '23K', 33),
(11117, '24K', 33),
(11118, '1L', 33),
(11119, '2L', 33),
(11120, '3L', 33),
(11121, '4L', 33),
(11122, '5L', 33),
(11123, '6L', 33),
(11124, '7L', 33),
(11125, '8L', 33),
(11126, '9L', 33),
(11127, '10L', 33),
(11128, '11L', 33),
(11129, '12L', 33),
(11130, '13L', 33),
(11131, '14L', 33),
(11132, '15L', 33),
(11133, '16L', 33),
(11134, '17L', 33),
(11135, '18L', 33),
(11136, '19L', 33),
(11137, '20L', 33),
(11138, '21L', 33),
(11139, '22L', 33),
(11140, '23L', 33),
(11141, '24L', 33),
(11142, '1M', 33),
(11143, '2M', 33),
(11144, '3M', 33),
(11145, '4M', 33),
(11146, '5M', 33),
(11147, '6M', 33),
(11148, '7M', 33),
(11149, '8M', 33),
(11150, '9M', 33),
(11151, '10M', 33),
(11152, '11M', 33),
(11153, '12M', 33),
(11154, '13M', 33),
(11155, '14M', 33),
(11156, '15M', 33),
(11157, '16M', 33),
(11158, '17M', 33),
(11159, '18M', 33),
(11160, '19M', 33),
(11161, '20M', 33),
(11162, '21M', 33),
(11163, '22M', 33),
(11164, '23M', 33),
(11165, '24M', 33),
(11166, '1N', 33),
(11167, '2N', 33),
(11168, '3N', 33),
(11169, '4N', 33),
(11170, '5N', 33),
(11171, '6N', 33),
(11172, '7N', 33),
(11173, '8N', 33),
(11174, '9N', 33),
(11175, '10N', 33),
(11176, '11N', 33),
(11177, '12N', 33),
(11178, '13N', 33),
(11179, '14N', 33),
(11180, '15N', 33),
(11181, '16N', 33),
(11182, '17N', 33),
(11183, '18N', 33),
(11184, '19N', 33),
(11185, '20N', 33),
(11186, '21N', 33),
(11187, '22N', 33),
(11188, '23N', 33),
(11189, '24N', 33),
(11190, '1O', 33),
(11191, '2O', 33),
(11192, '3O', 33),
(11193, '4O', 33),
(11194, '5O', 33),
(11195, '6O', 33),
(11196, '7O', 33),
(11197, '8O', 33),
(11198, '9O', 33),
(11199, '10O', 33),
(11200, '11O', 33),
(11201, '12O', 33),
(11202, '13O', 33),
(11203, '14O', 33),
(11204, '15O', 33),
(11205, '16O', 33),
(11206, '17O', 33),
(11207, '18O', 33),
(11208, '19O', 33),
(11209, '20O', 33),
(11210, '21O', 33),
(11211, '22O', 33),
(11212, '23O', 33),
(11213, '24O', 33),
(11214, '1P', 33),
(11215, '2P', 33),
(11216, '3P', 33),
(11217, '4P', 33),
(11218, '5P', 33),
(11219, '6P', 33),
(11220, '7P', 33),
(11221, '8P', 33),
(11222, '9P', 33),
(11223, '10P', 33),
(11224, '11P', 33),
(11225, '12P', 33),
(11226, '13P', 33),
(11227, '14P', 33),
(11228, '15P', 33),
(11229, '16P', 33),
(11230, '17P', 33),
(11231, '18P', 33),
(11232, '19P', 33),
(11233, '20P', 33),
(11234, '21P', 33),
(11235, '22P', 33),
(11236, '23P', 33),
(11237, '24P', 33),
(11238, '1Q', 33),
(11239, '2Q', 33),
(11240, '3Q', 33),
(11241, '4Q', 33),
(11242, '5Q', 33),
(11243, '6Q', 33),
(11244, '7Q', 33),
(11245, '8Q', 33),
(11246, '9Q', 33),
(11247, '10Q', 33),
(11248, '11Q', 33),
(11249, '12Q', 33),
(11250, '13Q', 33),
(11251, '14Q', 33),
(11252, '15Q', 33),
(11253, '16Q', 33),
(11254, '17Q', 33),
(11255, '18Q', 33),
(11256, '19Q', 33),
(11257, '20Q', 33),
(11258, '21Q', 33),
(11259, '22Q', 33),
(11260, '23Q', 33),
(11261, '24Q', 33),
(11262, '1R', 33),
(11263, '2R', 33),
(11264, '3R', 33),
(11265, '4R', 33),
(11266, '5R', 33),
(11267, '6R', 33),
(11268, '7R', 33),
(11269, '8R', 33),
(11270, '9R', 33),
(11271, '10R', 33),
(11272, '11R', 33),
(11273, '12R', 33),
(11274, '13R', 33),
(11275, '14R', 33),
(11276, '15R', 33),
(11277, '16R', 33),
(11278, '17R', 33),
(11279, '18R', 33),
(11280, '19R', 33),
(11281, '20R', 33),
(11282, '21R', 33),
(11283, '22R', 33),
(11284, '23R', 33),
(11285, '24R', 33),
(11286, '1S', 33),
(11287, '2S', 33),
(11288, '3S', 33),
(11289, '4S', 33),
(11290, '5S', 33),
(11291, '6S', 33),
(11292, '7S', 33),
(11293, '8S', 33),
(11294, '9S', 33),
(11295, '10S', 33),
(11296, '11S', 33),
(11297, '12S', 33),
(11298, '13S', 33),
(11299, '14S', 33),
(11300, '15S', 33),
(11301, '16S', 33),
(11302, '17S', 33),
(11303, '18S', 33),
(11304, '19S', 33),
(11305, '20S', 33),
(11306, '21S', 33),
(11307, '22S', 33),
(11308, '23S', 33),
(11309, '24S', 33),
(11310, '1T', 33),
(11311, '2T', 33),
(11312, '3T', 33),
(11313, '4T', 33),
(11314, '5T', 33),
(11315, '6T', 33),
(11316, '7T', 33),
(11317, '8T', 33),
(11318, '9T', 33),
(11319, '10T', 33),
(11320, '11T', 33),
(11321, '12T', 33),
(11322, '13T', 33),
(11323, '14T', 33),
(11324, '15T', 33),
(11325, '16T', 33),
(11326, '17T', 33),
(11327, '18T', 33),
(11328, '19T', 33),
(11329, '20T', 33),
(11330, '21T', 33),
(11331, '22T', 33),
(11332, '23T', 33),
(11333, '24T', 33),
(11334, '1U', 33),
(11335, '2U', 33),
(11336, '3U', 33),
(11337, '4U', 33),
(11338, '5U', 33),
(11339, '6U', 33),
(11340, '7U', 33),
(11341, '8U', 33),
(11342, '9U', 33),
(11343, '10U', 33),
(11344, '11U', 33),
(11345, '12U', 33),
(11346, '13U', 33),
(11347, '14U', 33),
(11348, '15U', 33),
(11349, '16U', 33),
(11350, '17U', 33),
(11351, '18U', 33),
(11352, '19U', 33),
(11353, '20U', 33),
(11354, '21U', 33),
(11355, '22U', 33),
(11356, '23U', 33),
(11357, '24U', 33),
(11358, '1V', 33),
(11359, '2V', 33),
(11360, '3V', 33),
(11361, '4V', 33),
(11362, '5V', 33),
(11363, '6V', 33),
(11364, '7V', 33),
(11365, '8V', 33),
(11366, '9V', 33),
(11367, '10V', 33),
(11368, '11V', 33),
(11369, '12V', 33),
(11370, '13V', 33),
(11371, '14V', 33),
(11372, '15V', 33),
(11373, '16V', 33),
(11374, '17V', 33),
(11375, '18V', 33),
(11376, '19V', 33),
(11377, '20V', 33),
(11378, '21V', 33),
(11379, '22V', 33),
(11380, '23V', 33),
(11381, '24V', 33),
(11382, '1W', 33),
(11383, '2W', 33),
(11384, '3W', 33),
(11385, '4W', 33),
(11386, '5W', 33),
(11387, '6W', 33),
(11388, '7W', 33),
(11389, '8W', 33),
(11390, '9W', 33),
(11391, '10W', 33),
(11392, '11W', 33),
(11393, '12W', 33),
(11394, '13W', 33),
(11395, '14W', 33),
(11396, '15W', 33),
(11397, '16W', 33),
(11398, '17W', 33),
(11399, '18W', 33),
(11400, '19W', 33),
(11401, '20W', 33),
(11402, '21W', 33),
(11403, '22W', 33),
(11404, '23W', 33),
(11405, '24W', 33),
(11406, '1X', 33),
(11407, '2X', 33),
(11408, '3X', 33),
(11409, '4X', 33),
(11410, '5X', 33),
(11411, '6X', 33),
(11412, '7X', 33),
(11413, '8X', 33),
(11414, '9X', 33),
(11415, '10X', 33),
(11416, '11X', 33),
(11417, '12X', 33),
(11418, '13X', 33),
(11419, '14X', 33),
(11420, '15X', 33),
(11421, '16X', 33),
(11422, '17X', 33),
(11423, '18X', 33),
(11424, '19X', 33),
(11425, '20X', 33),
(11426, '21X', 33),
(11427, '22X', 33),
(11428, '23X', 33),
(11429, '24X', 33),
(11430, '1A', 34),
(11431, '2A', 34),
(11432, '3A', 34),
(11433, '4A', 34),
(11434, '5A', 34),
(11435, '6A', 34),
(11436, '7A', 34),
(11437, '8A', 34),
(11438, '9A', 34),
(11439, '10A', 34),
(11440, '11A', 34),
(11441, '12A', 34),
(11442, '13A', 34),
(11443, '14A', 34),
(11444, '15A', 34),
(11445, '16A', 34),
(11446, '17A', 34),
(11447, '18A', 34),
(11448, '19A', 34),
(11449, '20A', 34),
(11450, '21A', 34),
(11451, '22A', 34),
(11452, '23A', 34),
(11453, '24A', 34),
(11454, '1B', 34),
(11455, '2B', 34),
(11456, '3B', 34),
(11457, '4B', 34),
(11458, '5B', 34),
(11459, '6B', 34),
(11460, '7B', 34),
(11461, '8B', 34),
(11462, '9B', 34),
(11463, '10B', 34),
(11464, '11B', 34),
(11465, '12B', 34),
(11466, '13B', 34),
(11467, '14B', 34),
(11468, '15B', 34),
(11469, '16B', 34),
(11470, '17B', 34),
(11471, '18B', 34),
(11472, '19B', 34),
(11473, '20B', 34),
(11474, '21B', 34),
(11475, '22B', 34),
(11476, '23B', 34),
(11477, '24B', 34),
(11478, '1C', 34),
(11479, '2C', 34),
(11480, '3C', 34),
(11481, '4C', 34),
(11482, '5C', 34),
(11483, '6C', 34),
(11484, '7C', 34),
(11485, '8C', 34),
(11486, '9C', 34),
(11487, '10C', 34),
(11488, '11C', 34),
(11489, '12C', 34),
(11490, '13C', 34),
(11491, '14C', 34),
(11492, '15C', 34),
(11493, '16C', 34),
(11494, '17C', 34),
(11495, '18C', 34),
(11496, '19C', 34),
(11497, '20C', 34),
(11498, '21C', 34),
(11499, '22C', 34),
(11500, '23C', 34),
(11501, '24C', 34),
(11502, '1D', 34),
(11503, '2D', 34),
(11504, '3D', 34),
(11505, '4D', 34),
(11506, '5D', 34),
(11507, '6D', 34),
(11508, '7D', 34),
(11509, '8D', 34),
(11510, '9D', 34),
(11511, '10D', 34),
(11512, '11D', 34),
(11513, '12D', 34),
(11514, '13D', 34),
(11515, '14D', 34),
(11516, '15D', 34),
(11517, '16D', 34),
(11518, '17D', 34),
(11519, '18D', 34),
(11520, '19D', 34),
(11521, '20D', 34),
(11522, '21D', 34),
(11523, '22D', 34),
(11524, '23D', 34),
(11525, '24D', 34),
(11526, '1E', 34),
(11527, '2E', 34),
(11528, '3E', 34),
(11529, '4E', 34),
(11530, '5E', 34),
(11531, '6E', 34),
(11532, '7E', 34),
(11533, '8E', 34),
(11534, '9E', 34),
(11535, '10E', 34),
(11536, '11E', 34),
(11537, '12E', 34),
(11538, '13E', 34),
(11539, '14E', 34),
(11540, '15E', 34),
(11541, '16E', 34),
(11542, '17E', 34),
(11543, '18E', 34),
(11544, '19E', 34),
(11545, '20E', 34),
(11546, '21E', 34),
(11547, '22E', 34),
(11548, '23E', 34),
(11549, '24E', 34),
(11550, '1F', 34),
(11551, '2F', 34),
(11552, '3F', 34),
(11553, '4F', 34),
(11554, '5F', 34),
(11555, '6F', 34),
(11556, '7F', 34),
(11557, '8F', 34),
(11558, '9F', 34),
(11559, '10F', 34),
(11560, '11F', 34),
(11561, '12F', 34),
(11562, '13F', 34),
(11563, '14F', 34),
(11564, '15F', 34),
(11565, '16F', 34),
(11566, '17F', 34),
(11567, '18F', 34),
(11568, '19F', 34),
(11569, '20F', 34),
(11570, '21F', 34),
(11571, '22F', 34),
(11572, '23F', 34),
(11573, '24F', 34),
(11574, '1G', 34),
(11575, '2G', 34),
(11576, '3G', 34),
(11577, '4G', 34),
(11578, '5G', 34),
(11579, '6G', 34),
(11580, '7G', 34),
(11581, '8G', 34),
(11582, '9G', 34),
(11583, '10G', 34),
(11584, '11G', 34),
(11585, '12G', 34),
(11586, '13G', 34),
(11587, '14G', 34),
(11588, '15G', 34),
(11589, '16G', 34),
(11590, '17G', 34),
(11591, '18G', 34),
(11592, '19G', 34),
(11593, '20G', 34),
(11594, '21G', 34),
(11595, '22G', 34),
(11596, '23G', 34),
(11597, '24G', 34),
(11598, '1H', 34),
(11599, '2H', 34),
(11600, '3H', 34),
(11601, '4H', 34),
(11602, '5H', 34),
(11603, '6H', 34),
(11604, '7H', 34),
(11605, '8H', 34),
(11606, '9H', 34),
(11607, '10H', 34),
(11608, '11H', 34),
(11609, '12H', 34),
(11610, '13H', 34),
(11611, '14H', 34),
(11612, '15H', 34),
(11613, '16H', 34),
(11614, '17H', 34),
(11615, '18H', 34),
(11616, '19H', 34),
(11617, '20H', 34),
(11618, '21H', 34),
(11619, '22H', 34),
(11620, '23H', 34),
(11621, '24H', 34),
(11622, '1I', 34),
(11623, '2I', 34),
(11624, '3I', 34),
(11625, '4I', 34),
(11626, '5I', 34),
(11627, '6I', 34),
(11628, '7I', 34),
(11629, '8I', 34),
(11630, '9I', 34),
(11631, '10I', 34),
(11632, '11I', 34),
(11633, '12I', 34),
(11634, '13I', 34),
(11635, '14I', 34),
(11636, '15I', 34),
(11637, '16I', 34),
(11638, '17I', 34),
(11639, '18I', 34),
(11640, '19I', 34),
(11641, '20I', 34),
(11642, '21I', 34),
(11643, '22I', 34),
(11644, '23I', 34),
(11645, '24I', 34),
(11646, '1J', 34),
(11647, '2J', 34),
(11648, '3J', 34),
(11649, '4J', 34),
(11650, '5J', 34),
(11651, '6J', 34),
(11652, '7J', 34),
(11653, '8J', 34),
(11654, '9J', 34),
(11655, '10J', 34),
(11656, '11J', 34),
(11657, '12J', 34),
(11658, '13J', 34),
(11659, '14J', 34),
(11660, '15J', 34),
(11661, '16J', 34),
(11662, '17J', 34),
(11663, '18J', 34),
(11664, '19J', 34),
(11665, '20J', 34),
(11666, '21J', 34),
(11667, '22J', 34),
(11668, '23J', 34),
(11669, '24J', 34),
(11670, '1K', 34),
(11671, '2K', 34),
(11672, '3K', 34),
(11673, '4K', 34),
(11674, '5K', 34),
(11675, '6K', 34),
(11676, '7K', 34),
(11677, '8K', 34),
(11678, '9K', 34),
(11679, '10K', 34),
(11680, '11K', 34),
(11681, '12K', 34),
(11682, '13K', 34),
(11683, '14K', 34),
(11684, '15K', 34),
(11685, '16K', 34),
(11686, '17K', 34),
(11687, '18K', 34),
(11688, '19K', 34),
(11689, '20K', 34),
(11690, '21K', 34),
(11691, '22K', 34),
(11692, '23K', 34),
(11693, '24K', 34),
(11694, '1L', 34),
(11695, '2L', 34),
(11696, '3L', 34),
(11697, '4L', 34),
(11698, '5L', 34),
(11699, '6L', 34),
(11700, '7L', 34),
(11701, '8L', 34),
(11702, '9L', 34),
(11703, '10L', 34),
(11704, '11L', 34),
(11705, '12L', 34),
(11706, '13L', 34),
(11707, '14L', 34),
(11708, '15L', 34),
(11709, '16L', 34),
(11710, '17L', 34),
(11711, '18L', 34),
(11712, '19L', 34),
(11713, '20L', 34),
(11714, '21L', 34),
(11715, '22L', 34),
(11716, '23L', 34),
(11717, '24L', 34),
(11718, '1M', 34),
(11719, '2M', 34),
(11720, '3M', 34),
(11721, '4M', 34),
(11722, '5M', 34),
(11723, '6M', 34),
(11724, '7M', 34),
(11725, '8M', 34),
(11726, '9M', 34),
(11727, '10M', 34),
(11728, '11M', 34),
(11729, '12M', 34),
(11730, '13M', 34),
(11731, '14M', 34),
(11732, '15M', 34),
(11733, '16M', 34),
(11734, '17M', 34),
(11735, '18M', 34),
(11736, '19M', 34),
(11737, '20M', 34),
(11738, '21M', 34),
(11739, '22M', 34),
(11740, '23M', 34),
(11741, '24M', 34),
(11742, '1N', 34),
(11743, '2N', 34),
(11744, '3N', 34),
(11745, '4N', 34),
(11746, '5N', 34),
(11747, '6N', 34),
(11748, '7N', 34),
(11749, '8N', 34),
(11750, '9N', 34),
(11751, '10N', 34),
(11752, '11N', 34),
(11753, '12N', 34),
(11754, '13N', 34),
(11755, '14N', 34),
(11756, '15N', 34),
(11757, '16N', 34),
(11758, '17N', 34),
(11759, '18N', 34),
(11760, '19N', 34),
(11761, '20N', 34),
(11762, '21N', 34),
(11763, '22N', 34),
(11764, '23N', 34),
(11765, '24N', 34),
(11766, '1O', 34),
(11767, '2O', 34),
(11768, '3O', 34),
(11769, '4O', 34),
(11770, '5O', 34),
(11771, '6O', 34),
(11772, '7O', 34),
(11773, '8O', 34),
(11774, '9O', 34),
(11775, '10O', 34),
(11776, '11O', 34),
(11777, '12O', 34),
(11778, '13O', 34),
(11779, '14O', 34),
(11780, '15O', 34),
(11781, '16O', 34),
(11782, '17O', 34),
(11783, '18O', 34),
(11784, '19O', 34),
(11785, '20O', 34),
(11786, '21O', 34),
(11787, '22O', 34),
(11788, '23O', 34),
(11789, '24O', 34),
(11790, '1P', 34),
(11791, '2P', 34),
(11792, '3P', 34),
(11793, '4P', 34),
(11794, '5P', 34),
(11795, '6P', 34),
(11796, '7P', 34),
(11797, '8P', 34),
(11798, '9P', 34),
(11799, '10P', 34),
(11800, '11P', 34),
(11801, '12P', 34),
(11802, '13P', 34),
(11803, '14P', 34),
(11804, '15P', 34),
(11805, '16P', 34),
(11806, '17P', 34),
(11807, '18P', 34),
(11808, '19P', 34),
(11809, '20P', 34),
(11810, '21P', 34),
(11811, '22P', 34),
(11812, '23P', 34),
(11813, '24P', 34),
(11814, '1Q', 34),
(11815, '2Q', 34),
(11816, '3Q', 34),
(11817, '4Q', 34),
(11818, '5Q', 34),
(11819, '6Q', 34),
(11820, '7Q', 34),
(11821, '8Q', 34),
(11822, '9Q', 34),
(11823, '10Q', 34),
(11824, '11Q', 34),
(11825, '12Q', 34),
(11826, '13Q', 34),
(11827, '14Q', 34),
(11828, '15Q', 34),
(11829, '16Q', 34),
(11830, '17Q', 34),
(11831, '18Q', 34),
(11832, '19Q', 34),
(11833, '20Q', 34),
(11834, '21Q', 34),
(11835, '22Q', 34),
(11836, '23Q', 34),
(11837, '24Q', 34),
(11838, '1R', 34),
(11839, '2R', 34),
(11840, '3R', 34),
(11841, '4R', 34),
(11842, '5R', 34),
(11843, '6R', 34),
(11844, '7R', 34),
(11845, '8R', 34),
(11846, '9R', 34),
(11847, '10R', 34),
(11848, '11R', 34),
(11849, '12R', 34),
(11850, '13R', 34),
(11851, '14R', 34),
(11852, '15R', 34),
(11853, '16R', 34),
(11854, '17R', 34),
(11855, '18R', 34),
(11856, '19R', 34),
(11857, '20R', 34),
(11858, '21R', 34),
(11859, '22R', 34),
(11860, '23R', 34),
(11861, '24R', 34),
(11862, '1S', 34),
(11863, '2S', 34),
(11864, '3S', 34),
(11865, '4S', 34),
(11866, '5S', 34),
(11867, '6S', 34),
(11868, '7S', 34),
(11869, '8S', 34),
(11870, '9S', 34),
(11871, '10S', 34),
(11872, '11S', 34),
(11873, '12S', 34),
(11874, '13S', 34),
(11875, '14S', 34),
(11876, '15S', 34),
(11877, '16S', 34),
(11878, '17S', 34),
(11879, '18S', 34),
(11880, '19S', 34),
(11881, '20S', 34),
(11882, '21S', 34),
(11883, '22S', 34),
(11884, '23S', 34),
(11885, '24S', 34),
(11886, '1T', 34),
(11887, '2T', 34),
(11888, '3T', 34),
(11889, '4T', 34),
(11890, '5T', 34),
(11891, '6T', 34),
(11892, '7T', 34),
(11893, '8T', 34),
(11894, '9T', 34),
(11895, '10T', 34),
(11896, '11T', 34),
(11897, '12T', 34),
(11898, '13T', 34),
(11899, '14T', 34),
(11900, '15T', 34),
(11901, '16T', 34),
(11902, '17T', 34),
(11903, '18T', 34),
(11904, '19T', 34),
(11905, '20T', 34),
(11906, '21T', 34),
(11907, '22T', 34),
(11908, '23T', 34),
(11909, '24T', 34),
(11910, '1U', 34),
(11911, '2U', 34),
(11912, '3U', 34),
(11913, '4U', 34),
(11914, '5U', 34),
(11915, '6U', 34),
(11916, '7U', 34),
(11917, '8U', 34),
(11918, '9U', 34),
(11919, '10U', 34),
(11920, '11U', 34),
(11921, '12U', 34),
(11922, '13U', 34),
(11923, '14U', 34),
(11924, '15U', 34),
(11925, '16U', 34),
(11926, '17U', 34),
(11927, '18U', 34),
(11928, '19U', 34),
(11929, '20U', 34),
(11930, '21U', 34),
(11931, '22U', 34),
(11932, '23U', 34),
(11933, '24U', 34),
(11934, '1V', 34),
(11935, '2V', 34),
(11936, '3V', 34),
(11937, '4V', 34),
(11938, '5V', 34),
(11939, '6V', 34),
(11940, '7V', 34),
(11941, '8V', 34),
(11942, '9V', 34),
(11943, '10V', 34),
(11944, '11V', 34),
(11945, '12V', 34),
(11946, '13V', 34),
(11947, '14V', 34),
(11948, '15V', 34),
(11949, '16V', 34),
(11950, '17V', 34),
(11951, '18V', 34),
(11952, '19V', 34),
(11953, '20V', 34),
(11954, '21V', 34),
(11955, '22V', 34),
(11956, '23V', 34),
(11957, '24V', 34),
(11958, '1W', 34),
(11959, '2W', 34),
(11960, '3W', 34),
(11961, '4W', 34),
(11962, '5W', 34),
(11963, '6W', 34),
(11964, '7W', 34),
(11965, '8W', 34),
(11966, '9W', 34),
(11967, '10W', 34),
(11968, '11W', 34),
(11969, '12W', 34),
(11970, '13W', 34),
(11971, '14W', 34),
(11972, '15W', 34),
(11973, '16W', 34),
(11974, '17W', 34),
(11975, '18W', 34),
(11976, '19W', 34),
(11977, '20W', 34),
(11978, '21W', 34),
(11979, '22W', 34),
(11980, '23W', 34),
(11981, '24W', 34),
(11982, '1X', 34),
(11983, '2X', 34),
(11984, '3X', 34),
(11985, '4X', 34),
(11986, '5X', 34),
(11987, '6X', 34),
(11988, '7X', 34),
(11989, '8X', 34),
(11990, '9X', 34),
(11991, '10X', 34),
(11992, '11X', 34),
(11993, '12X', 34),
(11994, '13X', 34),
(11995, '14X', 34),
(11996, '15X', 34),
(11997, '16X', 34),
(11998, '17X', 34),
(11999, '18X', 34),
(12000, '19X', 34),
(12001, '20X', 34),
(12002, '21X', 34),
(12003, '22X', 34),
(12004, '23X', 34),
(12005, '24X', 34);

-- --------------------------------------------------------

--
-- Table structure for table `ticket_receiving`
--

CREATE TABLE `ticket_receiving` (
  `Ticket_Receiving_ID` int(10) NOT NULL,
  `Ticket_Receiving_Name` varchar(128) NOT NULL,
  `Ticket_Receiving_Detail` text NOT NULL,
  `Ticket_Receiving_Fee` float NOT NULL
) ENGINE=InnoDB DEFAULT CHARSET=utf8;

--
-- Dumping data for table `ticket_receiving`
--

INSERT INTO `ticket_receiving` (`Ticket_Receiving_ID`, `Ticket_Receiving_Name`, `Ticket_Receiving_Detail`, `Ticket_Receiving_Fee`) VALUES
(1, 'EMS', '123', 100);

-- --------------------------------------------------------

--
-- Table structure for table `venue`
--

CREATE TABLE `venue` (
  `Venue_ID` int(10) NOT NULL,
  `Venue_Name` varchar(64) NOT NULL,
  `Venue_Address` varchar(256) NOT NULL,
  `Venue_EmailAddress` varchar(64) NOT NULL,
  `Venue_PhoneNumber` varchar(15) NOT NULL,
  `Venue_SeatingCapacity` int(10) NOT NULL,
  `Venue_Detail` varchar(10000) NOT NULL,
  `Venue_Image` varchar(10000) NOT NULL
) ENGINE=InnoDB DEFAULT CHARSET=utf8;

--
-- Dumping data for table `venue`
--

INSERT INTO `venue` (`Venue_ID`, `Venue_Name`, `Venue_Address`, `Venue_EmailAddress`, `Venue_PhoneNumber`, `Venue_SeatingCapacity`, `Venue_Detail`, `Venue_Image`) VALUES
(2, 'Comcamp', '126 ถนนประชาอุทิศ แขวงบางมด เขตทุ่งครุ, กรุงเทพมหานคร 10140', 'kmutt@gmail.com', '213213', 1000, 'ภาควิชาวิศวกรรมคอมพิวเตอร์ คณะวิศวกรรมศาสตร์ มหาวิทยาลัยเทคโนโลยีพระจอมเกล้าธนบุรี เริ่มก่อตั้ง และเปิดสอนในระดับปริญญาตรีตั้งแต่ปีการศึกษา 2531 แต่ได้รับการอนุมัติให้จัดตั้งหน่วยงาน ภาควิชาวิศวกรรมคอมพิวเตอร์ และประกาศในพระราชกฤษฎีกา เมื่อวันที่ 11 กุมภาพันธ์ 2540 ', 'http://kmuttdemo.com/uploads/44xjD6QBjIJPx3Cjdoq82Om5kBOb3NdzVpe8NRNn.jpeg'),
(3, 'Thunder Dome', 'Thunder Dome Thunder Dome Building Popular Rd, Tambon Ban Mai, Amphoe Pak Kret, Chang Wat Nonthaburi 111', 'ThunderDome@gmail.com', '0896552222', 12389, 'Thunder Dome, Muang Thong Thani is a multi-purpose venue designed for everything from shows, concerts, meetings and exhibitions. The auditorium is strategically located in a stone’s throw away from IMPACT function halls and has a close proximity to Bang Pa-In Pak Kret Expressway.  This ultimate auditorium can accommodate up to 3,500 seats offering diverse facilities with modern equipment that suit for holding different kinds of events you are looking for.', 'http://www.thunderdome.biz/images/background/thunderdome03.jpg'),
(4, 'Impact Arena', 'Yosemite12312', 'jednitan10@gmail.com', '0986524556', 100000, 'การเดินทางและแผนที่  ที่ตั้งอยู่ในบริเวณชานเมือง ซึ่งห่างไกลจากความแออัดของการจราจรในย่านใจกลางเมือง กรุงเทพมหานคร ที่ตั้งของอิมแพ็ค :  30 นาทีจากย่านใจกลางเมืองกรุงเทพมหานคร โดยการใช้ทางด่วน 45 นาทีจากสนามบินนานาชาติสุวรรณภูมิโดยการใช้ทางด่วน 15 นาทีจากสนามบินนานาชาติดอนเมือง  โรงแรม  ภายในรัศมี 20 กิโลเมตรของอิมแพ็ค สามารถรับบริการจากโรงแรมถึง 12 แห่ง กับห้องพักจำนวนมากกว่า 3,000 ห้อง โนโวเทล กรุงเทพ อิมแพ็ค โรงแรมระดับ 5 ดาว พร้อมห้องพัก 380 ห้อง และโรงแรมไอบิส กรุงเทพ อิมแพ็ค กับห้องพัก 587 ห้อง ตั้งอยู่ภายในบริเวณศูนย์แสดงสินค้าและการประชุมอิมแพ็ค ﻿﻿การจัดระบบบริการด้านการคมนาคม อิมแพ็คนำเสนอหลากหลายช่องทางบริการด้านการคมนาคม อาทิ บริการเรียกรถรับ-ส่ง (แท็กซี่) รถบริการสาธารณะ รถโดยสารประจำทาง  ﻿﻿บริการรถสาธารณะ​  บริเวณชั้น 2 อาคารคอสโม่ บาซาร์ ตั้งแต่เวลา 05.30-22.00 น.', 'http://static.asiawebdirect.com/m/bangkok/portals/bangkok-com/homepage/information/impact-arena/allParagraphs/BucketComponent/ListingContainer/00/image/Concert'),
(5, 'KMUTT', '126 ถนนประชาอุทิศ แขวงบางมด เขตทุ่งครุ, กรุงเทพมหานคร 10140', 'kmutt@gmail.com', '0813204444', 10000, 'King Mongkut\'s University of Technology Thonburi ', 'http://admission.kmutt.ac.th/images/shared/kmutt.jpeg'),
(6, 'Library', 'Library prachauthit', 'Library@gmail.com', '0846523652', 150000, 'Library, home of mr.Pong', 'https://ohiostatebuckeyes.com/wp-content/uploads/2018/06/22675.jpg'),
(7, 'Central Rama2', 'Rama2', 'CentralRama222@dwd', '0896552222', 100000, 'Central Rama2', 'http://www.ekathimerini.com/resources/2018-07/13s1kalm-thumb-large-thumb-large.jpg'),
(8, 'Siam Paragon', 'Siam Paragon', 'SiamParagon@efe', '0813204444', 150000, 'Siam Paragon', 'https://upload.wikimedia.org/wikipedia/commons/7/71/Coms_concert.jpg'),
(9, 'Asiatique', 'AsiaTique', 'AsiaTique2@ghrhr', '0896552222', 5000, 'AsiaTique', 'http://d2e5ushqwiltxm.cloudfront.net/wp-content/uploads/sites/68/2016/12/30075411/asiatique-the-river.jpg'),
(10, 'Pattaya Beach', 'Pattaya Beach', 'PattayaBeach@hhh', '08888888', 6000, 'Pattaya Beach', 'http://static.asiawebdirect.com/m/bangkok/portals/pattaya-bangkok-com/homepage/pagePropertiesImage/pattaya_beach.jpg.jpg'),
(11, 'Thailand Cultural Centre', 'Thailand Cultural Centre', 'ThailandCulturalCentre@fc', '08888888', 50000, 'Thailand Cultural Centre', 'https://upload.wikimedia.org/wikipedia/th/e/ec/%E0%B8%AB%E0%B8%AD%E0%B8%9B%E0%B8%A3%E0%B8%B0%E0%B8%8A%E0%B8%B8%E0%B8%A1%E0%B9%83%E0%B8%AB%E0%B8%8D%E0%B9%88.jpg'),
(12, 'NewYork Stadium', 'NewYork Stadium', 'NewYorkStadium@ff', '0813204444', 50000, 'NewYork Stadium', 'https://upload.wikimedia.org/wikipedia/commons/3/3f/Le_Yankee_Stadium.jpg'),
(14, 'Berlin Stadium', 'Berlin Stadium', 'BerlinStadium@sdsw', '0896552222', 50000, 'Berlin Stadium', 'https://cache-graphicslib.viator.com/graphicslib/page-images/742x525/130037_Germany_Berlin_Olympic_Stadium_alamy_BE5GJC.jpg'),
(15, 'Madrid Stadium', 'Madrid Stadium', 'Madrid@Stadium', '08888888', 90000, 'Madrid Stadium', 'https://i.ytimg.com/vi/CEWPpzQGjO4/hqdefault.jpg'),
(16, 'London Stadium', 'London Stadium', 'London@Stadium', '0813204444', 80000, 'London Stadium', 'https://upload.wikimedia.org/wikipedia/commons/f/f1/FloodlitLondonStadium.jpg'),
(17, 'Amsterdam', 'Amsterdam', 'Amsterdam@f', '08888888', 40000, 'Amsterdam', 'http://trampslikeus.com/metlife2016/images/ML3.jpg'),
(18, 'Chiangmai Stadium', 'Chiangmai Stadium', 'kmutt@gmail.com', '0813204444', 70000, 'Chiangmai Stadium', 'https://s3.amazonaws.com/busites_www/kennychesney/1-default/2-kenny-chesney/photos/20150504_145158_5351_720164.jpeg');

-- --------------------------------------------------------

--
-- Table structure for table `zone`
--

CREATE TABLE `zone` (
  `Zone_ID` int(10) NOT NULL,
  `Zone_Name` varchar(64) NOT NULL,
  `Zone_Type` varchar(64) NOT NULL,
  `Zone_Price` int(10) NOT NULL,
  `Zone_Capacity` int(10) NOT NULL,
  `Concert_ShowTime_ID` int(10) NOT NULL
) ENGINE=InnoDB DEFAULT CHARSET=utf8;

--
-- Dumping data for table `zone`
--

INSERT INTO `zone` (`Zone_ID`, `Zone_Name`, `Zone_Type`, `Zone_Price`, `Zone_Capacity`, `Concert_ShowTime_ID`) VALUES
(4, 'A', 'Standing', 1000, 100, 9),
(5, 'B', 'Seating', 2000, 18, 9),
(6, 'C', 'Seating', 3000, 7, 9),
(7, '', 'Seating', 0, 576, 9),
(8, 'D', 'Seating', 4000, 576, 9),
(9, 'A', 'Seating', 10000, 576, 12),
(10, 'A', 'Seating', 2000, 576, 16),
(11, 'AL', 'Standing', 6000, 100, 29),
(12, 'AR', 'Standing', 6000, 100, 29),
(13, 'BL', 'Seating', 7500, 528, 29),
(14, 'BR', 'Seating', 7500, 528, 29),
(15, 'DD', 'Seating', 6500, 528, 29),
(16, 'EE', 'Seating', 6500, 576, 29),
(17, 'JJ', 'Seating', 6500, 528, 29),
(18, 'II', 'Seating', 6500, 576, 29),
(19, 'AL', 'Standing', 4500, 300, 25),
(20, 'AR', 'Standing', 4500, 300, 25),
(21, 'BL', 'Standing', 4500, 300, 25),
(22, 'BR', 'Standing', 4500, 300, 25),
(23, 'SI', 'Seating', 4500, 576, 25),
(24, 'SH', 'Seating', 4500, 576, 25),
(25, 'SG', 'Seating', 4500, 576, 25),
(26, 'A1', 'Standing', 6000, 80, 24),
(27, 'A2', 'Standing', 6000, 100, 24),
(28, 'A3', 'Standing', 6000, 100, 24),
(29, 'B2', 'Seating', 6000, 576, 24),
(30, 'B3', 'Standing', 6000, 100, 24),
(31, 'B4', 'Standing', 6000, 100, 24),
(32, 'C1', 'Seating', 5000, 576, 24),
(33, 'C2', 'Seating', 5000, 576, 24),
(34, 'C3', 'Seating', 5000, 576, 24);

--
-- Indexes for dumped tables
--

--
-- Indexes for table `admin`
--
ALTER TABLE `admin`
  ADD PRIMARY KEY (`Username`);

--
-- Indexes for table `artist`
--
ALTER TABLE `artist`
  ADD PRIMARY KEY (`Artist_ID`),
  ADD KEY `artist_ibfk_1` (`Record_Label_ID`);

--
-- Indexes for table `booked_seat`
--
ALTER TABLE `booked_seat`
  ADD PRIMARY KEY (`Booked_Seat_ID`),
  ADD KEY `booked_seat_ibfk_2` (`Booking_ID`),
  ADD KEY `booked_seat_ibfk_3` (`Seat_ID`),
  ADD KEY `booked_seat_ibfk_1` (`Concert_ShowTime_ID`);

--
-- Indexes for table `booking`
--
ALTER TABLE `booking`
  ADD PRIMARY KEY (`Booking_ID`),
  ADD KEY `booking_ibfk_1` (`Member_Username`),
  ADD KEY `booking_ibfk_2` (`Concert_ShowTime_ID`),
  ADD KEY `booking_ibfk_3` (`Ticket_Receiving_ID`),
  ADD KEY `booking_ibfk_4` (`Payment_ID`),
  ADD KEY `booking_ibfk_5` (`Promotion_ID`);

--
-- Indexes for table `concert`
--
ALTER TABLE `concert`
  ADD PRIMARY KEY (`Concert_ID`),
  ADD KEY `Venue_ID` (`Venue_ID`);

--
-- Indexes for table `concert_artist`
--
ALTER TABLE `concert_artist`
  ADD PRIMARY KEY (`Concert_Artist_ID`),
  ADD KEY `concert_artist_ibfk_1` (`Artist_ID`),
  ADD KEY `concert_artist_ibfk_2` (`Concert_ID`);

--
-- Indexes for table `concert_showtime`
--
ALTER TABLE `concert_showtime`
  ADD PRIMARY KEY (`Concert_ShowTime_ID`),
  ADD KEY `concert_showtime_ibfk_1` (`Concert_ID`);

--
-- Indexes for table `member`
--
ALTER TABLE `member`
  ADD PRIMARY KEY (`Member_Username`),
  ADD KEY `member_ibfk_1` (`MemberType_ID`);

--
-- Indexes for table `membertype`
--
ALTER TABLE `membertype`
  ADD PRIMARY KEY (`MemberType_ID`);

--
-- Indexes for table `member_promotion`
--
ALTER TABLE `member_promotion`
  ADD PRIMARY KEY (`Member_Promotion_ID`),
  ADD KEY `member_promotion_ibfk_1` (`Promotion_ID`),
  ADD KEY `member_promotion_ibfk_2` (`MemberType_ID`);

--
-- Indexes for table `payment`
--
ALTER TABLE `payment`
  ADD PRIMARY KEY (`Payment_ID`);

--
-- Indexes for table `promotion`
--
ALTER TABLE `promotion`
  ADD PRIMARY KEY (`Promotion_ID`),
  ADD KEY `promotion_ibfk_1` (`Concert_ID`);

--
-- Indexes for table `record_label`
--
ALTER TABLE `record_label`
  ADD PRIMARY KEY (`Record_Label_ID`);

--
-- Indexes for table `seat`
--
ALTER TABLE `seat`
  ADD PRIMARY KEY (`Seat_ID`),
  ADD KEY `seat_ibfk_1` (`Zone_ID`);

--
-- Indexes for table `ticket_receiving`
--
ALTER TABLE `ticket_receiving`
  ADD PRIMARY KEY (`Ticket_Receiving_ID`);

--
-- Indexes for table `venue`
--
ALTER TABLE `venue`
  ADD PRIMARY KEY (`Venue_ID`);

--
-- Indexes for table `zone`
--
ALTER TABLE `zone`
  ADD PRIMARY KEY (`Zone_ID`),
  ADD KEY `zone_ibfk_1` (`Concert_ShowTime_ID`);

--
-- AUTO_INCREMENT for dumped tables
--

--
-- AUTO_INCREMENT for table `artist`
--
ALTER TABLE `artist`
  MODIFY `Artist_ID` int(10) NOT NULL AUTO_INCREMENT, AUTO_INCREMENT=19;

--
-- AUTO_INCREMENT for table `booked_seat`
--
ALTER TABLE `booked_seat`
  MODIFY `Booked_Seat_ID` int(10) NOT NULL AUTO_INCREMENT, AUTO_INCREMENT=210;

--
-- AUTO_INCREMENT for table `booking`
--
ALTER TABLE `booking`
  MODIFY `Booking_ID` int(10) NOT NULL AUTO_INCREMENT, AUTO_INCREMENT=100;

--
-- AUTO_INCREMENT for table `concert`
--
ALTER TABLE `concert`
  MODIFY `Concert_ID` int(10) NOT NULL AUTO_INCREMENT, AUTO_INCREMENT=46;

--
-- AUTO_INCREMENT for table `concert_artist`
--
ALTER TABLE `concert_artist`
  MODIFY `Concert_Artist_ID` int(10) NOT NULL AUTO_INCREMENT, AUTO_INCREMENT=34;

--
-- AUTO_INCREMENT for table `concert_showtime`
--
ALTER TABLE `concert_showtime`
  MODIFY `Concert_ShowTime_ID` int(10) NOT NULL AUTO_INCREMENT, AUTO_INCREMENT=37;

--
-- AUTO_INCREMENT for table `membertype`
--
ALTER TABLE `membertype`
  MODIFY `MemberType_ID` int(10) NOT NULL AUTO_INCREMENT, AUTO_INCREMENT=4;

--
-- AUTO_INCREMENT for table `member_promotion`
--
ALTER TABLE `member_promotion`
  MODIFY `Member_Promotion_ID` int(10) NOT NULL AUTO_INCREMENT, AUTO_INCREMENT=9;

--
-- AUTO_INCREMENT for table `payment`
--
ALTER TABLE `payment`
  MODIFY `Payment_ID` int(10) NOT NULL AUTO_INCREMENT, AUTO_INCREMENT=2;

--
-- AUTO_INCREMENT for table `promotion`
--
ALTER TABLE `promotion`
  MODIFY `Promotion_ID` int(10) NOT NULL AUTO_INCREMENT, AUTO_INCREMENT=14;

--
-- AUTO_INCREMENT for table `record_label`
--
ALTER TABLE `record_label`
  MODIFY `Record_Label_ID` int(10) NOT NULL AUTO_INCREMENT, AUTO_INCREMENT=8;

--
-- AUTO_INCREMENT for table `seat`
--
ALTER TABLE `seat`
  MODIFY `Seat_ID` int(10) NOT NULL AUTO_INCREMENT, AUTO_INCREMENT=12006;

--
-- AUTO_INCREMENT for table `ticket_receiving`
--
ALTER TABLE `ticket_receiving`
  MODIFY `Ticket_Receiving_ID` int(10) NOT NULL AUTO_INCREMENT, AUTO_INCREMENT=2;

--
-- AUTO_INCREMENT for table `venue`
--
ALTER TABLE `venue`
  MODIFY `Venue_ID` int(10) NOT NULL AUTO_INCREMENT, AUTO_INCREMENT=19;

--
-- AUTO_INCREMENT for table `zone`
--
ALTER TABLE `zone`
  MODIFY `Zone_ID` int(10) NOT NULL AUTO_INCREMENT, AUTO_INCREMENT=35;

--
-- Constraints for dumped tables
--

--
-- Constraints for table `artist`
--
ALTER TABLE `artist`
  ADD CONSTRAINT `artist_ibfk_1` FOREIGN KEY (`Record_Label_ID`) REFERENCES `record_label` (`Record_Label_ID`) ON UPDATE CASCADE;

--
-- Constraints for table `booked_seat`
--
ALTER TABLE `booked_seat`
  ADD CONSTRAINT `booked_seat_ibfk_1` FOREIGN KEY (`Concert_ShowTime_ID`) REFERENCES `concert_showtime` (`Concert_ShowTime_ID`) ON UPDATE CASCADE,
  ADD CONSTRAINT `booked_seat_ibfk_2` FOREIGN KEY (`Booking_ID`) REFERENCES `booking` (`Booking_ID`) ON UPDATE CASCADE,
  ADD CONSTRAINT `booked_seat_ibfk_3` FOREIGN KEY (`Seat_ID`) REFERENCES `seat` (`Seat_ID`) ON UPDATE CASCADE;

--
-- Constraints for table `booking`
--
ALTER TABLE `booking`
  ADD CONSTRAINT `booking_ibfk_1` FOREIGN KEY (`Member_Username`) REFERENCES `member` (`Member_Username`) ON UPDATE CASCADE,
  ADD CONSTRAINT `booking_ibfk_2` FOREIGN KEY (`Concert_ShowTime_ID`) REFERENCES `concert_showtime` (`Concert_ShowTime_ID`) ON UPDATE CASCADE,
  ADD CONSTRAINT `booking_ibfk_3` FOREIGN KEY (`Ticket_Receiving_ID`) REFERENCES `ticket_receiving` (`Ticket_Receiving_ID`) ON UPDATE CASCADE,
  ADD CONSTRAINT `booking_ibfk_4` FOREIGN KEY (`Payment_ID`) REFERENCES `payment` (`Payment_ID`) ON UPDATE CASCADE,
  ADD CONSTRAINT `booking_ibfk_5` FOREIGN KEY (`Promotion_ID`) REFERENCES `promotion` (`Promotion_ID`) ON UPDATE CASCADE;

--
-- Constraints for table `concert`
--
ALTER TABLE `concert`
  ADD CONSTRAINT `concert_ibfk_1` FOREIGN KEY (`Venue_ID`) REFERENCES `venue` (`Venue_ID`) ON UPDATE CASCADE;

--
-- Constraints for table `concert_artist`
--
ALTER TABLE `concert_artist`
  ADD CONSTRAINT `concert_artist_ibfk_1` FOREIGN KEY (`Artist_ID`) REFERENCES `artist` (`Artist_ID`) ON UPDATE CASCADE,
  ADD CONSTRAINT `concert_artist_ibfk_2` FOREIGN KEY (`Concert_ID`) REFERENCES `concert` (`Concert_ID`) ON UPDATE CASCADE;

--
-- Constraints for table `concert_showtime`
--
ALTER TABLE `concert_showtime`
  ADD CONSTRAINT `concert_showtime_ibfk_1` FOREIGN KEY (`Concert_ID`) REFERENCES `concert` (`Concert_ID`) ON UPDATE CASCADE;

--
-- Constraints for table `member`
--
ALTER TABLE `member`
  ADD CONSTRAINT `member_ibfk_1` FOREIGN KEY (`MemberType_ID`) REFERENCES `membertype` (`MemberType_ID`) ON UPDATE CASCADE;

--
-- Constraints for table `member_promotion`
--
ALTER TABLE `member_promotion`
  ADD CONSTRAINT `member_promotion_ibfk_1` FOREIGN KEY (`Promotion_ID`) REFERENCES `promotion` (`Promotion_ID`) ON UPDATE CASCADE,
  ADD CONSTRAINT `member_promotion_ibfk_2` FOREIGN KEY (`MemberType_ID`) REFERENCES `membertype` (`MemberType_ID`) ON UPDATE CASCADE;

--
-- Constraints for table `promotion`
--
ALTER TABLE `promotion`
  ADD CONSTRAINT `promotion_ibfk_1` FOREIGN KEY (`Concert_ID`) REFERENCES `concert` (`Concert_ID`) ON DELETE CASCADE ON UPDATE CASCADE;

--
-- Constraints for table `seat`
--
ALTER TABLE `seat`
  ADD CONSTRAINT `seat_ibfk_1` FOREIGN KEY (`Zone_ID`) REFERENCES `zone` (`Zone_ID`) ON DELETE CASCADE ON UPDATE CASCADE;

--
-- Constraints for table `zone`
--
ALTER TABLE `zone`
  ADD CONSTRAINT `zone_ibfk_1` FOREIGN KEY (`Concert_ShowTime_ID`) REFERENCES `concert_showtime` (`Concert_ShowTime_ID`) ON DELETE CASCADE ON UPDATE CASCADE;
COMMIT;

/*!40101 SET CHARACTER_SET_CLIENT=@OLD_CHARACTER_SET_CLIENT */;
/*!40101 SET CHARACTER_SET_RESULTS=@OLD_CHARACTER_SET_RESULTS */;
/*!40101 SET COLLATION_CONNECTION=@OLD_COLLATION_CONNECTION */;
