-- phpMyAdmin SQL Dump
-- version 4.8.5
-- https://www.phpmyadmin.net/
--
-- Host: 127.0.0.1
-- Generation Time: May 29, 2019 at 11:41 AM
-- Server version: 10.1.39-MariaDB
-- PHP Version: 7.3.5

SET SQL_MODE = "NO_AUTO_VALUE_ON_ZERO";
SET AUTOCOMMIT = 0;
START TRANSACTION;
SET time_zone = "+00:00";


/*!40101 SET @OLD_CHARACTER_SET_CLIENT=@@CHARACTER_SET_CLIENT */;
/*!40101 SET @OLD_CHARACTER_SET_RESULTS=@@CHARACTER_SET_RESULTS */;
/*!40101 SET @OLD_COLLATION_CONNECTION=@@COLLATION_CONNECTION */;
/*!40101 SET NAMES utf8mb4 */;

--
-- Database: `concert`
--

-- --------------------------------------------------------

--
-- Table structure for table `admin`
--

CREATE TABLE `admin` (
  `Username` varchar(100) NOT NULL,
  `Password` varchar(100) NOT NULL
) ENGINE=InnoDB DEFAULT CHARSET=utf8;

--
-- Dumping data for table `admin`
--

INSERT INTO `admin` (`Username`, `Password`) VALUES
('pleum', '1234');

-- --------------------------------------------------------

--
-- Table structure for table `artist`
--

CREATE TABLE `artist` (
  `Artist_ID` int(10) NOT NULL,
  `Artist_Name` varchar(64) NOT NULL,
  `Artist_Detail` text NOT NULL,
  `Artist_Image` varchar(10000) NOT NULL,
  `Record_Label_ID` int(10) DEFAULT NULL
) ENGINE=InnoDB DEFAULT CHARSET=utf8;

--
-- Dumping data for table `artist`
--

INSERT INTO `artist` (`Artist_ID`, `Artist_Name`, `Artist_Detail`, `Artist_Image`, `Record_Label_ID`) VALUES
(1, 'Tiger', 'Good Singer', '', NULL),
(2, 'Pongsan', '132', '  ', NULL),
(3, 'EMS', '123', 'https://images.unsplash.com/photo-1556472565-3750fbd10aa2?ixlib=rb-1.2.1&ixid=eyJhcHBfaWQiOjEyMDd9&auto=format&fit=crop&w=966&q=80', NULL);

-- --------------------------------------------------------

--
-- Table structure for table `booked_seat`
--

CREATE TABLE `booked_seat` (
  `Booking_ID` int(10) NOT NULL,
  `Seat_ID` int(10) NOT NULL,
  `Concert_ShowTime_ID` int(10) NOT NULL,
  `Booked_Seat_ID` int(10) NOT NULL
) ENGINE=InnoDB DEFAULT CHARSET=utf8;

--
-- Dumping data for table `booked_seat`
--

INSERT INTO `booked_seat` (`Booking_ID`, `Seat_ID`, `Concert_ShowTime_ID`, `Booked_Seat_ID`) VALUES
(10, 281, 9, 1),
(10, 282, 9, 2),
(11, 283, 9, 3),
(11, 284, 9, 4),
(12, 285, 9, 5),
(13, 286, 9, 6),
(14, 287, 9, 7),
(14, 288, 9, 8),
(10, 179, 9, 15),
(32, 179, 9, 18),
(32, 180, 9, 19),
(50, 181, 9, 20),
(51, 182, 9, 21),
(51, 183, 9, 22),
(51, 184, 9, 23),
(52, 289, 9, 24),
(53, 289, 9, 25),
(53, 290, 9, 26),
(54, 289, 9, 27),
(54, 290, 9, 28),
(55, 291, 9, 29),
(55, 292, 9, 30),
(56, 293, 9, 31),
(57, 294, 9, 32),
(58, 295, 9, 33),
(58, 296, 9, 34),
(59, 185, 9, 35),
(59, 186, 9, 36),
(59, 187, 9, 37),
(60, 188, 9, 38),
(60, 189, 9, 39),
(60, 190, 9, 40),
(60, 191, 9, 41),
(61, 192, 9, 42),
(61, 193, 9, 43),
(62, 194, 9, 44),
(62, 195, 9, 45),
(63, 1453, 9, 46),
(63, 1454, 9, 47),
(63, 1455, 9, 48),
(63, 1456, 9, 49),
(63, 1457, 9, 50),
(64, 1351, 9, 51),
(64, 1352, 9, 52),
(64, 1353, 9, 53),
(64, 1354, 9, 54),
(65, 1355, 9, 55),
(65, 1356, 9, 56),
(65, 1357, 9, 57),
(65, 1358, 9, 58),
(66, 1426, 9, 59),
(66, 1427, 9, 60),
(66, 1428, 9, 61),
(67, 1426, 9, 62),
(67, 1427, 9, 63),
(67, 1428, 9, 64),
(68, 297, 9, 65),
(68, 298, 9, 66),
(71, 196, 9, 67),
(71, 197, 9, 68),
(72, 198, 9, 69),
(72, 199, 9, 70),
(73, 200, 9, 71),
(73, 201, 9, 72),
(73, 202, 9, 73),
(74, 203, 9, 74),
(74, 204, 9, 75),
(75, 205, 9, 76),
(78, 206, 9, 77),
(79, 1548, 12, 78),
(80, 1668, 12, 79),
(81, 1860, 12, 80),
(82, 1329, 9, 81),
(82, 1330, 9, 82),
(82, 1331, 9, 83),
(82, 1332, 9, 84),
(83, 207, 9, 85),
(83, 208, 9, 86),
(84, 2034, 16, 87),
(84, 2035, 16, 88),
(84, 2036, 16, 89),
(84, 2037, 16, 90);

-- --------------------------------------------------------

--
-- Table structure for table `booking`
--

CREATE TABLE `booking` (
  `Booking_ID` int(10) NOT NULL,
  `Member_Username` varchar(64) NOT NULL,
  `Concert_ShowTime_ID` int(10) NOT NULL,
  `Booking_DateTime` datetime NOT NULL,
  `Booking_Quantity` int(4) NOT NULL,
  `Ticket_Receiving_ID` int(10) NOT NULL,
  `Payment_ID` int(10) NOT NULL,
  `Booking_Total_Price` float NOT NULL,
  `Promotion_ID` int(10) DEFAULT NULL
) ENGINE=InnoDB DEFAULT CHARSET=utf8;

--
-- Dumping data for table `booking`
--

INSERT INTO `booking` (`Booking_ID`, `Member_Username`, `Concert_ShowTime_ID`, `Booking_DateTime`, `Booking_Quantity`, `Ticket_Receiving_ID`, `Payment_ID`, `Booking_Total_Price`, `Promotion_ID`) VALUES
(6, 'test', 9, '2019-05-28 18:02:02', 2, 1, 1, 4600, NULL),
(7, 'test', 9, '2019-05-28 18:02:40', 2, 1, 1, 4600, NULL),
(8, 'test', 9, '2019-05-28 18:03:00', 2, 1, 1, 4600, NULL),
(9, 'test', 9, '2019-05-28 18:03:18', 2, 1, 1, 4600, NULL),
(10, 'test', 9, '2019-05-28 18:04:27', 2, 1, 1, 4600, NULL),
(11, 'test', 9, '2019-05-28 18:33:09', 2, 1, 1, 4600, NULL),
(12, 'test', 9, '2019-05-28 18:49:18', 1, 1, 1, 2600, NULL),
(13, 'test', 9, '2019-05-28 19:11:37', 1, 1, 1, 2600, NULL),
(14, 'test', 9, '2019-05-28 19:11:44', 2, 1, 1, 4600, NULL),
(15, 'test', 9, '2019-05-28 19:12:07', 1, 1, 1, 1600, NULL),
(16, 'test', 9, '2019-05-28 19:12:51', 2, 1, 1, 2600, NULL),
(17, 'test', 9, '2019-05-28 19:13:45', 3, 1, 1, 3600, NULL),
(18, 'test', 9, '2019-05-28 19:15:09', 2, 1, 1, 2600, NULL),
(19, 'test', 9, '2019-05-28 19:15:48', 2, 1, 1, 2600, NULL),
(20, 'test', 9, '2019-05-28 19:16:31', 2, 1, 1, 2600, NULL),
(21, 'test', 9, '2019-05-28 19:16:54', 2, 1, 1, 2600, NULL),
(22, 'test', 9, '2019-05-28 19:17:20', 1, 1, 1, 1600, NULL),
(23, 'test', 9, '2019-05-28 19:18:19', 3, 1, 1, 3600, NULL),
(24, 'test', 9, '2019-05-28 19:19:12', 2, 1, 1, 2600, NULL),
(25, 'test', 9, '2019-05-28 19:20:47', 2, 1, 1, 2600, NULL),
(26, 'test', 9, '2019-05-28 19:21:12', 2, 1, 1, 2600, NULL),
(27, 'test', 9, '2019-05-28 19:21:28', 3, 1, 1, 3600, NULL),
(28, 'test', 9, '2019-05-28 19:26:35', 3, 1, 1, 3600, NULL),
(29, 'test', 9, '2019-05-28 19:26:59', 2, 1, 1, 2600, NULL),
(30, 'test', 9, '2019-05-28 19:32:16', 3, 1, 1, 3600, NULL),
(31, 'test', 9, '2019-05-28 19:32:56', 2, 1, 1, 2600, NULL),
(32, 'test', 9, '2019-05-28 19:33:48', 2, 1, 1, 2600, NULL),
(33, 'test', 9, '2019-05-28 19:34:08', 1, 1, 1, 1600, NULL),
(34, 'test', 9, '2019-05-28 19:34:40', 1, 1, 1, 1600, NULL),
(35, 'test', 9, '2019-05-28 19:35:11', 1, 1, 1, 1600, NULL),
(36, 'test', 9, '2019-05-28 19:35:36', 1, 1, 1, 1600, NULL),
(37, 'test', 9, '2019-05-28 19:45:32', 2, 1, 1, 2600, NULL),
(38, 'test', 9, '2019-05-28 19:46:02', 2, 1, 1, 2600, NULL),
(39, 'test', 9, '2019-05-28 19:47:05', 1, 1, 1, 1600, NULL),
(40, 'test', 9, '2019-05-28 19:47:46', 1, 1, 1, 1600, NULL),
(41, 'test', 9, '2019-05-28 19:48:22', 1, 1, 1, 1600, NULL),
(42, 'test', 9, '2019-05-28 19:48:53', 1, 1, 1, 1600, NULL),
(43, 'test', 9, '2019-05-28 19:49:40', 1, 1, 1, 1600, NULL),
(44, 'test', 9, '2019-05-28 19:50:23', 1, 1, 1, 1600, NULL),
(45, 'test', 9, '2019-05-28 19:51:08', 1, 1, 1, 1600, NULL),
(46, 'test', 9, '2019-05-28 19:51:42', 2, 1, 1, 2600, NULL),
(47, 'test', 9, '2019-05-28 19:54:16', 1, 1, 1, 1600, NULL),
(48, 'test', 9, '2019-05-28 19:55:32', 1, 1, 1, 1600, NULL),
(49, 'test', 9, '2019-05-28 19:56:18', 1, 1, 1, 1600, NULL),
(50, 'test', 9, '2019-05-28 19:56:40', 1, 1, 1, 1600, NULL),
(51, 'test', 9, '2019-05-28 19:57:10', 3, 1, 1, 3600, NULL),
(52, 'test', 9, '2019-05-28 20:47:21', 2, 1, 1, 4600, NULL),
(53, 'test', 9, '2019-05-28 20:48:12', 2, 1, 1, 4600, NULL),
(54, 'test', 9, '2019-05-28 20:48:47', 2, 1, 1, 4600, NULL),
(55, 'test', 9, '2019-05-28 20:49:51', 2, 1, 1, 4600, NULL),
(56, 'test', 9, '2019-05-28 21:09:16', 1, 1, 1, 2600, NULL),
(57, 'test', 9, '2019-05-28 21:32:26', 1, 1, 1, 2600, NULL),
(58, 'test', 9, '2019-05-28 22:04:37', 2, 1, 1, 4600, NULL),
(59, 'test', 9, '2019-05-28 22:12:39', 3, 1, 1, 3600, NULL),
(60, 'test', 9, '2019-05-28 22:13:38', 4, 1, 1, 4600, NULL),
(61, 'test', 9, '2019-05-29 00:25:07', 2, 1, 1, 2600, NULL),
(62, 'test', 9, '2019-05-29 00:29:15', 2, 1, 1, 2600, NULL),
(63, 'test', 9, '2019-05-29 02:38:19', 5, 1, 1, 20600, NULL),
(64, 'test', 9, '2019-05-29 05:00:21', 4, 1, 1, 16600, NULL),
(65, 'test', 9, '2019-05-29 13:51:26', 4, 1, 1, 16600, NULL),
(66, 'test', 9, '2019-05-29 13:59:13', 3, 1, 1, 12600, 9),
(67, 'test', 9, '2019-05-29 13:59:23', 3, 1, 1, 12600, 9),
(68, 'test', 9, '2019-05-29 14:00:52', 2, 1, 1, 4600, 9),
(71, 'test', 9, '2019-05-29 14:24:54', 2, 1, 1, 600, 9),
(72, 'test', 9, '2019-05-29 14:26:35', 2, 1, 1, 600, 9),
(73, 'test', 9, '2019-05-29 14:27:52', 3, 1, 1, 600, 9),
(74, 'test', 9, '2019-05-29 14:28:44', 2, 1, 1, 600, 9),
(75, 'test', 9, '2019-05-29 14:31:42', 1, 1, 1, 600, 9),
(78, 'test', 9, '2019-05-29 14:49:52', 1, 1, 1, 600, 9),
(79, 'test', 12, '2019-05-29 14:50:14', 1, 1, 1, 10600, NULL),
(80, 'test', 12, '2019-05-29 14:51:27', 1, 1, 1, 10600, NULL),
(81, 'test', 12, '2019-05-29 14:55:45', 1, 1, 1, 10600, NULL),
(82, 'test', 9, '2019-05-29 14:57:05', 4, 1, 1, 600, 9),
(83, 'Pong', 9, '2019-05-29 15:21:09', 2, 1, 1, 600, 9),
(84, 'Pong', 16, '2019-05-29 16:38:31', 4, 1, 1, 8600, NULL);

-- --------------------------------------------------------

--
-- Table structure for table `concert`
--

CREATE TABLE `concert` (
  `Concert_ID` int(10) NOT NULL,
  `Concert_Name` varchar(128) NOT NULL,
  `Concert_Sales_Date` date NOT NULL,
  `Concert_Sales_Time` time NOT NULL,
  `Concert_Detail` text NOT NULL,
  `Concert_Poster` varchar(1024) NOT NULL,
  `Venue_ID` int(10) NOT NULL
) ENGINE=InnoDB DEFAULT CHARSET=utf8;

--
-- Dumping data for table `concert`
--

INSERT INTO `concert` (`Concert_ID`, `Concert_Name`, `Concert_Sales_Date`, `Concert_Sales_Time`, `Concert_Detail`, `Concert_Poster`, `Venue_ID`) VALUES
(2, 'Tiger World Tour', '2019-05-16', '00:00:00', 'Good Singer', 'https://images.unsplash.com/photo-1558945657-484aa38065ec?ixlib=rb-1.2.1&ixid=eyJhcHBfaWQiOjEyMDd9&auto=format&fit=crop&w=333&q=80', 2),
(3, 'EMS', '0000-00-00', '00:00:00', 'Promoted', '', 2),
(4, 'Ponglnwz007', '0000-00-00', '00:00:00', 'Crazy', '', 1),
(7, 'Ponglnwz007', '0000-00-00', '00:00:00', 'asdasda', '', 1),
(9, 'A', '2019-04-05', '12:00:00', 'qwertt', '', 1),
(10, 'Comcamp30', '0000-00-00', '12:00:00', 'sadd', '', 1),
(11, 'Comcamp', '2019-02-06', '20:59:00', '213', '', 1),
(12, 'Comcamp30', '2019-05-31', '22:31:00', 'wqe', '', 1),
(13, 'Test', '2019-05-18', '23:42:00', 'klnkl', '', 2),
(14, 'Soon', '2019-05-31', '00:00:00', 'asdd', '', 2),
(15, 'Sooon', '2019-05-16', '00:00:00', 'sad', 'https://images.unsplash.com/photo-1558975553-43fdcdfb9eab?ixlib=rb-1.2.1&ixid=eyJhcHBfaWQiOjEyMDd9&auto=format&fit=crop&w=267&q=80', 1),
(16, 'Divide World Tour', '2019-05-23', '22:33:00', 'saf', 'https://macaulifestyle.com/wp-content/uploads/2019/01/ed-sheeran-concert-724x1024.jpg', 1);

-- --------------------------------------------------------

--
-- Table structure for table `concert_artist`
--

CREATE TABLE `concert_artist` (
  `Concert_Artist_ID` int(10) NOT NULL,
  `Artist_ID` int(10) NOT NULL,
  `Concert_ID` int(10) NOT NULL
) ENGINE=InnoDB DEFAULT CHARSET=utf8;

--
-- Dumping data for table `concert_artist`
--

INSERT INTO `concert_artist` (`Concert_Artist_ID`, `Artist_ID`, `Concert_ID`) VALUES
(2, 2, 2),
(3, 1, 3),
(4, 1, 9),
(5, 2, 9),
(6, 1, 2),
(7, 2, 2);

-- --------------------------------------------------------

--
-- Table structure for table `concert_showtime`
--

CREATE TABLE `concert_showtime` (
  `Concert_ShowTime_ID` int(10) NOT NULL,
  `Concert_ShowDate` date NOT NULL,
  `Concert_ShowTime` time NOT NULL,
  `Concert_ShowTime_Plan` varchar(1024) NOT NULL,
  `Concert_ID` int(10) NOT NULL
) ENGINE=InnoDB DEFAULT CHARSET=utf8;

--
-- Dumping data for table `concert_showtime`
--

INSERT INTO `concert_showtime` (`Concert_ShowTime_ID`, `Concert_ShowDate`, `Concert_ShowTime`, `Concert_ShowTime_Plan`, `Concert_ID`) VALUES
(9, '2019-11-05', '18:38:00', '', 2),
(10, '2019-05-31', '18:45:00', '23', 2),
(11, '2019-05-08', '18:45:00', '', 10),
(12, '2019-05-31', '23:42:00', '', 13),
(13, '2019-06-28', '18:51:00', '', 13),
(14, '2019-06-27', '23:56:00', '', 14),
(15, '2019-05-31', '00:00:00', '', 15),
(16, '2019-06-06', '20:40:00', 'https://f.ptcdn.info/156/052/000/oscrvan28Fu6lIy2g86-o.gif', 16);

-- --------------------------------------------------------

--
-- Table structure for table `member`
--

CREATE TABLE `member` (
  `Member_Username` varchar(64) NOT NULL,
  `Member_Password` varchar(64) NOT NULL,
  `Member_Name` varchar(64) NOT NULL,
  `Member_Gender` char(1) NOT NULL,
  `Member_DOB` date NOT NULL,
  `Member_EmailAddress` varchar(64) NOT NULL,
  `Member_Address` varchar(256) NOT NULL,
  `Member_PhoneNumber` varchar(15) NOT NULL,
  `MemberType_ID` int(10) NOT NULL
) ENGINE=InnoDB DEFAULT CHARSET=utf8;

--
-- Dumping data for table `member`
--

INSERT INTO `member` (`Member_Username`, `Member_Password`, `Member_Name`, `Member_Gender`, `Member_DOB`, `Member_EmailAddress`, `Member_Address`, `Member_PhoneNumber`, `MemberType_ID`) VALUES
('', '', '', 'f', '2019-05-29', '', '', '', 1),
('60070503411', '21313', 'Comcamp30', 't', '0000-00-00', 'male', 'ascsad', '213123', 1),
('Pong', '1234', 'Comcamp30', 'f', '2019-05-01', '123.123@gmail.com', '123', '123', 1),
('test', 'test', 'test', 'c', '0000-00-00', 'male', 'wqwqr', '123123', 1);

-- --------------------------------------------------------

--
-- Table structure for table `membertype`
--

CREATE TABLE `membertype` (
  `MemberType_ID` int(10) NOT NULL,
  `MemberType_Name` varchar(64) NOT NULL,
  `MemberType_Detail` varchar(256) NOT NULL,
  `MemberType_PercentDiscount` int(3) NOT NULL
) ENGINE=InnoDB DEFAULT CHARSET=utf8;

--
-- Dumping data for table `membertype`
--

INSERT INTO `membertype` (`MemberType_ID`, `MemberType_Name`, `MemberType_Detail`, `MemberType_PercentDiscount`) VALUES
(1, 'Green', 'Demo', 10),
(2, 'Comcamp30', 'jn', 0);

-- --------------------------------------------------------

--
-- Table structure for table `member_promotion`
--

CREATE TABLE `member_promotion` (
  `Member_Promotion_ID` int(10) NOT NULL,
  `Promotion_ID` int(10) NOT NULL,
  `MemberType_ID` int(10) NOT NULL
) ENGINE=InnoDB DEFAULT CHARSET=utf8;

--
-- Dumping data for table `member_promotion`
--

INSERT INTO `member_promotion` (`Member_Promotion_ID`, `Promotion_ID`, `MemberType_ID`) VALUES
(2, 1, 1),
(3, 9, 1);

-- --------------------------------------------------------

--
-- Table structure for table `payment`
--

CREATE TABLE `payment` (
  `Payment_ID` int(10) NOT NULL,
  `Payment_Name` varchar(64) NOT NULL,
  `Payment_Detail` text NOT NULL,
  `Payment_Fee` int(3) NOT NULL
) ENGINE=InnoDB DEFAULT CHARSET=utf8;

--
-- Dumping data for table `payment`
--

INSERT INTO `payment` (`Payment_ID`, `Payment_Name`, `Payment_Detail`, `Payment_Fee`) VALUES
(1, 'Credit Card', '', 500);

-- --------------------------------------------------------

--
-- Table structure for table `promotion`
--

CREATE TABLE `promotion` (
  `Promotion_ID` int(10) NOT NULL,
  `Promotion_Name` varchar(64) NOT NULL,
  `Promotion_Detail` varchar(512) NOT NULL,
  `Promotion_Discount` int(10) NOT NULL,
  `Promotion_Start` date NOT NULL,
  `Promotion_End` date NOT NULL,
  `Promotion_Image` varchar(10000) NOT NULL,
  `Concert_ID` int(10) NOT NULL
) ENGINE=InnoDB DEFAULT CHARSET=utf8;

--
-- Dumping data for table `promotion`
--

INSERT INTO `promotion` (`Promotion_ID`, `Promotion_Name`, `Promotion_Detail`, `Promotion_Discount`, `Promotion_Start`, `Promotion_End`, `Promotion_Image`, `Concert_ID`) VALUES
(9, 'Comcamp30', 'kjl', 100, '2019-05-17', '2019-06-12', 'https://images.unsplash.com/photo-1556472565-3750fbd10aa2?ixlib=rb-1.2.1&ixid=eyJhcHBfaWQiOjEyMDd9&auto=format&fit=crop&w=966&q=80', 2);

-- --------------------------------------------------------

--
-- Table structure for table `record_label`
--

CREATE TABLE `record_label` (
  `Record_Label_ID` int(10) NOT NULL,
  `Record_Label_Name` varchar(64) NOT NULL,
  `Record_Label_Address` text NOT NULL,
  `Record_Label_EmailAddress` varchar(128) NOT NULL,
  `Record_Label_PhoneNumber` varchar(15) NOT NULL,
  `Record_Label_Website` varchar(64) NOT NULL
) ENGINE=InnoDB DEFAULT CHARSET=utf8;

-- --------------------------------------------------------

--
-- Table structure for table `seat`
--

CREATE TABLE `seat` (
  `Seat_ID` int(10) NOT NULL,
  `Seat_Number` varchar(5) NOT NULL,
  `Zone_ID` int(10) NOT NULL
) ENGINE=InnoDB DEFAULT CHARSET=utf8;

--
-- Dumping data for table `seat`
--

INSERT INTO `seat` (`Seat_ID`, `Seat_Number`, `Zone_ID`) VALUES
(179, 'A0', 4),
(180, 'A1', 4),
(181, 'A2', 4),
(182, 'A3', 4),
(183, 'A4', 4),
(184, 'A5', 4),
(185, 'A6', 4),
(186, 'A7', 4),
(187, 'A8', 4),
(188, 'A9', 4),
(189, 'A10', 4),
(190, 'A11', 4),
(191, 'A12', 4),
(192, 'A13', 4),
(193, 'A14', 4),
(194, 'A15', 4),
(195, 'A16', 4),
(196, 'A17', 4),
(197, 'A18', 4),
(198, 'A19', 4),
(199, 'A20', 4),
(200, 'A21', 4),
(201, 'A22', 4),
(202, 'A23', 4),
(203, 'A24', 4),
(204, 'A25', 4),
(205, 'A26', 4),
(206, 'A27', 4),
(207, 'A28', 4),
(208, 'A29', 4),
(209, 'A30', 4),
(210, 'A31', 4),
(211, 'A32', 4),
(212, 'A33', 4),
(213, 'A34', 4),
(214, 'A35', 4),
(215, 'A36', 4),
(216, 'A37', 4),
(217, 'A38', 4),
(218, 'A39', 4),
(219, 'A40', 4),
(220, 'A41', 4),
(221, 'A42', 4),
(222, 'A43', 4),
(223, 'A44', 4),
(224, 'A45', 4),
(225, 'A46', 4),
(226, 'A47', 4),
(227, 'A48', 4),
(228, 'A49', 4),
(229, 'A50', 4),
(230, 'A51', 4),
(231, 'A52', 4),
(232, 'A53', 4),
(233, 'A54', 4),
(234, 'A55', 4),
(235, 'A56', 4),
(236, 'A57', 4),
(237, 'A58', 4),
(238, 'A59', 4),
(239, 'A60', 4),
(240, 'A61', 4),
(241, 'A62', 4),
(242, 'A63', 4),
(243, 'A64', 4),
(244, 'A65', 4),
(245, 'A66', 4),
(246, 'A67', 4),
(247, 'A68', 4),
(248, 'A69', 4),
(249, 'A70', 4),
(250, 'A71', 4),
(251, 'A72', 4),
(252, 'A73', 4),
(253, 'A74', 4),
(254, 'A75', 4),
(255, 'A76', 4),
(256, 'A77', 4),
(257, 'A78', 4),
(258, 'A79', 4),
(259, 'A80', 4),
(260, 'A81', 4),
(261, 'A82', 4),
(262, 'A83', 4),
(263, 'A84', 4),
(264, 'A85', 4),
(265, 'A86', 4),
(266, 'A87', 4),
(267, 'A88', 4),
(268, 'A89', 4),
(269, 'A90', 4),
(270, 'A91', 4),
(271, 'A92', 4),
(272, 'A93', 4),
(273, 'A94', 4),
(274, 'A95', 4),
(275, 'A96', 4),
(276, 'A97', 4),
(277, 'A98', 4),
(278, 'A99', 4),
(281, '19U', 5),
(282, '20U', 5),
(283, '21U', 5),
(284, '22U', 5),
(285, '23U', 5),
(286, '24U', 5),
(287, '19V', 5),
(288, '20V', 5),
(289, '21V', 5),
(290, '22V', 5),
(291, '23V', 5),
(292, '24V', 5),
(293, '19W', 5),
(294, '20W', 5),
(295, '21W', 5),
(296, '22W', 5),
(297, '23W', 5),
(298, '24W', 5),
(299, '18Q', 6),
(300, '19Q', 6),
(301, '20Q', 6),
(302, '21Q', 6),
(303, '22Q', 6),
(304, '23Q', 6),
(305, '24Q', 6),
(306, '1A', 7),
(307, '2A', 7),
(308, '3A', 7),
(309, '4A', 7),
(310, '5A', 7),
(311, '6A', 7),
(312, '7A', 7),
(313, '8A', 7),
(314, '9A', 7),
(315, '10A', 7),
(316, '11A', 7),
(317, '12A', 7),
(318, '13A', 7),
(319, '14A', 7),
(320, '15A', 7),
(321, '16A', 7),
(322, '17A', 7),
(323, '18A', 7),
(324, '19A', 7),
(325, '20A', 7),
(326, '21A', 7),
(327, '22A', 7),
(328, '23A', 7),
(329, '24A', 7),
(330, '1B', 7),
(331, '2B', 7),
(332, '3B', 7),
(333, '4B', 7),
(334, '5B', 7),
(335, '6B', 7),
(336, '7B', 7),
(337, '8B', 7),
(338, '9B', 7),
(339, '10B', 7),
(340, '11B', 7),
(341, '12B', 7),
(342, '13B', 7),
(343, '14B', 7),
(344, '15B', 7),
(345, '16B', 7),
(346, '17B', 7),
(347, '18B', 7),
(348, '19B', 7),
(349, '20B', 7),
(350, '21B', 7),
(351, '22B', 7),
(352, '23B', 7),
(353, '24B', 7),
(354, '1C', 7),
(355, '2C', 7),
(356, '3C', 7),
(357, '4C', 7),
(358, '5C', 7),
(359, '6C', 7),
(360, '7C', 7),
(361, '8C', 7),
(362, '9C', 7),
(363, '10C', 7),
(364, '11C', 7),
(365, '12C', 7),
(366, '13C', 7),
(367, '14C', 7),
(368, '15C', 7),
(369, '16C', 7),
(370, '17C', 7),
(371, '18C', 7),
(372, '19C', 7),
(373, '20C', 7),
(374, '21C', 7),
(375, '22C', 7),
(376, '23C', 7),
(377, '24C', 7),
(378, '1D', 7),
(379, '2D', 7),
(380, '3D', 7),
(381, '4D', 7),
(382, '5D', 7),
(383, '6D', 7),
(384, '7D', 7),
(385, '8D', 7),
(386, '9D', 7),
(387, '10D', 7),
(388, '11D', 7),
(389, '12D', 7),
(390, '13D', 7),
(391, '14D', 7),
(392, '15D', 7),
(393, '16D', 7),
(394, '17D', 7),
(395, '18D', 7),
(396, '19D', 7),
(397, '20D', 7),
(398, '21D', 7),
(399, '22D', 7),
(400, '23D', 7),
(401, '24D', 7),
(402, '1E', 7),
(403, '2E', 7),
(404, '3E', 7),
(405, '4E', 7),
(406, '5E', 7),
(407, '6E', 7),
(408, '7E', 7),
(409, '8E', 7),
(410, '9E', 7),
(411, '10E', 7),
(412, '11E', 7),
(413, '12E', 7),
(414, '13E', 7),
(415, '14E', 7),
(416, '15E', 7),
(417, '16E', 7),
(418, '17E', 7),
(419, '18E', 7),
(420, '19E', 7),
(421, '20E', 7),
(422, '21E', 7),
(423, '22E', 7),
(424, '23E', 7),
(425, '24E', 7),
(426, '1F', 7),
(427, '2F', 7),
(428, '3F', 7),
(429, '4F', 7),
(430, '5F', 7),
(431, '6F', 7),
(432, '7F', 7),
(433, '8F', 7),
(434, '9F', 7),
(435, '10F', 7),
(436, '11F', 7),
(437, '12F', 7),
(438, '13F', 7),
(439, '14F', 7),
(440, '15F', 7),
(441, '16F', 7),
(442, '17F', 7),
(443, '18F', 7),
(444, '19F', 7),
(445, '20F', 7),
(446, '21F', 7),
(447, '22F', 7),
(448, '23F', 7),
(449, '24F', 7),
(450, '1G', 7),
(451, '2G', 7),
(452, '3G', 7),
(453, '4G', 7),
(454, '5G', 7),
(455, '6G', 7),
(456, '7G', 7),
(457, '8G', 7),
(458, '9G', 7),
(459, '10G', 7),
(460, '11G', 7),
(461, '12G', 7),
(462, '13G', 7),
(463, '14G', 7),
(464, '15G', 7),
(465, '16G', 7),
(466, '17G', 7),
(467, '18G', 7),
(468, '19G', 7),
(469, '20G', 7),
(470, '21G', 7),
(471, '22G', 7),
(472, '23G', 7),
(473, '24G', 7),
(474, '1H', 7),
(475, '2H', 7),
(476, '3H', 7),
(477, '4H', 7),
(478, '5H', 7),
(479, '6H', 7),
(480, '7H', 7),
(481, '8H', 7),
(482, '9H', 7),
(483, '10H', 7),
(484, '11H', 7),
(485, '12H', 7),
(486, '13H', 7),
(487, '14H', 7),
(488, '15H', 7),
(489, '16H', 7),
(490, '17H', 7),
(491, '18H', 7),
(492, '19H', 7),
(493, '20H', 7),
(494, '21H', 7),
(495, '22H', 7),
(496, '23H', 7),
(497, '24H', 7),
(498, '1I', 7),
(499, '2I', 7),
(500, '3I', 7),
(501, '4I', 7),
(502, '5I', 7),
(503, '6I', 7),
(504, '7I', 7),
(505, '8I', 7),
(506, '9I', 7),
(507, '10I', 7),
(508, '11I', 7),
(509, '12I', 7),
(510, '13I', 7),
(511, '14I', 7),
(512, '15I', 7),
(513, '16I', 7),
(514, '17I', 7),
(515, '18I', 7),
(516, '19I', 7),
(517, '20I', 7),
(518, '21I', 7),
(519, '22I', 7),
(520, '23I', 7),
(521, '24I', 7),
(522, '1J', 7),
(523, '2J', 7),
(524, '3J', 7),
(525, '4J', 7),
(526, '5J', 7),
(527, '6J', 7),
(528, '7J', 7),
(529, '8J', 7),
(530, '9J', 7),
(531, '10J', 7),
(532, '11J', 7),
(533, '12J', 7),
(534, '13J', 7),
(535, '14J', 7),
(536, '15J', 7),
(537, '16J', 7),
(538, '17J', 7),
(539, '18J', 7),
(540, '19J', 7),
(541, '20J', 7),
(542, '21J', 7),
(543, '22J', 7),
(544, '23J', 7),
(545, '24J', 7),
(546, '1K', 7),
(547, '2K', 7),
(548, '3K', 7),
(549, '4K', 7),
(550, '5K', 7),
(551, '6K', 7),
(552, '7K', 7),
(553, '8K', 7),
(554, '9K', 7),
(555, '10K', 7),
(556, '11K', 7),
(557, '12K', 7),
(558, '13K', 7),
(559, '14K', 7),
(560, '15K', 7),
(561, '16K', 7),
(562, '17K', 7),
(563, '18K', 7),
(564, '19K', 7),
(565, '20K', 7),
(566, '21K', 7),
(567, '22K', 7),
(568, '23K', 7),
(569, '24K', 7),
(570, '1L', 7),
(571, '2L', 7),
(572, '3L', 7),
(573, '4L', 7),
(574, '5L', 7),
(575, '6L', 7),
(576, '7L', 7),
(577, '8L', 7),
(578, '9L', 7),
(579, '10L', 7),
(580, '11L', 7),
(581, '12L', 7),
(582, '13L', 7),
(583, '14L', 7),
(584, '15L', 7),
(585, '16L', 7),
(586, '17L', 7),
(587, '18L', 7),
(588, '19L', 7),
(589, '20L', 7),
(590, '21L', 7),
(591, '22L', 7),
(592, '23L', 7),
(593, '24L', 7),
(594, '1M', 7),
(595, '2M', 7),
(596, '3M', 7),
(597, '4M', 7),
(598, '5M', 7),
(599, '6M', 7),
(600, '7M', 7),
(601, '8M', 7),
(602, '9M', 7),
(603, '10M', 7),
(604, '11M', 7),
(605, '12M', 7),
(606, '13M', 7),
(607, '14M', 7),
(608, '15M', 7),
(609, '16M', 7),
(610, '17M', 7),
(611, '18M', 7),
(612, '19M', 7),
(613, '20M', 7),
(614, '21M', 7),
(615, '22M', 7),
(616, '23M', 7),
(617, '24M', 7),
(618, '1N', 7),
(619, '2N', 7),
(620, '3N', 7),
(621, '4N', 7),
(622, '5N', 7),
(623, '6N', 7),
(624, '7N', 7),
(625, '8N', 7),
(626, '9N', 7),
(627, '10N', 7),
(628, '11N', 7),
(629, '12N', 7),
(630, '13N', 7),
(631, '14N', 7),
(632, '15N', 7),
(633, '16N', 7),
(634, '17N', 7),
(635, '18N', 7),
(636, '19N', 7),
(637, '20N', 7),
(638, '21N', 7),
(639, '22N', 7),
(640, '23N', 7),
(641, '24N', 7),
(642, '1O', 7),
(643, '2O', 7),
(644, '3O', 7),
(645, '4O', 7),
(646, '5O', 7),
(647, '6O', 7),
(648, '7O', 7),
(649, '8O', 7),
(650, '9O', 7),
(651, '10O', 7),
(652, '11O', 7),
(653, '12O', 7),
(654, '13O', 7),
(655, '14O', 7),
(656, '15O', 7),
(657, '16O', 7),
(658, '17O', 7),
(659, '18O', 7),
(660, '19O', 7),
(661, '20O', 7),
(662, '21O', 7),
(663, '22O', 7),
(664, '23O', 7),
(665, '24O', 7),
(666, '1P', 7),
(667, '2P', 7),
(668, '3P', 7),
(669, '4P', 7),
(670, '5P', 7),
(671, '6P', 7),
(672, '7P', 7),
(673, '8P', 7),
(674, '9P', 7),
(675, '10P', 7),
(676, '11P', 7),
(677, '12P', 7),
(678, '13P', 7),
(679, '14P', 7),
(680, '15P', 7),
(681, '16P', 7),
(682, '17P', 7),
(683, '18P', 7),
(684, '19P', 7),
(685, '20P', 7),
(686, '21P', 7),
(687, '22P', 7),
(688, '23P', 7),
(689, '24P', 7),
(690, '1Q', 7),
(691, '2Q', 7),
(692, '3Q', 7),
(693, '4Q', 7),
(694, '5Q', 7),
(695, '6Q', 7),
(696, '7Q', 7),
(697, '8Q', 7),
(698, '9Q', 7),
(699, '10Q', 7),
(700, '11Q', 7),
(701, '12Q', 7),
(702, '13Q', 7),
(703, '14Q', 7),
(704, '15Q', 7),
(705, '16Q', 7),
(706, '17Q', 7),
(707, '18Q', 7),
(708, '19Q', 7),
(709, '20Q', 7),
(710, '21Q', 7),
(711, '22Q', 7),
(712, '23Q', 7),
(713, '24Q', 7),
(714, '1R', 7),
(715, '2R', 7),
(716, '3R', 7),
(717, '4R', 7),
(718, '5R', 7),
(719, '6R', 7),
(720, '7R', 7),
(721, '8R', 7),
(722, '9R', 7),
(723, '10R', 7),
(724, '11R', 7),
(725, '12R', 7),
(726, '13R', 7),
(727, '14R', 7),
(728, '15R', 7),
(729, '16R', 7),
(730, '17R', 7),
(731, '18R', 7),
(732, '19R', 7),
(733, '20R', 7),
(734, '21R', 7),
(735, '22R', 7),
(736, '23R', 7),
(737, '24R', 7),
(738, '1S', 7),
(739, '2S', 7),
(740, '3S', 7),
(741, '4S', 7),
(742, '5S', 7),
(743, '6S', 7),
(744, '7S', 7),
(745, '8S', 7),
(746, '9S', 7),
(747, '10S', 7),
(748, '11S', 7),
(749, '12S', 7),
(750, '13S', 7),
(751, '14S', 7),
(752, '15S', 7),
(753, '16S', 7),
(754, '17S', 7),
(755, '18S', 7),
(756, '19S', 7),
(757, '20S', 7),
(758, '21S', 7),
(759, '22S', 7),
(760, '23S', 7),
(761, '24S', 7),
(762, '1T', 7),
(763, '2T', 7),
(764, '3T', 7),
(765, '4T', 7),
(766, '5T', 7),
(767, '6T', 7),
(768, '7T', 7),
(769, '8T', 7),
(770, '9T', 7),
(771, '10T', 7),
(772, '11T', 7),
(773, '12T', 7),
(774, '13T', 7),
(775, '14T', 7),
(776, '15T', 7),
(777, '16T', 7),
(778, '17T', 7),
(779, '18T', 7),
(780, '19T', 7),
(781, '20T', 7),
(782, '21T', 7),
(783, '22T', 7),
(784, '23T', 7),
(785, '24T', 7),
(786, '1U', 7),
(787, '2U', 7),
(788, '3U', 7),
(789, '4U', 7),
(790, '5U', 7),
(791, '6U', 7),
(792, '7U', 7),
(793, '8U', 7),
(794, '9U', 7),
(795, '10U', 7),
(796, '11U', 7),
(797, '12U', 7),
(798, '13U', 7),
(799, '14U', 7),
(800, '15U', 7),
(801, '16U', 7),
(802, '17U', 7),
(803, '18U', 7),
(804, '19U', 7),
(805, '20U', 7),
(806, '21U', 7),
(807, '22U', 7),
(808, '23U', 7),
(809, '24U', 7),
(810, '1V', 7),
(811, '2V', 7),
(812, '3V', 7),
(813, '4V', 7),
(814, '5V', 7),
(815, '6V', 7),
(816, '7V', 7),
(817, '8V', 7),
(818, '9V', 7),
(819, '10V', 7),
(820, '11V', 7),
(821, '12V', 7),
(822, '13V', 7),
(823, '14V', 7),
(824, '15V', 7),
(825, '16V', 7),
(826, '17V', 7),
(827, '18V', 7),
(828, '19V', 7),
(829, '20V', 7),
(830, '21V', 7),
(831, '22V', 7),
(832, '23V', 7),
(833, '24V', 7),
(834, '1W', 7),
(835, '2W', 7),
(836, '3W', 7),
(837, '4W', 7),
(838, '5W', 7),
(839, '6W', 7),
(840, '7W', 7),
(841, '8W', 7),
(842, '9W', 7),
(843, '10W', 7),
(844, '11W', 7),
(845, '12W', 7),
(846, '13W', 7),
(847, '14W', 7),
(848, '15W', 7),
(849, '16W', 7),
(850, '17W', 7),
(851, '18W', 7),
(852, '19W', 7),
(853, '20W', 7),
(854, '21W', 7),
(855, '22W', 7),
(856, '23W', 7),
(857, '24W', 7),
(858, '1X', 7),
(859, '2X', 7),
(860, '3X', 7),
(861, '4X', 7),
(862, '5X', 7),
(863, '6X', 7),
(864, '7X', 7),
(865, '8X', 7),
(866, '9X', 7),
(867, '10X', 7),
(868, '11X', 7),
(869, '12X', 7),
(870, '13X', 7),
(871, '14X', 7),
(872, '15X', 7),
(873, '16X', 7),
(874, '17X', 7),
(875, '18X', 7),
(876, '19X', 7),
(877, '20X', 7),
(878, '21X', 7),
(879, '22X', 7),
(880, '23X', 7),
(881, '24X', 7),
(882, '1A', 8),
(883, '2A', 8),
(884, '3A', 8),
(885, '4A', 8),
(886, '5A', 8),
(887, '6A', 8),
(888, '7A', 8),
(889, '8A', 8),
(890, '9A', 8),
(891, '10A', 8),
(892, '11A', 8),
(893, '12A', 8),
(894, '13A', 8),
(895, '14A', 8),
(896, '15A', 8),
(897, '16A', 8),
(898, '17A', 8),
(899, '18A', 8),
(900, '19A', 8),
(901, '20A', 8),
(902, '21A', 8),
(903, '22A', 8),
(904, '23A', 8),
(905, '24A', 8),
(906, '1B', 8),
(907, '2B', 8),
(908, '3B', 8),
(909, '4B', 8),
(910, '5B', 8),
(911, '6B', 8),
(912, '7B', 8),
(913, '8B', 8),
(914, '9B', 8),
(915, '10B', 8),
(916, '11B', 8),
(917, '12B', 8),
(918, '13B', 8),
(919, '14B', 8),
(920, '15B', 8),
(921, '16B', 8),
(922, '17B', 8),
(923, '18B', 8),
(924, '19B', 8),
(925, '20B', 8),
(926, '21B', 8),
(927, '22B', 8),
(928, '23B', 8),
(929, '24B', 8),
(930, '1C', 8),
(931, '2C', 8),
(932, '3C', 8),
(933, '4C', 8),
(934, '5C', 8),
(935, '6C', 8),
(936, '7C', 8),
(937, '8C', 8),
(938, '9C', 8),
(939, '10C', 8),
(940, '11C', 8),
(941, '12C', 8),
(942, '13C', 8),
(943, '14C', 8),
(944, '15C', 8),
(945, '16C', 8),
(946, '17C', 8),
(947, '18C', 8),
(948, '19C', 8),
(949, '20C', 8),
(950, '21C', 8),
(951, '22C', 8),
(952, '23C', 8),
(953, '24C', 8),
(954, '1D', 8),
(955, '2D', 8),
(956, '3D', 8),
(957, '4D', 8),
(958, '5D', 8),
(959, '6D', 8),
(960, '7D', 8),
(961, '8D', 8),
(962, '9D', 8),
(963, '10D', 8),
(964, '11D', 8),
(965, '12D', 8),
(966, '13D', 8),
(967, '14D', 8),
(968, '15D', 8),
(969, '16D', 8),
(970, '17D', 8),
(971, '18D', 8),
(972, '19D', 8),
(973, '20D', 8),
(974, '21D', 8),
(975, '22D', 8),
(976, '23D', 8),
(977, '24D', 8),
(978, '1E', 8),
(979, '2E', 8),
(980, '3E', 8),
(981, '4E', 8),
(982, '5E', 8),
(983, '6E', 8),
(984, '7E', 8),
(985, '8E', 8),
(986, '9E', 8),
(987, '10E', 8),
(988, '11E', 8),
(989, '12E', 8),
(990, '13E', 8),
(991, '14E', 8),
(992, '15E', 8),
(993, '16E', 8),
(994, '17E', 8),
(995, '18E', 8),
(996, '19E', 8),
(997, '20E', 8),
(998, '21E', 8),
(999, '22E', 8),
(1000, '23E', 8),
(1001, '24E', 8),
(1002, '1F', 8),
(1003, '2F', 8),
(1004, '3F', 8),
(1005, '4F', 8),
(1006, '5F', 8),
(1007, '6F', 8),
(1008, '7F', 8),
(1009, '8F', 8),
(1010, '9F', 8),
(1011, '10F', 8),
(1012, '11F', 8),
(1013, '12F', 8),
(1014, '13F', 8),
(1015, '14F', 8),
(1016, '15F', 8),
(1017, '16F', 8),
(1018, '17F', 8),
(1019, '18F', 8),
(1020, '19F', 8),
(1021, '20F', 8),
(1022, '21F', 8),
(1023, '22F', 8),
(1024, '23F', 8),
(1025, '24F', 8),
(1026, '1G', 8),
(1027, '2G', 8),
(1028, '3G', 8),
(1029, '4G', 8),
(1030, '5G', 8),
(1031, '6G', 8),
(1032, '7G', 8),
(1033, '8G', 8),
(1034, '9G', 8),
(1035, '10G', 8),
(1036, '11G', 8),
(1037, '12G', 8),
(1038, '13G', 8),
(1039, '14G', 8),
(1040, '15G', 8),
(1041, '16G', 8),
(1042, '17G', 8),
(1043, '18G', 8),
(1044, '19G', 8),
(1045, '20G', 8),
(1046, '21G', 8),
(1047, '22G', 8),
(1048, '23G', 8),
(1049, '24G', 8),
(1050, '1H', 8),
(1051, '2H', 8),
(1052, '3H', 8),
(1053, '4H', 8),
(1054, '5H', 8),
(1055, '6H', 8),
(1056, '7H', 8),
(1057, '8H', 8),
(1058, '9H', 8),
(1059, '10H', 8),
(1060, '11H', 8),
(1061, '12H', 8),
(1062, '13H', 8),
(1063, '14H', 8),
(1064, '15H', 8),
(1065, '16H', 8),
(1066, '17H', 8),
(1067, '18H', 8),
(1068, '19H', 8),
(1069, '20H', 8),
(1070, '21H', 8),
(1071, '22H', 8),
(1072, '23H', 8),
(1073, '24H', 8),
(1074, '1I', 8),
(1075, '2I', 8),
(1076, '3I', 8),
(1077, '4I', 8),
(1078, '5I', 8),
(1079, '6I', 8),
(1080, '7I', 8),
(1081, '8I', 8),
(1082, '9I', 8),
(1083, '10I', 8),
(1084, '11I', 8),
(1085, '12I', 8),
(1086, '13I', 8),
(1087, '14I', 8),
(1088, '15I', 8),
(1089, '16I', 8),
(1090, '17I', 8),
(1091, '18I', 8),
(1092, '19I', 8),
(1093, '20I', 8),
(1094, '21I', 8),
(1095, '22I', 8),
(1096, '23I', 8),
(1097, '24I', 8),
(1098, '1J', 8),
(1099, '2J', 8),
(1100, '3J', 8),
(1101, '4J', 8),
(1102, '5J', 8),
(1103, '6J', 8),
(1104, '7J', 8),
(1105, '8J', 8),
(1106, '9J', 8),
(1107, '10J', 8),
(1108, '11J', 8),
(1109, '12J', 8),
(1110, '13J', 8),
(1111, '14J', 8),
(1112, '15J', 8),
(1113, '16J', 8),
(1114, '17J', 8),
(1115, '18J', 8),
(1116, '19J', 8),
(1117, '20J', 8),
(1118, '21J', 8),
(1119, '22J', 8),
(1120, '23J', 8),
(1121, '24J', 8),
(1122, '1K', 8),
(1123, '2K', 8),
(1124, '3K', 8),
(1125, '4K', 8),
(1126, '5K', 8),
(1127, '6K', 8),
(1128, '7K', 8),
(1129, '8K', 8),
(1130, '9K', 8),
(1131, '10K', 8),
(1132, '11K', 8),
(1133, '12K', 8),
(1134, '13K', 8),
(1135, '14K', 8),
(1136, '15K', 8),
(1137, '16K', 8),
(1138, '17K', 8),
(1139, '18K', 8),
(1140, '19K', 8),
(1141, '20K', 8),
(1142, '21K', 8),
(1143, '22K', 8),
(1144, '23K', 8),
(1145, '24K', 8),
(1146, '1L', 8),
(1147, '2L', 8),
(1148, '3L', 8),
(1149, '4L', 8),
(1150, '5L', 8),
(1151, '6L', 8),
(1152, '7L', 8),
(1153, '8L', 8),
(1154, '9L', 8),
(1155, '10L', 8),
(1156, '11L', 8),
(1157, '12L', 8),
(1158, '13L', 8),
(1159, '14L', 8),
(1160, '15L', 8),
(1161, '16L', 8),
(1162, '17L', 8),
(1163, '18L', 8),
(1164, '19L', 8),
(1165, '20L', 8),
(1166, '21L', 8),
(1167, '22L', 8),
(1168, '23L', 8),
(1169, '24L', 8),
(1170, '1M', 8),
(1171, '2M', 8),
(1172, '3M', 8),
(1173, '4M', 8),
(1174, '5M', 8),
(1175, '6M', 8),
(1176, '7M', 8),
(1177, '8M', 8),
(1178, '9M', 8),
(1179, '10M', 8),
(1180, '11M', 8),
(1181, '12M', 8),
(1182, '13M', 8),
(1183, '14M', 8),
(1184, '15M', 8),
(1185, '16M', 8),
(1186, '17M', 8),
(1187, '18M', 8),
(1188, '19M', 8),
(1189, '20M', 8),
(1190, '21M', 8),
(1191, '22M', 8),
(1192, '23M', 8),
(1193, '24M', 8),
(1194, '1N', 8),
(1195, '2N', 8),
(1196, '3N', 8),
(1197, '4N', 8),
(1198, '5N', 8),
(1199, '6N', 8),
(1200, '7N', 8),
(1201, '8N', 8),
(1202, '9N', 8),
(1203, '10N', 8),
(1204, '11N', 8),
(1205, '12N', 8),
(1206, '13N', 8),
(1207, '14N', 8),
(1208, '15N', 8),
(1209, '16N', 8),
(1210, '17N', 8),
(1211, '18N', 8),
(1212, '19N', 8),
(1213, '20N', 8),
(1214, '21N', 8),
(1215, '22N', 8),
(1216, '23N', 8),
(1217, '24N', 8),
(1218, '1O', 8),
(1219, '2O', 8),
(1220, '3O', 8),
(1221, '4O', 8),
(1222, '5O', 8),
(1223, '6O', 8),
(1224, '7O', 8),
(1225, '8O', 8),
(1226, '9O', 8),
(1227, '10O', 8),
(1228, '11O', 8),
(1229, '12O', 8),
(1230, '13O', 8),
(1231, '14O', 8),
(1232, '15O', 8),
(1233, '16O', 8),
(1234, '17O', 8),
(1235, '18O', 8),
(1236, '19O', 8),
(1237, '20O', 8),
(1238, '21O', 8),
(1239, '22O', 8),
(1240, '23O', 8),
(1241, '24O', 8),
(1242, '1P', 8),
(1243, '2P', 8),
(1244, '3P', 8),
(1245, '4P', 8),
(1246, '5P', 8),
(1247, '6P', 8),
(1248, '7P', 8),
(1249, '8P', 8),
(1250, '9P', 8),
(1251, '10P', 8),
(1252, '11P', 8),
(1253, '12P', 8),
(1254, '13P', 8),
(1255, '14P', 8),
(1256, '15P', 8),
(1257, '16P', 8),
(1258, '17P', 8),
(1259, '18P', 8),
(1260, '19P', 8),
(1261, '20P', 8),
(1262, '21P', 8),
(1263, '22P', 8),
(1264, '23P', 8),
(1265, '24P', 8),
(1266, '1Q', 8),
(1267, '2Q', 8),
(1268, '3Q', 8),
(1269, '4Q', 8),
(1270, '5Q', 8),
(1271, '6Q', 8),
(1272, '7Q', 8),
(1273, '8Q', 8),
(1274, '9Q', 8),
(1275, '10Q', 8),
(1276, '11Q', 8),
(1277, '12Q', 8),
(1278, '13Q', 8),
(1279, '14Q', 8),
(1280, '15Q', 8),
(1281, '16Q', 8),
(1282, '17Q', 8),
(1283, '18Q', 8),
(1284, '19Q', 8),
(1285, '20Q', 8),
(1286, '21Q', 8),
(1287, '22Q', 8),
(1288, '23Q', 8),
(1289, '24Q', 8),
(1290, '1R', 8),
(1291, '2R', 8),
(1292, '3R', 8),
(1293, '4R', 8),
(1294, '5R', 8),
(1295, '6R', 8),
(1296, '7R', 8),
(1297, '8R', 8),
(1298, '9R', 8),
(1299, '10R', 8),
(1300, '11R', 8),
(1301, '12R', 8),
(1302, '13R', 8),
(1303, '14R', 8),
(1304, '15R', 8),
(1305, '16R', 8),
(1306, '17R', 8),
(1307, '18R', 8),
(1308, '19R', 8),
(1309, '20R', 8),
(1310, '21R', 8),
(1311, '22R', 8),
(1312, '23R', 8),
(1313, '24R', 8),
(1314, '1S', 8),
(1315, '2S', 8),
(1316, '3S', 8),
(1317, '4S', 8),
(1318, '5S', 8),
(1319, '6S', 8),
(1320, '7S', 8),
(1321, '8S', 8),
(1322, '9S', 8),
(1323, '10S', 8),
(1324, '11S', 8),
(1325, '12S', 8),
(1326, '13S', 8),
(1327, '14S', 8),
(1328, '15S', 8),
(1329, '16S', 8),
(1330, '17S', 8),
(1331, '18S', 8),
(1332, '19S', 8),
(1333, '20S', 8),
(1334, '21S', 8),
(1335, '22S', 8),
(1336, '23S', 8),
(1337, '24S', 8),
(1338, '1T', 8),
(1339, '2T', 8),
(1340, '3T', 8),
(1341, '4T', 8),
(1342, '5T', 8),
(1343, '6T', 8),
(1344, '7T', 8),
(1345, '8T', 8),
(1346, '9T', 8),
(1347, '10T', 8),
(1348, '11T', 8),
(1349, '12T', 8),
(1350, '13T', 8),
(1351, '14T', 8),
(1352, '15T', 8),
(1353, '16T', 8),
(1354, '17T', 8),
(1355, '18T', 8),
(1356, '19T', 8),
(1357, '20T', 8),
(1358, '21T', 8),
(1359, '22T', 8),
(1360, '23T', 8),
(1361, '24T', 8),
(1362, '1U', 8),
(1363, '2U', 8),
(1364, '3U', 8),
(1365, '4U', 8),
(1366, '5U', 8),
(1367, '6U', 8),
(1368, '7U', 8),
(1369, '8U', 8),
(1370, '9U', 8),
(1371, '10U', 8),
(1372, '11U', 8),
(1373, '12U', 8),
(1374, '13U', 8),
(1375, '14U', 8),
(1376, '15U', 8),
(1377, '16U', 8),
(1378, '17U', 8),
(1379, '18U', 8),
(1380, '19U', 8),
(1381, '20U', 8),
(1382, '21U', 8),
(1383, '22U', 8),
(1384, '23U', 8),
(1385, '24U', 8),
(1386, '1V', 8),
(1387, '2V', 8),
(1388, '3V', 8),
(1389, '4V', 8),
(1390, '5V', 8),
(1391, '6V', 8),
(1392, '7V', 8),
(1393, '8V', 8),
(1394, '9V', 8),
(1395, '10V', 8),
(1396, '11V', 8),
(1397, '12V', 8),
(1398, '13V', 8),
(1399, '14V', 8),
(1400, '15V', 8),
(1401, '16V', 8),
(1402, '17V', 8),
(1403, '18V', 8),
(1404, '19V', 8),
(1405, '20V', 8),
(1406, '21V', 8),
(1407, '22V', 8),
(1408, '23V', 8),
(1409, '24V', 8),
(1410, '1W', 8),
(1411, '2W', 8),
(1412, '3W', 8),
(1413, '4W', 8),
(1414, '5W', 8),
(1415, '6W', 8),
(1416, '7W', 8),
(1417, '8W', 8),
(1418, '9W', 8),
(1419, '10W', 8),
(1420, '11W', 8),
(1421, '12W', 8),
(1422, '13W', 8),
(1423, '14W', 8),
(1424, '15W', 8),
(1425, '16W', 8),
(1426, '17W', 8),
(1427, '18W', 8),
(1428, '19W', 8),
(1429, '20W', 8),
(1430, '21W', 8),
(1431, '22W', 8),
(1432, '23W', 8),
(1433, '24W', 8),
(1434, '1X', 8),
(1435, '2X', 8),
(1436, '3X', 8),
(1437, '4X', 8),
(1438, '5X', 8),
(1439, '6X', 8),
(1440, '7X', 8),
(1441, '8X', 8),
(1442, '9X', 8),
(1443, '10X', 8),
(1444, '11X', 8),
(1445, '12X', 8),
(1446, '13X', 8),
(1447, '14X', 8),
(1448, '15X', 8),
(1449, '16X', 8),
(1450, '17X', 8),
(1451, '18X', 8),
(1452, '19X', 8),
(1453, '20X', 8),
(1454, '21X', 8),
(1455, '22X', 8),
(1456, '23X', 8),
(1457, '24X', 8),
(1458, '1A', 9),
(1459, '2A', 9),
(1460, '3A', 9),
(1461, '4A', 9),
(1462, '5A', 9),
(1463, '6A', 9),
(1464, '7A', 9),
(1465, '8A', 9),
(1466, '9A', 9),
(1467, '10A', 9),
(1468, '11A', 9),
(1469, '12A', 9),
(1470, '13A', 9),
(1471, '14A', 9),
(1472, '15A', 9),
(1473, '16A', 9),
(1474, '17A', 9),
(1475, '18A', 9),
(1476, '19A', 9),
(1477, '20A', 9),
(1478, '21A', 9),
(1479, '22A', 9),
(1480, '23A', 9),
(1481, '24A', 9),
(1482, '1B', 9),
(1483, '2B', 9),
(1484, '3B', 9),
(1485, '4B', 9),
(1486, '5B', 9),
(1487, '6B', 9),
(1488, '7B', 9),
(1489, '8B', 9),
(1490, '9B', 9),
(1491, '10B', 9),
(1492, '11B', 9),
(1493, '12B', 9),
(1494, '13B', 9),
(1495, '14B', 9),
(1496, '15B', 9),
(1497, '16B', 9),
(1498, '17B', 9),
(1499, '18B', 9),
(1500, '19B', 9),
(1501, '20B', 9),
(1502, '21B', 9),
(1503, '22B', 9),
(1504, '23B', 9),
(1505, '24B', 9),
(1506, '1C', 9),
(1507, '2C', 9),
(1508, '3C', 9),
(1509, '4C', 9),
(1510, '5C', 9),
(1511, '6C', 9),
(1512, '7C', 9),
(1513, '8C', 9),
(1514, '9C', 9),
(1515, '10C', 9),
(1516, '11C', 9),
(1517, '12C', 9),
(1518, '13C', 9),
(1519, '14C', 9),
(1520, '15C', 9),
(1521, '16C', 9),
(1522, '17C', 9),
(1523, '18C', 9),
(1524, '19C', 9),
(1525, '20C', 9),
(1526, '21C', 9),
(1527, '22C', 9),
(1528, '23C', 9),
(1529, '24C', 9),
(1530, '1D', 9),
(1531, '2D', 9),
(1532, '3D', 9),
(1533, '4D', 9),
(1534, '5D', 9),
(1535, '6D', 9),
(1536, '7D', 9),
(1537, '8D', 9),
(1538, '9D', 9),
(1539, '10D', 9),
(1540, '11D', 9),
(1541, '12D', 9),
(1542, '13D', 9),
(1543, '14D', 9),
(1544, '15D', 9),
(1545, '16D', 9),
(1546, '17D', 9),
(1547, '18D', 9),
(1548, '19D', 9),
(1549, '20D', 9),
(1550, '21D', 9),
(1551, '22D', 9),
(1552, '23D', 9),
(1553, '24D', 9),
(1554, '1E', 9),
(1555, '2E', 9),
(1556, '3E', 9),
(1557, '4E', 9),
(1558, '5E', 9),
(1559, '6E', 9),
(1560, '7E', 9),
(1561, '8E', 9),
(1562, '9E', 9),
(1563, '10E', 9),
(1564, '11E', 9),
(1565, '12E', 9),
(1566, '13E', 9),
(1567, '14E', 9),
(1568, '15E', 9),
(1569, '16E', 9),
(1570, '17E', 9),
(1571, '18E', 9),
(1572, '19E', 9),
(1573, '20E', 9),
(1574, '21E', 9),
(1575, '22E', 9),
(1576, '23E', 9),
(1577, '24E', 9),
(1578, '1F', 9),
(1579, '2F', 9),
(1580, '3F', 9),
(1581, '4F', 9),
(1582, '5F', 9),
(1583, '6F', 9),
(1584, '7F', 9),
(1585, '8F', 9),
(1586, '9F', 9),
(1587, '10F', 9),
(1588, '11F', 9),
(1589, '12F', 9),
(1590, '13F', 9),
(1591, '14F', 9),
(1592, '15F', 9),
(1593, '16F', 9),
(1594, '17F', 9),
(1595, '18F', 9),
(1596, '19F', 9),
(1597, '20F', 9),
(1598, '21F', 9),
(1599, '22F', 9),
(1600, '23F', 9),
(1601, '24F', 9),
(1602, '1G', 9),
(1603, '2G', 9),
(1604, '3G', 9),
(1605, '4G', 9),
(1606, '5G', 9),
(1607, '6G', 9),
(1608, '7G', 9),
(1609, '8G', 9),
(1610, '9G', 9),
(1611, '10G', 9),
(1612, '11G', 9),
(1613, '12G', 9),
(1614, '13G', 9),
(1615, '14G', 9),
(1616, '15G', 9),
(1617, '16G', 9),
(1618, '17G', 9),
(1619, '18G', 9),
(1620, '19G', 9),
(1621, '20G', 9),
(1622, '21G', 9),
(1623, '22G', 9),
(1624, '23G', 9),
(1625, '24G', 9),
(1626, '1H', 9),
(1627, '2H', 9),
(1628, '3H', 9),
(1629, '4H', 9),
(1630, '5H', 9),
(1631, '6H', 9),
(1632, '7H', 9),
(1633, '8H', 9),
(1634, '9H', 9),
(1635, '10H', 9),
(1636, '11H', 9),
(1637, '12H', 9),
(1638, '13H', 9),
(1639, '14H', 9),
(1640, '15H', 9),
(1641, '16H', 9),
(1642, '17H', 9),
(1643, '18H', 9),
(1644, '19H', 9),
(1645, '20H', 9),
(1646, '21H', 9),
(1647, '22H', 9),
(1648, '23H', 9),
(1649, '24H', 9),
(1650, '1I', 9),
(1651, '2I', 9),
(1652, '3I', 9),
(1653, '4I', 9),
(1654, '5I', 9),
(1655, '6I', 9),
(1656, '7I', 9),
(1657, '8I', 9),
(1658, '9I', 9),
(1659, '10I', 9),
(1660, '11I', 9),
(1661, '12I', 9),
(1662, '13I', 9),
(1663, '14I', 9),
(1664, '15I', 9),
(1665, '16I', 9),
(1666, '17I', 9),
(1667, '18I', 9),
(1668, '19I', 9),
(1669, '20I', 9),
(1670, '21I', 9),
(1671, '22I', 9),
(1672, '23I', 9),
(1673, '24I', 9),
(1674, '1J', 9),
(1675, '2J', 9),
(1676, '3J', 9),
(1677, '4J', 9),
(1678, '5J', 9),
(1679, '6J', 9),
(1680, '7J', 9),
(1681, '8J', 9),
(1682, '9J', 9),
(1683, '10J', 9),
(1684, '11J', 9),
(1685, '12J', 9),
(1686, '13J', 9),
(1687, '14J', 9),
(1688, '15J', 9),
(1689, '16J', 9),
(1690, '17J', 9),
(1691, '18J', 9),
(1692, '19J', 9),
(1693, '20J', 9),
(1694, '21J', 9),
(1695, '22J', 9),
(1696, '23J', 9),
(1697, '24J', 9),
(1698, '1K', 9),
(1699, '2K', 9),
(1700, '3K', 9),
(1701, '4K', 9),
(1702, '5K', 9),
(1703, '6K', 9),
(1704, '7K', 9),
(1705, '8K', 9),
(1706, '9K', 9),
(1707, '10K', 9),
(1708, '11K', 9),
(1709, '12K', 9),
(1710, '13K', 9),
(1711, '14K', 9),
(1712, '15K', 9),
(1713, '16K', 9),
(1714, '17K', 9),
(1715, '18K', 9),
(1716, '19K', 9),
(1717, '20K', 9),
(1718, '21K', 9),
(1719, '22K', 9),
(1720, '23K', 9),
(1721, '24K', 9),
(1722, '1L', 9),
(1723, '2L', 9),
(1724, '3L', 9),
(1725, '4L', 9),
(1726, '5L', 9),
(1727, '6L', 9),
(1728, '7L', 9),
(1729, '8L', 9),
(1730, '9L', 9),
(1731, '10L', 9),
(1732, '11L', 9),
(1733, '12L', 9),
(1734, '13L', 9),
(1735, '14L', 9),
(1736, '15L', 9),
(1737, '16L', 9),
(1738, '17L', 9),
(1739, '18L', 9),
(1740, '19L', 9),
(1741, '20L', 9),
(1742, '21L', 9),
(1743, '22L', 9),
(1744, '23L', 9),
(1745, '24L', 9),
(1746, '1M', 9),
(1747, '2M', 9),
(1748, '3M', 9),
(1749, '4M', 9),
(1750, '5M', 9),
(1751, '6M', 9),
(1752, '7M', 9),
(1753, '8M', 9),
(1754, '9M', 9),
(1755, '10M', 9),
(1756, '11M', 9),
(1757, '12M', 9),
(1758, '13M', 9),
(1759, '14M', 9),
(1760, '15M', 9),
(1761, '16M', 9),
(1762, '17M', 9),
(1763, '18M', 9),
(1764, '19M', 9),
(1765, '20M', 9),
(1766, '21M', 9),
(1767, '22M', 9),
(1768, '23M', 9),
(1769, '24M', 9),
(1770, '1N', 9),
(1771, '2N', 9),
(1772, '3N', 9),
(1773, '4N', 9),
(1774, '5N', 9),
(1775, '6N', 9),
(1776, '7N', 9),
(1777, '8N', 9),
(1778, '9N', 9),
(1779, '10N', 9),
(1780, '11N', 9),
(1781, '12N', 9),
(1782, '13N', 9),
(1783, '14N', 9),
(1784, '15N', 9),
(1785, '16N', 9),
(1786, '17N', 9),
(1787, '18N', 9),
(1788, '19N', 9),
(1789, '20N', 9),
(1790, '21N', 9),
(1791, '22N', 9),
(1792, '23N', 9),
(1793, '24N', 9),
(1794, '1O', 9),
(1795, '2O', 9),
(1796, '3O', 9),
(1797, '4O', 9),
(1798, '5O', 9),
(1799, '6O', 9),
(1800, '7O', 9),
(1801, '8O', 9),
(1802, '9O', 9),
(1803, '10O', 9),
(1804, '11O', 9),
(1805, '12O', 9),
(1806, '13O', 9),
(1807, '14O', 9),
(1808, '15O', 9),
(1809, '16O', 9),
(1810, '17O', 9),
(1811, '18O', 9),
(1812, '19O', 9),
(1813, '20O', 9),
(1814, '21O', 9),
(1815, '22O', 9),
(1816, '23O', 9),
(1817, '24O', 9),
(1818, '1P', 9),
(1819, '2P', 9),
(1820, '3P', 9),
(1821, '4P', 9),
(1822, '5P', 9),
(1823, '6P', 9),
(1824, '7P', 9),
(1825, '8P', 9),
(1826, '9P', 9),
(1827, '10P', 9),
(1828, '11P', 9),
(1829, '12P', 9),
(1830, '13P', 9),
(1831, '14P', 9),
(1832, '15P', 9),
(1833, '16P', 9),
(1834, '17P', 9),
(1835, '18P', 9),
(1836, '19P', 9),
(1837, '20P', 9),
(1838, '21P', 9),
(1839, '22P', 9),
(1840, '23P', 9),
(1841, '24P', 9),
(1842, '1Q', 9),
(1843, '2Q', 9),
(1844, '3Q', 9),
(1845, '4Q', 9),
(1846, '5Q', 9),
(1847, '6Q', 9),
(1848, '7Q', 9),
(1849, '8Q', 9),
(1850, '9Q', 9),
(1851, '10Q', 9),
(1852, '11Q', 9),
(1853, '12Q', 9),
(1854, '13Q', 9),
(1855, '14Q', 9),
(1856, '15Q', 9),
(1857, '16Q', 9),
(1858, '17Q', 9),
(1859, '18Q', 9),
(1860, '19Q', 9),
(1861, '20Q', 9),
(1862, '21Q', 9),
(1863, '22Q', 9),
(1864, '23Q', 9),
(1865, '24Q', 9),
(1866, '1R', 9),
(1867, '2R', 9),
(1868, '3R', 9),
(1869, '4R', 9),
(1870, '5R', 9),
(1871, '6R', 9),
(1872, '7R', 9),
(1873, '8R', 9),
(1874, '9R', 9),
(1875, '10R', 9),
(1876, '11R', 9),
(1877, '12R', 9),
(1878, '13R', 9),
(1879, '14R', 9),
(1880, '15R', 9),
(1881, '16R', 9),
(1882, '17R', 9),
(1883, '18R', 9),
(1884, '19R', 9),
(1885, '20R', 9),
(1886, '21R', 9),
(1887, '22R', 9),
(1888, '23R', 9),
(1889, '24R', 9),
(1890, '1S', 9),
(1891, '2S', 9),
(1892, '3S', 9),
(1893, '4S', 9),
(1894, '5S', 9),
(1895, '6S', 9),
(1896, '7S', 9),
(1897, '8S', 9),
(1898, '9S', 9),
(1899, '10S', 9),
(1900, '11S', 9),
(1901, '12S', 9),
(1902, '13S', 9),
(1903, '14S', 9),
(1904, '15S', 9),
(1905, '16S', 9),
(1906, '17S', 9),
(1907, '18S', 9),
(1908, '19S', 9),
(1909, '20S', 9),
(1910, '21S', 9),
(1911, '22S', 9),
(1912, '23S', 9),
(1913, '24S', 9),
(1914, '1T', 9),
(1915, '2T', 9),
(1916, '3T', 9),
(1917, '4T', 9),
(1918, '5T', 9),
(1919, '6T', 9),
(1920, '7T', 9),
(1921, '8T', 9),
(1922, '9T', 9),
(1923, '10T', 9),
(1924, '11T', 9),
(1925, '12T', 9),
(1926, '13T', 9),
(1927, '14T', 9),
(1928, '15T', 9),
(1929, '16T', 9),
(1930, '17T', 9),
(1931, '18T', 9),
(1932, '19T', 9),
(1933, '20T', 9),
(1934, '21T', 9),
(1935, '22T', 9),
(1936, '23T', 9),
(1937, '24T', 9),
(1938, '1U', 9),
(1939, '2U', 9),
(1940, '3U', 9),
(1941, '4U', 9),
(1942, '5U', 9),
(1943, '6U', 9),
(1944, '7U', 9),
(1945, '8U', 9),
(1946, '9U', 9),
(1947, '10U', 9),
(1948, '11U', 9),
(1949, '12U', 9),
(1950, '13U', 9),
(1951, '14U', 9),
(1952, '15U', 9),
(1953, '16U', 9),
(1954, '17U', 9),
(1955, '18U', 9),
(1956, '19U', 9),
(1957, '20U', 9),
(1958, '21U', 9),
(1959, '22U', 9),
(1960, '23U', 9),
(1961, '24U', 9),
(1962, '1V', 9),
(1963, '2V', 9),
(1964, '3V', 9),
(1965, '4V', 9),
(1966, '5V', 9),
(1967, '6V', 9),
(1968, '7V', 9),
(1969, '8V', 9),
(1970, '9V', 9),
(1971, '10V', 9),
(1972, '11V', 9),
(1973, '12V', 9),
(1974, '13V', 9),
(1975, '14V', 9),
(1976, '15V', 9),
(1977, '16V', 9),
(1978, '17V', 9),
(1979, '18V', 9),
(1980, '19V', 9),
(1981, '20V', 9),
(1982, '21V', 9),
(1983, '22V', 9),
(1984, '23V', 9),
(1985, '24V', 9),
(1986, '1W', 9),
(1987, '2W', 9),
(1988, '3W', 9),
(1989, '4W', 9),
(1990, '5W', 9),
(1991, '6W', 9),
(1992, '7W', 9),
(1993, '8W', 9),
(1994, '9W', 9),
(1995, '10W', 9),
(1996, '11W', 9),
(1997, '12W', 9),
(1998, '13W', 9),
(1999, '14W', 9),
(2000, '15W', 9),
(2001, '16W', 9),
(2002, '17W', 9),
(2003, '18W', 9),
(2004, '19W', 9),
(2005, '20W', 9),
(2006, '21W', 9),
(2007, '22W', 9),
(2008, '23W', 9),
(2009, '24W', 9),
(2010, '1X', 9),
(2011, '2X', 9),
(2012, '3X', 9),
(2013, '4X', 9),
(2014, '5X', 9),
(2015, '6X', 9),
(2016, '7X', 9),
(2017, '8X', 9),
(2018, '9X', 9),
(2019, '10X', 9),
(2020, '11X', 9),
(2021, '12X', 9),
(2022, '13X', 9),
(2023, '14X', 9),
(2024, '15X', 9),
(2025, '16X', 9),
(2026, '17X', 9),
(2027, '18X', 9),
(2028, '19X', 9),
(2029, '20X', 9),
(2030, '21X', 9),
(2031, '22X', 9),
(2032, '23X', 9),
(2033, '24X', 9),
(2034, '1A', 10),
(2035, '2A', 10),
(2036, '3A', 10),
(2037, '4A', 10),
(2038, '5A', 10),
(2039, '6A', 10),
(2040, '7A', 10),
(2041, '8A', 10),
(2042, '9A', 10),
(2043, '10A', 10),
(2044, '11A', 10),
(2045, '12A', 10),
(2046, '13A', 10),
(2047, '14A', 10),
(2048, '15A', 10),
(2049, '16A', 10),
(2050, '17A', 10),
(2051, '18A', 10),
(2052, '19A', 10),
(2053, '20A', 10),
(2054, '21A', 10),
(2055, '22A', 10),
(2056, '23A', 10),
(2057, '24A', 10),
(2058, '1B', 10),
(2059, '2B', 10),
(2060, '3B', 10),
(2061, '4B', 10),
(2062, '5B', 10),
(2063, '6B', 10),
(2064, '7B', 10),
(2065, '8B', 10),
(2066, '9B', 10),
(2067, '10B', 10),
(2068, '11B', 10),
(2069, '12B', 10),
(2070, '13B', 10),
(2071, '14B', 10),
(2072, '15B', 10),
(2073, '16B', 10),
(2074, '17B', 10),
(2075, '18B', 10),
(2076, '19B', 10),
(2077, '20B', 10),
(2078, '21B', 10),
(2079, '22B', 10),
(2080, '23B', 10),
(2081, '24B', 10),
(2082, '1C', 10),
(2083, '2C', 10),
(2084, '3C', 10),
(2085, '4C', 10),
(2086, '5C', 10),
(2087, '6C', 10),
(2088, '7C', 10),
(2089, '8C', 10),
(2090, '9C', 10),
(2091, '10C', 10),
(2092, '11C', 10),
(2093, '12C', 10),
(2094, '13C', 10),
(2095, '14C', 10),
(2096, '15C', 10),
(2097, '16C', 10),
(2098, '17C', 10),
(2099, '18C', 10),
(2100, '19C', 10),
(2101, '20C', 10),
(2102, '21C', 10),
(2103, '22C', 10),
(2104, '23C', 10),
(2105, '24C', 10),
(2106, '1D', 10),
(2107, '2D', 10),
(2108, '3D', 10),
(2109, '4D', 10),
(2110, '5D', 10),
(2111, '6D', 10),
(2112, '7D', 10),
(2113, '8D', 10),
(2114, '9D', 10),
(2115, '10D', 10),
(2116, '11D', 10),
(2117, '12D', 10),
(2118, '13D', 10),
(2119, '14D', 10),
(2120, '15D', 10),
(2121, '16D', 10),
(2122, '17D', 10),
(2123, '18D', 10),
(2124, '19D', 10),
(2125, '20D', 10),
(2126, '21D', 10),
(2127, '22D', 10),
(2128, '23D', 10),
(2129, '24D', 10),
(2130, '1E', 10),
(2131, '2E', 10),
(2132, '3E', 10),
(2133, '4E', 10),
(2134, '5E', 10),
(2135, '6E', 10),
(2136, '7E', 10),
(2137, '8E', 10),
(2138, '9E', 10),
(2139, '10E', 10),
(2140, '11E', 10),
(2141, '12E', 10),
(2142, '13E', 10),
(2143, '14E', 10),
(2144, '15E', 10),
(2145, '16E', 10),
(2146, '17E', 10),
(2147, '18E', 10),
(2148, '19E', 10),
(2149, '20E', 10),
(2150, '21E', 10),
(2151, '22E', 10),
(2152, '23E', 10),
(2153, '24E', 10),
(2154, '1F', 10),
(2155, '2F', 10),
(2156, '3F', 10),
(2157, '4F', 10),
(2158, '5F', 10),
(2159, '6F', 10),
(2160, '7F', 10),
(2161, '8F', 10),
(2162, '9F', 10),
(2163, '10F', 10),
(2164, '11F', 10),
(2165, '12F', 10),
(2166, '13F', 10),
(2167, '14F', 10),
(2168, '15F', 10),
(2169, '16F', 10),
(2170, '17F', 10),
(2171, '18F', 10),
(2172, '19F', 10),
(2173, '20F', 10),
(2174, '21F', 10),
(2175, '22F', 10),
(2176, '23F', 10),
(2177, '24F', 10),
(2178, '1G', 10),
(2179, '2G', 10),
(2180, '3G', 10),
(2181, '4G', 10),
(2182, '5G', 10),
(2183, '6G', 10),
(2184, '7G', 10),
(2185, '8G', 10),
(2186, '9G', 10),
(2187, '10G', 10),
(2188, '11G', 10),
(2189, '12G', 10),
(2190, '13G', 10),
(2191, '14G', 10),
(2192, '15G', 10),
(2193, '16G', 10),
(2194, '17G', 10),
(2195, '18G', 10),
(2196, '19G', 10),
(2197, '20G', 10),
(2198, '21G', 10),
(2199, '22G', 10),
(2200, '23G', 10),
(2201, '24G', 10),
(2202, '1H', 10),
(2203, '2H', 10),
(2204, '3H', 10),
(2205, '4H', 10),
(2206, '5H', 10),
(2207, '6H', 10),
(2208, '7H', 10),
(2209, '8H', 10),
(2210, '9H', 10),
(2211, '10H', 10),
(2212, '11H', 10),
(2213, '12H', 10),
(2214, '13H', 10),
(2215, '14H', 10),
(2216, '15H', 10),
(2217, '16H', 10),
(2218, '17H', 10),
(2219, '18H', 10),
(2220, '19H', 10),
(2221, '20H', 10),
(2222, '21H', 10),
(2223, '22H', 10),
(2224, '23H', 10),
(2225, '24H', 10),
(2226, '1I', 10),
(2227, '2I', 10),
(2228, '3I', 10),
(2229, '4I', 10),
(2230, '5I', 10),
(2231, '6I', 10),
(2232, '7I', 10),
(2233, '8I', 10),
(2234, '9I', 10),
(2235, '10I', 10),
(2236, '11I', 10),
(2237, '12I', 10),
(2238, '13I', 10),
(2239, '14I', 10),
(2240, '15I', 10),
(2241, '16I', 10),
(2242, '17I', 10),
(2243, '18I', 10),
(2244, '19I', 10),
(2245, '20I', 10),
(2246, '21I', 10),
(2247, '22I', 10),
(2248, '23I', 10),
(2249, '24I', 10),
(2250, '1J', 10),
(2251, '2J', 10),
(2252, '3J', 10),
(2253, '4J', 10),
(2254, '5J', 10),
(2255, '6J', 10),
(2256, '7J', 10),
(2257, '8J', 10),
(2258, '9J', 10),
(2259, '10J', 10),
(2260, '11J', 10),
(2261, '12J', 10),
(2262, '13J', 10),
(2263, '14J', 10),
(2264, '15J', 10),
(2265, '16J', 10),
(2266, '17J', 10),
(2267, '18J', 10),
(2268, '19J', 10),
(2269, '20J', 10),
(2270, '21J', 10),
(2271, '22J', 10),
(2272, '23J', 10),
(2273, '24J', 10),
(2274, '1K', 10),
(2275, '2K', 10),
(2276, '3K', 10),
(2277, '4K', 10),
(2278, '5K', 10),
(2279, '6K', 10),
(2280, '7K', 10),
(2281, '8K', 10),
(2282, '9K', 10),
(2283, '10K', 10),
(2284, '11K', 10),
(2285, '12K', 10),
(2286, '13K', 10),
(2287, '14K', 10),
(2288, '15K', 10),
(2289, '16K', 10),
(2290, '17K', 10),
(2291, '18K', 10),
(2292, '19K', 10),
(2293, '20K', 10),
(2294, '21K', 10),
(2295, '22K', 10),
(2296, '23K', 10),
(2297, '24K', 10),
(2298, '1L', 10),
(2299, '2L', 10),
(2300, '3L', 10),
(2301, '4L', 10),
(2302, '5L', 10),
(2303, '6L', 10),
(2304, '7L', 10),
(2305, '8L', 10),
(2306, '9L', 10),
(2307, '10L', 10),
(2308, '11L', 10),
(2309, '12L', 10),
(2310, '13L', 10),
(2311, '14L', 10),
(2312, '15L', 10),
(2313, '16L', 10),
(2314, '17L', 10),
(2315, '18L', 10),
(2316, '19L', 10),
(2317, '20L', 10),
(2318, '21L', 10),
(2319, '22L', 10),
(2320, '23L', 10),
(2321, '24L', 10),
(2322, '1M', 10),
(2323, '2M', 10),
(2324, '3M', 10),
(2325, '4M', 10),
(2326, '5M', 10),
(2327, '6M', 10),
(2328, '7M', 10),
(2329, '8M', 10),
(2330, '9M', 10),
(2331, '10M', 10),
(2332, '11M', 10),
(2333, '12M', 10),
(2334, '13M', 10),
(2335, '14M', 10),
(2336, '15M', 10),
(2337, '16M', 10),
(2338, '17M', 10),
(2339, '18M', 10),
(2340, '19M', 10),
(2341, '20M', 10),
(2342, '21M', 10),
(2343, '22M', 10),
(2344, '23M', 10),
(2345, '24M', 10),
(2346, '1N', 10),
(2347, '2N', 10),
(2348, '3N', 10),
(2349, '4N', 10),
(2350, '5N', 10),
(2351, '6N', 10),
(2352, '7N', 10),
(2353, '8N', 10),
(2354, '9N', 10),
(2355, '10N', 10),
(2356, '11N', 10),
(2357, '12N', 10),
(2358, '13N', 10),
(2359, '14N', 10),
(2360, '15N', 10),
(2361, '16N', 10),
(2362, '17N', 10),
(2363, '18N', 10),
(2364, '19N', 10),
(2365, '20N', 10),
(2366, '21N', 10),
(2367, '22N', 10),
(2368, '23N', 10),
(2369, '24N', 10),
(2370, '1O', 10),
(2371, '2O', 10),
(2372, '3O', 10),
(2373, '4O', 10),
(2374, '5O', 10),
(2375, '6O', 10),
(2376, '7O', 10),
(2377, '8O', 10),
(2378, '9O', 10),
(2379, '10O', 10),
(2380, '11O', 10),
(2381, '12O', 10),
(2382, '13O', 10),
(2383, '14O', 10),
(2384, '15O', 10),
(2385, '16O', 10),
(2386, '17O', 10),
(2387, '18O', 10),
(2388, '19O', 10),
(2389, '20O', 10),
(2390, '21O', 10),
(2391, '22O', 10),
(2392, '23O', 10),
(2393, '24O', 10),
(2394, '1P', 10),
(2395, '2P', 10),
(2396, '3P', 10),
(2397, '4P', 10),
(2398, '5P', 10),
(2399, '6P', 10),
(2400, '7P', 10),
(2401, '8P', 10),
(2402, '9P', 10),
(2403, '10P', 10),
(2404, '11P', 10),
(2405, '12P', 10),
(2406, '13P', 10),
(2407, '14P', 10),
(2408, '15P', 10),
(2409, '16P', 10),
(2410, '17P', 10),
(2411, '18P', 10),
(2412, '19P', 10),
(2413, '20P', 10),
(2414, '21P', 10),
(2415, '22P', 10),
(2416, '23P', 10),
(2417, '24P', 10),
(2418, '1Q', 10),
(2419, '2Q', 10),
(2420, '3Q', 10),
(2421, '4Q', 10),
(2422, '5Q', 10),
(2423, '6Q', 10),
(2424, '7Q', 10),
(2425, '8Q', 10),
(2426, '9Q', 10),
(2427, '10Q', 10),
(2428, '11Q', 10),
(2429, '12Q', 10),
(2430, '13Q', 10),
(2431, '14Q', 10),
(2432, '15Q', 10),
(2433, '16Q', 10),
(2434, '17Q', 10),
(2435, '18Q', 10),
(2436, '19Q', 10),
(2437, '20Q', 10),
(2438, '21Q', 10),
(2439, '22Q', 10),
(2440, '23Q', 10),
(2441, '24Q', 10),
(2442, '1R', 10),
(2443, '2R', 10),
(2444, '3R', 10),
(2445, '4R', 10),
(2446, '5R', 10),
(2447, '6R', 10),
(2448, '7R', 10),
(2449, '8R', 10),
(2450, '9R', 10),
(2451, '10R', 10),
(2452, '11R', 10),
(2453, '12R', 10),
(2454, '13R', 10),
(2455, '14R', 10),
(2456, '15R', 10),
(2457, '16R', 10),
(2458, '17R', 10),
(2459, '18R', 10),
(2460, '19R', 10),
(2461, '20R', 10),
(2462, '21R', 10),
(2463, '22R', 10),
(2464, '23R', 10),
(2465, '24R', 10),
(2466, '1S', 10),
(2467, '2S', 10),
(2468, '3S', 10),
(2469, '4S', 10),
(2470, '5S', 10),
(2471, '6S', 10),
(2472, '7S', 10),
(2473, '8S', 10),
(2474, '9S', 10),
(2475, '10S', 10),
(2476, '11S', 10),
(2477, '12S', 10),
(2478, '13S', 10),
(2479, '14S', 10),
(2480, '15S', 10),
(2481, '16S', 10),
(2482, '17S', 10),
(2483, '18S', 10),
(2484, '19S', 10),
(2485, '20S', 10),
(2486, '21S', 10),
(2487, '22S', 10),
(2488, '23S', 10),
(2489, '24S', 10),
(2490, '1T', 10),
(2491, '2T', 10),
(2492, '3T', 10),
(2493, '4T', 10),
(2494, '5T', 10),
(2495, '6T', 10),
(2496, '7T', 10),
(2497, '8T', 10),
(2498, '9T', 10),
(2499, '10T', 10),
(2500, '11T', 10),
(2501, '12T', 10),
(2502, '13T', 10),
(2503, '14T', 10),
(2504, '15T', 10),
(2505, '16T', 10),
(2506, '17T', 10),
(2507, '18T', 10),
(2508, '19T', 10),
(2509, '20T', 10),
(2510, '21T', 10),
(2511, '22T', 10),
(2512, '23T', 10),
(2513, '24T', 10),
(2514, '1U', 10),
(2515, '2U', 10),
(2516, '3U', 10),
(2517, '4U', 10),
(2518, '5U', 10),
(2519, '6U', 10),
(2520, '7U', 10),
(2521, '8U', 10),
(2522, '9U', 10),
(2523, '10U', 10),
(2524, '11U', 10),
(2525, '12U', 10),
(2526, '13U', 10),
(2527, '14U', 10),
(2528, '15U', 10),
(2529, '16U', 10),
(2530, '17U', 10),
(2531, '18U', 10),
(2532, '19U', 10),
(2533, '20U', 10),
(2534, '21U', 10),
(2535, '22U', 10),
(2536, '23U', 10),
(2537, '24U', 10),
(2538, '1V', 10),
(2539, '2V', 10),
(2540, '3V', 10),
(2541, '4V', 10),
(2542, '5V', 10),
(2543, '6V', 10),
(2544, '7V', 10),
(2545, '8V', 10),
(2546, '9V', 10),
(2547, '10V', 10),
(2548, '11V', 10),
(2549, '12V', 10),
(2550, '13V', 10),
(2551, '14V', 10),
(2552, '15V', 10),
(2553, '16V', 10),
(2554, '17V', 10),
(2555, '18V', 10),
(2556, '19V', 10),
(2557, '20V', 10),
(2558, '21V', 10),
(2559, '22V', 10),
(2560, '23V', 10),
(2561, '24V', 10),
(2562, '1W', 10),
(2563, '2W', 10),
(2564, '3W', 10),
(2565, '4W', 10),
(2566, '5W', 10),
(2567, '6W', 10),
(2568, '7W', 10),
(2569, '8W', 10),
(2570, '9W', 10),
(2571, '10W', 10),
(2572, '11W', 10),
(2573, '12W', 10),
(2574, '13W', 10),
(2575, '14W', 10),
(2576, '15W', 10),
(2577, '16W', 10),
(2578, '17W', 10),
(2579, '18W', 10),
(2580, '19W', 10),
(2581, '20W', 10),
(2582, '21W', 10),
(2583, '22W', 10),
(2584, '23W', 10),
(2585, '24W', 10),
(2586, '1X', 10),
(2587, '2X', 10),
(2588, '3X', 10),
(2589, '4X', 10),
(2590, '5X', 10),
(2591, '6X', 10),
(2592, '7X', 10),
(2593, '8X', 10),
(2594, '9X', 10),
(2595, '10X', 10),
(2596, '11X', 10),
(2597, '12X', 10),
(2598, '13X', 10),
(2599, '14X', 10),
(2600, '15X', 10),
(2601, '16X', 10),
(2602, '17X', 10),
(2603, '18X', 10),
(2604, '19X', 10),
(2605, '20X', 10),
(2606, '21X', 10),
(2607, '22X', 10),
(2608, '23X', 10),
(2609, '24X', 10);

-- --------------------------------------------------------

--
-- Table structure for table `ticket_receiving`
--

CREATE TABLE `ticket_receiving` (
  `Ticket_Receiving_ID` int(10) NOT NULL,
  `Ticket_Receiving_Name` varchar(128) NOT NULL,
  `Ticket_Receiving_Detail` text NOT NULL,
  `Ticket_Receiving_Fee` float NOT NULL
) ENGINE=InnoDB DEFAULT CHARSET=utf8;

--
-- Dumping data for table `ticket_receiving`
--

INSERT INTO `ticket_receiving` (`Ticket_Receiving_ID`, `Ticket_Receiving_Name`, `Ticket_Receiving_Detail`, `Ticket_Receiving_Fee`) VALUES
(1, 'EMS', '123', 100);

-- --------------------------------------------------------

--
-- Table structure for table `venue`
--

CREATE TABLE `venue` (
  `Venue_ID` int(10) NOT NULL,
  `Venue_Name` varchar(64) NOT NULL,
  `Venue_Address` varchar(256) NOT NULL,
  `Venue_EmailAddress` varchar(64) NOT NULL,
  `Venue_PhoneNumber` varchar(15) NOT NULL,
  `Venue_SeatingCapacity` int(10) NOT NULL,
  `Venue_Detail` varchar(10000) NOT NULL,
  `Venue_Image` varchar(10000) NOT NULL
) ENGINE=InnoDB DEFAULT CHARSET=utf8;

--
-- Dumping data for table `venue`
--

INSERT INTO `venue` (`Venue_ID`, `Venue_Name`, `Venue_Address`, `Venue_EmailAddress`, `Venue_PhoneNumber`, `Venue_SeatingCapacity`, `Venue_Detail`, `Venue_Image`) VALUES
(1, 'Impact', 'BEC', 'impact@gmail.com', '0831349171', 100000, '', ''),
(2, 'Comcamp', 'Yosemite', 'test.terrific@gmail.com', '213213', 1000, '', ''),
(3, 'Thunder', 'qwrq', 'ad@g', 'qwrqw', 12389, 'wqeqwrq', 'https://images.unsplash.com/photo-1556472565-3750fbd10aa2?ixlib=rb-1.2.1&ixid=eyJhcHBfaWQiOjEyMDd9&auto=format&fit=crop&w=966&q=80>                        </div>                    </div>                <div class=');

-- --------------------------------------------------------

--
-- Table structure for table `zone`
--

CREATE TABLE `zone` (
  `Zone_ID` int(10) NOT NULL,
  `Zone_Name` varchar(64) NOT NULL,
  `Zone_Type` varchar(64) NOT NULL,
  `Zone_Price` int(10) NOT NULL,
  `Zone_Capacity` int(10) NOT NULL,
  `Concert_ShowTime_ID` int(10) NOT NULL
) ENGINE=InnoDB DEFAULT CHARSET=utf8;

--
-- Dumping data for table `zone`
--

INSERT INTO `zone` (`Zone_ID`, `Zone_Name`, `Zone_Type`, `Zone_Price`, `Zone_Capacity`, `Concert_ShowTime_ID`) VALUES
(4, 'A', 'Standing', 1000, 100, 9),
(5, 'B', 'Seating', 2000, 18, 9),
(6, 'C', 'Seating', 3000, 7, 9),
(7, '', 'Seating', 0, 576, 9),
(8, 'D', 'Seating', 4000, 576, 9),
(9, 'A', 'Seating', 10000, 576, 12),
(10, 'A', 'Seating', 2000, 576, 16);

--
-- Indexes for dumped tables
--

--
-- Indexes for table `admin`
--
ALTER TABLE `admin`
  ADD PRIMARY KEY (`Username`);

--
-- Indexes for table `artist`
--
ALTER TABLE `artist`
  ADD PRIMARY KEY (`Artist_ID`),
  ADD KEY `artist_ibfk_1` (`Record_Label_ID`);

--
-- Indexes for table `booked_seat`
--
ALTER TABLE `booked_seat`
  ADD PRIMARY KEY (`Booked_Seat_ID`),
  ADD KEY `booked_seat_ibfk_2` (`Booking_ID`),
  ADD KEY `booked_seat_ibfk_3` (`Seat_ID`),
  ADD KEY `booked_seat_ibfk_1` (`Concert_ShowTime_ID`);

--
-- Indexes for table `booking`
--
ALTER TABLE `booking`
  ADD PRIMARY KEY (`Booking_ID`),
  ADD KEY `booking_ibfk_1` (`Member_Username`),
  ADD KEY `booking_ibfk_2` (`Concert_ShowTime_ID`),
  ADD KEY `booking_ibfk_3` (`Ticket_Receiving_ID`),
  ADD KEY `booking_ibfk_4` (`Payment_ID`),
  ADD KEY `booking_ibfk_5` (`Promotion_ID`);

--
-- Indexes for table `concert`
--
ALTER TABLE `concert`
  ADD PRIMARY KEY (`Concert_ID`),
  ADD KEY `Venue_ID` (`Venue_ID`);

--
-- Indexes for table `concert_artist`
--
ALTER TABLE `concert_artist`
  ADD PRIMARY KEY (`Concert_Artist_ID`),
  ADD KEY `concert_artist_ibfk_1` (`Artist_ID`),
  ADD KEY `concert_artist_ibfk_2` (`Concert_ID`);

--
-- Indexes for table `concert_showtime`
--
ALTER TABLE `concert_showtime`
  ADD PRIMARY KEY (`Concert_ShowTime_ID`),
  ADD KEY `concert_showtime_ibfk_1` (`Concert_ID`);

--
-- Indexes for table `member`
--
ALTER TABLE `member`
  ADD PRIMARY KEY (`Member_Username`),
  ADD KEY `member_ibfk_1` (`MemberType_ID`);

--
-- Indexes for table `membertype`
--
ALTER TABLE `membertype`
  ADD PRIMARY KEY (`MemberType_ID`);

--
-- Indexes for table `member_promotion`
--
ALTER TABLE `member_promotion`
  ADD PRIMARY KEY (`Member_Promotion_ID`),
  ADD KEY `member_promotion_ibfk_1` (`Promotion_ID`),
  ADD KEY `member_promotion_ibfk_2` (`MemberType_ID`);

--
-- Indexes for table `payment`
--
ALTER TABLE `payment`
  ADD PRIMARY KEY (`Payment_ID`);

--
-- Indexes for table `promotion`
--
ALTER TABLE `promotion`
  ADD PRIMARY KEY (`Promotion_ID`),
  ADD KEY `promotion_ibfk_1` (`Concert_ID`);

--
-- Indexes for table `record_label`
--
ALTER TABLE `record_label`
  ADD PRIMARY KEY (`Record_Label_ID`);

--
-- Indexes for table `seat`
--
ALTER TABLE `seat`
  ADD PRIMARY KEY (`Seat_ID`),
  ADD KEY `seat_ibfk_1` (`Zone_ID`);

--
-- Indexes for table `ticket_receiving`
--
ALTER TABLE `ticket_receiving`
  ADD PRIMARY KEY (`Ticket_Receiving_ID`);

--
-- Indexes for table `venue`
--
ALTER TABLE `venue`
  ADD PRIMARY KEY (`Venue_ID`);

--
-- Indexes for table `zone`
--
ALTER TABLE `zone`
  ADD PRIMARY KEY (`Zone_ID`),
  ADD KEY `zone_ibfk_1` (`Concert_ShowTime_ID`);

--
-- AUTO_INCREMENT for dumped tables
--

--
-- AUTO_INCREMENT for table `artist`
--
ALTER TABLE `artist`
  MODIFY `Artist_ID` int(10) NOT NULL AUTO_INCREMENT, AUTO_INCREMENT=4;

--
-- AUTO_INCREMENT for table `booked_seat`
--
ALTER TABLE `booked_seat`
  MODIFY `Booked_Seat_ID` int(10) NOT NULL AUTO_INCREMENT, AUTO_INCREMENT=91;

--
-- AUTO_INCREMENT for table `booking`
--
ALTER TABLE `booking`
  MODIFY `Booking_ID` int(10) NOT NULL AUTO_INCREMENT, AUTO_INCREMENT=85;

--
-- AUTO_INCREMENT for table `concert`
--
ALTER TABLE `concert`
  MODIFY `Concert_ID` int(10) NOT NULL AUTO_INCREMENT, AUTO_INCREMENT=17;

--
-- AUTO_INCREMENT for table `concert_artist`
--
ALTER TABLE `concert_artist`
  MODIFY `Concert_Artist_ID` int(10) NOT NULL AUTO_INCREMENT, AUTO_INCREMENT=8;

--
-- AUTO_INCREMENT for table `concert_showtime`
--
ALTER TABLE `concert_showtime`
  MODIFY `Concert_ShowTime_ID` int(10) NOT NULL AUTO_INCREMENT, AUTO_INCREMENT=17;

--
-- AUTO_INCREMENT for table `membertype`
--
ALTER TABLE `membertype`
  MODIFY `MemberType_ID` int(10) NOT NULL AUTO_INCREMENT, AUTO_INCREMENT=3;

--
-- AUTO_INCREMENT for table `member_promotion`
--
ALTER TABLE `member_promotion`
  MODIFY `Member_Promotion_ID` int(10) NOT NULL AUTO_INCREMENT, AUTO_INCREMENT=4;

--
-- AUTO_INCREMENT for table `payment`
--
ALTER TABLE `payment`
  MODIFY `Payment_ID` int(10) NOT NULL AUTO_INCREMENT, AUTO_INCREMENT=2;

--
-- AUTO_INCREMENT for table `promotion`
--
ALTER TABLE `promotion`
  MODIFY `Promotion_ID` int(10) NOT NULL AUTO_INCREMENT, AUTO_INCREMENT=10;

--
-- AUTO_INCREMENT for table `record_label`
--
ALTER TABLE `record_label`
  MODIFY `Record_Label_ID` int(10) NOT NULL AUTO_INCREMENT, AUTO_INCREMENT=2;

--
-- AUTO_INCREMENT for table `seat`
--
ALTER TABLE `seat`
  MODIFY `Seat_ID` int(10) NOT NULL AUTO_INCREMENT, AUTO_INCREMENT=2610;

--
-- AUTO_INCREMENT for table `ticket_receiving`
--
ALTER TABLE `ticket_receiving`
  MODIFY `Ticket_Receiving_ID` int(10) NOT NULL AUTO_INCREMENT, AUTO_INCREMENT=2;

--
-- AUTO_INCREMENT for table `venue`
--
ALTER TABLE `venue`
  MODIFY `Venue_ID` int(10) NOT NULL AUTO_INCREMENT, AUTO_INCREMENT=4;

--
-- AUTO_INCREMENT for table `zone`
--
ALTER TABLE `zone`
  MODIFY `Zone_ID` int(10) NOT NULL AUTO_INCREMENT, AUTO_INCREMENT=11;

--
-- Constraints for dumped tables
--

--
-- Constraints for table `artist`
--
ALTER TABLE `artist`
  ADD CONSTRAINT `artist_ibfk_1` FOREIGN KEY (`Record_Label_ID`) REFERENCES `record_label` (`Record_Label_ID`) ON UPDATE CASCADE;

--
-- Constraints for table `booked_seat`
--
ALTER TABLE `booked_seat`
  ADD CONSTRAINT `booked_seat_ibfk_1` FOREIGN KEY (`Concert_ShowTime_ID`) REFERENCES `concert_showtime` (`Concert_ShowTime_ID`) ON UPDATE CASCADE,
  ADD CONSTRAINT `booked_seat_ibfk_2` FOREIGN KEY (`Booking_ID`) REFERENCES `booking` (`Booking_ID`) ON UPDATE CASCADE,
  ADD CONSTRAINT `booked_seat_ibfk_3` FOREIGN KEY (`Seat_ID`) REFERENCES `seat` (`Seat_ID`) ON UPDATE CASCADE;

--
-- Constraints for table `booking`
--
ALTER TABLE `booking`
  ADD CONSTRAINT `booking_ibfk_1` FOREIGN KEY (`Member_Username`) REFERENCES `member` (`Member_Username`) ON UPDATE CASCADE,
  ADD CONSTRAINT `booking_ibfk_2` FOREIGN KEY (`Concert_ShowTime_ID`) REFERENCES `concert_showtime` (`Concert_ShowTime_ID`) ON UPDATE CASCADE,
  ADD CONSTRAINT `booking_ibfk_3` FOREIGN KEY (`Ticket_Receiving_ID`) REFERENCES `ticket_receiving` (`Ticket_Receiving_ID`) ON UPDATE CASCADE,
  ADD CONSTRAINT `booking_ibfk_4` FOREIGN KEY (`Payment_ID`) REFERENCES `payment` (`Payment_ID`) ON UPDATE CASCADE,
  ADD CONSTRAINT `booking_ibfk_5` FOREIGN KEY (`Promotion_ID`) REFERENCES `promotion` (`Promotion_ID`) ON UPDATE CASCADE;

--
-- Constraints for table `concert`
--
ALTER TABLE `concert`
  ADD CONSTRAINT `concert_ibfk_1` FOREIGN KEY (`Venue_ID`) REFERENCES `venue` (`Venue_ID`) ON UPDATE CASCADE;

--
-- Constraints for table `concert_artist`
--
ALTER TABLE `concert_artist`
  ADD CONSTRAINT `concert_artist_ibfk_1` FOREIGN KEY (`Artist_ID`) REFERENCES `artist` (`Artist_ID`) ON UPDATE CASCADE,
  ADD CONSTRAINT `concert_artist_ibfk_2` FOREIGN KEY (`Concert_ID`) REFERENCES `concert` (`Concert_ID`) ON UPDATE CASCADE;

--
-- Constraints for table `concert_showtime`
--
ALTER TABLE `concert_showtime`
  ADD CONSTRAINT `concert_showtime_ibfk_1` FOREIGN KEY (`Concert_ID`) REFERENCES `concert` (`Concert_ID`) ON UPDATE CASCADE;

--
-- Constraints for table `member`
--
ALTER TABLE `member`
  ADD CONSTRAINT `member_ibfk_1` FOREIGN KEY (`MemberType_ID`) REFERENCES `membertype` (`MemberType_ID`) ON UPDATE CASCADE;

--
-- Constraints for table `member_promotion`
--
ALTER TABLE `member_promotion`
  ADD CONSTRAINT `member_promotion_ibfk_1` FOREIGN KEY (`Promotion_ID`) REFERENCES `promotion` (`Promotion_ID`) ON UPDATE CASCADE,
  ADD CONSTRAINT `member_promotion_ibfk_2` FOREIGN KEY (`MemberType_ID`) REFERENCES `membertype` (`MemberType_ID`) ON UPDATE CASCADE;

--
-- Constraints for table `promotion`
--
ALTER TABLE `promotion`
  ADD CONSTRAINT `promotion_ibfk_1` FOREIGN KEY (`Concert_ID`) REFERENCES `concert` (`Concert_ID`) ON DELETE CASCADE ON UPDATE CASCADE;

--
-- Constraints for table `seat`
--
ALTER TABLE `seat`
  ADD CONSTRAINT `seat_ibfk_1` FOREIGN KEY (`Zone_ID`) REFERENCES `zone` (`Zone_ID`) ON DELETE CASCADE ON UPDATE CASCADE;

--
-- Constraints for table `zone`
--
ALTER TABLE `zone`
  ADD CONSTRAINT `zone_ibfk_1` FOREIGN KEY (`Concert_ShowTime_ID`) REFERENCES `concert_showtime` (`Concert_ShowTime_ID`) ON DELETE CASCADE ON UPDATE CASCADE;
COMMIT;

/*!40101 SET CHARACTER_SET_CLIENT=@OLD_CHARACTER_SET_CLIENT */;
/*!40101 SET CHARACTER_SET_RESULTS=@OLD_CHARACTER_SET_RESULTS */;
/*!40101 SET COLLATION_CONNECTION=@OLD_COLLATION_CONNECTION */;
